id,role,title,organization,department,city,state,description,posted_date,close_date,job_grade,salary_min,salary_max,employment_type,is_remote
878766100,data analyst,DATA MANAGEMENT ANALYST,Defense Information Systems Agency,Department of Defense,Fort Meade,Maryland,"This position for The Defense Information Systems Agency is at Fort Meade, Maryland . **This Job Opportunity Announcement is using an additional online assessment tool to evaluate applicants. Please review the HOW YOU WILL BE EVALUATED, REQUIRED DOCUMENTS, HOW TO APPLY and NEXT STEPS sections below for instructions.",2026-07-31,2026-08-07,GS,85447.0,111087.0,Full-Time,False
878826100,data scientist,OPERATIONS RESEARCH ANALYST (DATA SCIENTIST),Defense Human Resources Activity,Department of Defense,Alexandria,Virginia,"This position is part of the Defense Human Resources Activity, Defense Human Resources Activity. Defense Human Resources Agency's mission is to provide program support, information management, and administrative services to the DoD Components on human resource matters and to collect, archive, and provide management information, research, and analysis of human resources and other related functional area databases for the DoD.",2026-07-31,2026-08-17,GS,102415.0,133142.0,Full-Time,False
759326100,data engineer,Data Engineer,Central Intelligence Agency,Other Agencies and Independent Organizations,Washington,District of Columbia,"DDI Data Engineers solve critical data challenges by building optimal data pipelines, analyzing and transforming data, and delivering data to systems to advance CIA's intelligence mission.",2025-10-01,2026-09-30,GS,74584.0,156755.0,Full-Time,False
878355900,data engineer,Data Engineer,Consumer Product Safety Commission,Other Agencies and Independent Organizations,Bethesda,Maryland,"As a Data Engineer in CPSC's Analytics Center of Excellence, your work strengthens evidence-based decision-making and supports the agency's mission to protect the public from unsafe products. The Data Engineer will design, develop, and optimize scalable data pipelines and services that power advanced analytics and machine learning solutions. The work that you do ensures that data is reliable, accessible, and ready for downstream use by data scientists, analysts, and AI/ML systems.",2026-07-28,2026-08-07,GS,85447.0,133142.0,Full-Time,False
856629100,data scientist,Data Scientist,Social Security Administration,Other Agencies and Independent Organizations,Woodlawn,Maryland,"IT Specialist (Data Scientist) positions are being filled through the Office of Personnel Management's delegated Direct Hire Authority, open to all U.S. citizens. Selections made under this bulletin will be processed as new appointments to the civil service. Current civil service employees would, therefore, be given new appointments to the civil service. Under the provisions of the Direct Hire Authority, Veterans Preference and the ""Rule of Many"" do not apply.",2026-02-06,2026-08-05,GS,143913.0,187093.0,Full-Time,False
877700100,data scientist,Data Scientist,ARMY TRANSPORTATION,Department of the Army,Scott AFB,Illinois,"This is a Direct Hire Authority (DHA) solicitation utilizing the DHA for STEM Positions, Cyber Security & Related Positions to recruit and appoint qualified candidates to positions in the competitive service. About the Position: Serves as a Data Scientist and technical expert responsible for the application of operations research and advanced data analysis techniques to identify the methods, processes, algorithms, tools, and systems to extract and interpret findings to help optimize programs.",2026-07-23,2026-08-03,GS,109137.0,141880.0,Full-Time,False
877700300,data scientist,Data Scientist,ARMY TRANSPORTATION,Department of the Army,Scott AFB,Illinois,"About the Position: Serves as a Data Scientist and technical expert responsible for the application of operations research and advanced data analysis techniques to identify the methods, processes, algorithms, tools, and systems to extract and interpret findings to help optimize programs.",2026-07-23,2026-08-03,GS,109137.0,141880.0,Full-Time,False
877827700,data scientist,Data Scientist,Federal Aviation Administration,Department of Transportation,Washington,District of Columbia,"The Data Scientist serves within the Office of Financial and Labor Analysis directorate. The position acts as technical specialist, member of a team or project manager/team lead for larger work activities. The position involves analyzing, researching and studying employment levels, scheduling, and workforce planning to support financial analysis initiatives to include, Workforce Planning, Financial and Economic Modeling, Workforce Productivity and Efficiency Measurement, and Research.",2026-07-24,2026-08-03,FV,127898.0,198281.0,Full-Time,False
878148300,data scientist,Data Scientist,Department of State - Agency Wide,Department of State,Washington,District of Columbia,"This position is located in the Management Support Unit, Directorate of Overseas Citizens Services (OCS), Bureau of Consular Affairs (CA), U.S. Department of State. The broad mission of OCS is to develop policies, procedures, and programs that provide guidance and direction to Foreign Service posts on the provision of emergency and non-emergency services to U.S. citizens abroad. Monitors critical global issues and developments having a potential impact on U.S. foreign policy.",2026-07-28,2026-08-10,GS,143913.0,187093.0,Full-Time,False
877825300,data analyst,SUPERVISORY PROGRAM ANALYST (TOA DATA CONFIGURATION MGMT),Naval Facilities Engineering Systems Command,Department of the Navy,Washington Navy Yard,District of Columbia,"You will serve as a SUPERVISORY PROGRAM ANALYST (TOA DATA CONFIGURATION MGMT) in the Table of Allowance (TOA) Requirements Division, Expeditionary Business Line (EXBL) of NAVFAC OSF.",2026-07-24,2026-08-03,GS,143913.0,187093.0,Full-Time,False
877512900,data engineer,Senior Data Engineer,Consumer Product Safety Commission,Other Agencies and Independent Organizations,Bethesda,Maryland,"As a Senior Data Engineer in CPSC's Analytics Center of Excellence, you'll design, build, and maintain the data pipelines and infrastructure that allow CPSC to collect, process, and leverage high-quality data for analytics and operational needs. You will ensure data is reliable, accessible, and optimized for downstream use by data scientists, analysts, and AI/ML systems that drive policy, modernization, and safety decisions.",2026-07-22,2026-08-03,GS,143913.0,187093.0,Full-Time,False
859907200,data analyst,Data Solutions Developer,Social Security Administration,Other Agencies and Independent Organizations,Woodlawn,Maryland,"IT Specialist positions are being filled through the Office of Personnel Management's delegated Direct Hire Authority, open to all U.S. citizens. Selections made under this bulletin will be processed as new appointments to the civil service. Current civil service employees would, therefore, be given new appointments to the civil service. Under the provisions of the Direct Hire Authority, Veterans Preference and the ""Rule of Many"" do not apply.",2026-03-05,2026-09-30,GS,143913.0,187093.0,Full-Time,False
877531700,data specialist,AIRCRAFT DATA SPECIALIST,Naval Air Systems Command,Department of the Navy,Naval Air Station San Diego,California,"This is a public notice flyer to notify interested applicants of anticipated vacancies through the Certain Competitive Service / Modified Direct Hire Authority. Applications will not be accepted through this flyer. Interested applicants must follow the directions in the ""How to Apply"" section of this flyer to be considered. There may or may not be actual vacancies filled from this flyer. Notice of Result letters will not be sent to applicants who respond to this flyer.",2026-07-27,2026-08-10,GS,70507.0,91664.0,Full-Time,False
878537000,data scientist,RF Systems Data Scientist,National Institute of Standards and Technology,Department of Commerce,Boulder,Colorado,"NIST is seeking a Data Scientist to advance RF systems testing and spectrum science by applying machine learning, signal processing, and statistical analysis to transform complex measurement data into actionable insights that strengthen communications technologies and scientific research. This notice is issued under direct-hire authority to recruit new talent to occupations for which NIST has a severe shortage of candidates.",2026-07-30,2026-08-12,ZP,83265.0,129742.0,Full-Time,False
878887400,data specialist,IT SPECIALIST (APPSW/DATAMGT),Defense Threat Reduction Agency,Department of Defense,Fort Belvoir,Virginia,"This position may be filled using Direct Hire Authority: Z5CAV/Direct-Hire Authority (Certain DoD Personnel) PL 118-31, Sec 125OB (i)(2), 12/22/2023.This position is being filled under the memorandum from the Under Secretary of Defense for Personnel and Readiness (USD(P&R)) ""Expansion of Direct Hire Authority for Certain Personnel of the Department of Defense,"" dated August 12,2024. This position is part of the Defense Threat Reduction Agency, C4 Systems Directorate (J6).",2026-07-31,2026-08-17,GS,143913.0,187093.0,Full-Time,False
859884600,data analyst,Data Solutions Developer-DHA,Social Security Administration,Other Agencies and Independent Organizations,Woodlawn,Maryland,"IT Specialist (APPSW) Data Solutions Developer position(s) are being filled through the Office of Personnel Management's delegated Direct Hire Authority, open to all U.S. citizens. Selections made under this bulletin will be processed as new appointments to the civil service. Current civil service employees would, therefore, be given new appointments to the civil service. Under the provisions of the Direct Hire Authority, Veterans Preference and the ""Rule of Many"" do not apply.",2026-03-05,2026-09-30,GS,121785.0,158322.0,Full-Time,False
877745700,data engineer,Student Trainee (AI Data Engineer),Office of Personnel Management,Other Agencies and Independent Organizations,Macon,Georgia,"The Office of Personnel Management (OPM) invites students to apply to our Intern positions. The ideal candidates are current Certificate Program, Undergraduate or Graduate students who demonstrate innovation and self-initiative. You will have an opportunity to train and develop your skills in career fields such as human resources, policy, healthcare, insurance, retirement, or information technology and have a positive impact on the people and communities that OPM serves.",2026-07-23,2026-08-06,GS,36296.0,47174.4,On-Call,False
878507100,data specialist,DATA MANAGEMENT SPECIALIST (AIRCRAFT),Naval Air Systems Command,Department of the Navy,Cherry Point,North Carolina,You will serve as a DATA MANAGEMENT SPECIALIST (ACFT) in the Technical Document Library Branch of FLTREADCEN EAST.,2026-08-01,2026-08-07,GS,74678.0,97087.0,Full-Time,False
878578700,data specialist,IT SPECIALIST (DATA MANAGEMENT/CUSTSPT),Bureau of Naval Personnel,Department of the Navy,Millington,Tennessee,You will serve as an Information Technology Specialist (Datamgmt/Custspt) in the Bureau of Naval Personnel (BUPERS) of BUREAU OF NAVAL PERSONNEL.,2026-07-31,2026-08-05,GS,61722.0,80243.0,Full-Time,False
877856700,data scientist,Data Scientist (Computational Genomics),Smithsonian Institution ,Other Agencies and Independent Organizations,Washington,District of Columbia,"The Smithsonian Institution is the world's largest museum, education, and research complex, with 21 museums and the National Zoo. The National Museum of Natural History (NMNH) is a major bureau of the Smithsonian Institution that is responsible for the acquisition, curation, and preservation of collections of objects and specimens of natural history, which tells the history of the planet and a record of human interaction with the environment and one another.",2026-07-24,2026-08-14,GS,121785.0,158322.0,Full-Time,False
877355800,data specialist,IT CyberSecurity Specialist (Data Security),Office of Administration,Executive Office of the President,District of Columbia,District of Columbia,"The incumbent serves as OAIT's Senior Data Security Analyst responsible for ensuring the security of information systems through implementation and assessment of risk-based cybersecurity controls, in compliance with EOP requirements, Federal regulations, industry best practices, and requirements set forth by organizational entities. To apply, please submit your resume directly to DL.OA.OAIT.Hiring@oa.eop.gov. Must reference the announcement number and position title in your email subject line.",2026-07-21,2026-08-03,GS,102415.0,133142.0,Full-Time,False
878904000,data analyst,VCS - Retail Allocation/Data Entry Assistant,Veterans Health Administration,Department of Veterans Affairs,Saint Louis,Missouri,"The VCS Central Office, located at the Jefferson Barracks VA Medical Center in St. Louis, MO, is conducting a recruitment search for a Retail Allocation/Data Entry Assistant in the Inventory Management and Logistics Division. This is a career ladder position with promotion potential to the VC-11. Promotion is not guaranteed but is based on the employee meeting established qualification and performance criteria and on management's recommendation.",2026-07-31,2026-08-10,VC,49364.0,49364.0,Full-Time,False
865155700,data architect,IT Specialist (Enterprise Data Architect) - DHA,Social Security Administration,Other Agencies and Independent Organizations,Woodlawn,Maryland,"IT Specialist Enterprise Data Architect position(s) are being filled through the Office of Personnel Management's delegated Direct Hire Authority, open to all U.S. citizens. Selections made under this bulletin will be processed as new appointments to the civil service. Current civil service employees would, therefore, be given new appointments to the civil service. Under the provisions of the Direct Hire Authority, Veterans Preference and the ""Rule of Many"" do not apply.",2026-04-15,2026-10-12,GS,143913.0,187093.0,Full-Time,False
875213000,data specialist,INFORMATION TECHNOLOGY SPECIALIST (APPSW/DATAMGT),U.S. Marine Corps,Department of the Navy,Quantico,Virginia,"This is a public notice flyer to notify interested applicants of anticipated vacancies. Applications will not be accepted through this flyer. Interested applicants must follow the directions in the ""How to Apply"" section of this flyer to be considered. There may or may not be actual vacancies filled from this flyer. Notice of Result letters will not be sent to applicants who respond to this flyer.",2026-07-02,2026-09-02,NH,102415.0,158322.0,Full-Time,False
875650600,data specialist,IT SPECIALIST (DATA MANAGEMENT) - DIRECT HIRE AUTHORITY,Air Force Materiel Command,Department of the Air Force,Kelly AFB,Texas,"Click on ""Learn more about this agency"" button below to view Eligibilities being considered and other IMPORTANT information. The primary purpose of this position is to provide expert-level data management and database administration for the Air Force Services Center enterprise systems, primarily the Oracle E-Business Suite.",2026-07-08,2026-11-09,NH,90823.0,140403.0,Full-Time,False
878634400,data specialist,Information Technology Specialist (Data Management),Federal Aviation Administration,Department of Transportation,Washington,District of Columbia,"This position is located in the Air Traffic Organization (ATO), Safety Service Unit, Policy & Performance Directorate, Safety Analysis Group, Safety Data Team (AJI-3320). The Safety Analysis Group is responsible for managing the development of safety performance targets, automated tools, and data integration efforts in support of the risk identification, assessment, and mitigation efforts.",2026-07-31,2026-08-10,FV,127898.0,198281.0,Full-Time,False
878237500,data specialist,IT Specialist (Data Management/Applications Software),Centers for Disease Control and Prevention,Department of Health and Human Services,Atlanta,Georgia,"This position is located in the Department of Health and Human Services, Office of Laboratory Systems and Response, headquartered in Atlanta, Georgia. This announcement will close at 11:59 PM, on the day that 75 applications have been received or on the closing date, whichever is first.",2026-07-31,2026-08-10,GS,94654.0,123052.0,Full-Time,False
876011600,data analyst,Attorney-Advisor (Power and Data Centers) Public Notice Flyer,Office of the Secretary,Department of Commerce,Washington,District of Columbia,"The Commercial Law Development Program (CLDP) of the Office of General Counsel, U.S. Department of Commerce, is seeking an individual with exceptional analytical, organizational, and interpersonal communication skills to join our team of Attorney-Advisors to provide legal and regulatory technical assistance to foreign countries and sovereign Tribes to accelerate the development of new energy and data center infrastructure, diversify energy supply chains, and advance shared prosperity.",2026-07-10,2026-08-10,GS,121785.0,187093.0,Full-Time,False
878068400,data analyst,Air Traffic Assistant  (Flight Data Communications Team Lead),Federal Aviation Administration,Department of Transportation,Aurora,Illinois,Serves as an Air Traffic Assistant/Flight Data Communications Team Lead at an Air Route Traffic Control Center (ARTCC) and is responsible for providing flight data processing and communications service for the National Airspace System (NAS).,2026-07-28,2026-08-18,FV,70047.0,108582.0,Full-Time,False
878135200,data analyst,Registered Nurse - Community Living Center Minimum Data Set,Veterans Health Administration,Department of Veterans Affairs,Saint Cloud,Minnesota,"Join the St. Cloud VA Health Care System as a Community Living Center Minimum Data Set Registered Nurse and help shape high-quality, resident-centered care for Veterans. In this specialized role, you will coordinate timely resident assessments, strengthen interdisciplinary care planning, educate staff, analyze quality data, and improve documentation accuracy-supporting regulatory readiness, better outcomes, and greater independence for Veterans.",2026-07-27,2026-08-04,VN,78831.0,139853.0,Full-Time,False
878345700,data analyst,Air Traffic Assistant  (Flight Data Communications Team Lead),Federal Aviation Administration,Department of Transportation,Leesburg,Virginia,Serves as an Air Traffic Assistant/Flight Data Communications Team Lead at an Air Route Traffic Control Center (ARTCC) and is responsible for providing flight data processing and communications service for the National Airspace System (NAS).,2026-07-29,2026-08-18,FV,71695.0,111138.0,Full-Time,False
878630000,data analyst,Registered Nurse -Community Living Center - Minimum Data Set,Veterans Health Administration,Department of Veterans Affairs,Aspinwall,Pennsylvania,"This role seeks a Minimum Data Set (MDS) Registered Nurse (RN) for the Community Living Center at the HJ Heinz Campus in Pittsburgh Pennsylvania. The RN codes nursing sections of the Resident Assessment Instrument (RAI)/MDS and Care Area Assessments (CAAs), following Centers for Medicare and Medicaid Services and Veterans Health Administration deadlines, and completes only the nursing portions assigned.",2026-07-30,2026-08-10,VN,71798.0,147862.0,Full-Time,False
876454800,data analyst,Loan Analyst,Farm Service Agency,Department of Agriculture,Wharton,Texas,"This position is located in the Farm Service Agency, Wharton, Wharton County, Texas. This position provides support and assistance to the Farm Loan Managers and Farm Loan Officers that perform a range of lending activities, closing, disbursement, monitoring, liquidating, and servicing of agricultural loans.",2026-07-16,2026-08-10,GS,46979.0,92541.0,Full-Time,False
877749200,data analyst,LOAN ANALYST,Farm Service Agency,Department of Agriculture,Woodward,Oklahoma,"This position is located in the Farm Service Agency, Oklahoma State Office. In Woodward, Woodward County Oklahoma. This position provides support and assistance to the Farm Loan Managers and Farm Loan Officers that perform a range of lending activities, closing, disbursement, monitoring, liquidating, and servicing of agricultural loans..",2026-07-24,2026-08-06,GS,40736.0,80243.0,Full-Time,False
869529400,data analyst,Watch Analyst,Department of Homeland Security - Agency Wide,Department of Homeland Security,Washington,District of Columbia,"This assignment is a 1-year non-reimbursable assignment. The only compensation for this assignment is the federal salary you are already receiving. HSI Watch Analyst Series Requested: 0132, 0343, 1801, 1805 Security Clearance: Top Secret Virtual/Remote: No Only current, full-time federal employees are eligible. Resumes are reviewed every 30 days until selection/closing date. This is a Detail, not a Developmental Rotation. Supervisory approval form must be signed.",2026-06-01,2026-12-01,GS,102415.0,158322.0,Full-Time,False
850579200,data analyst,Investigative Analyst (Criminal Analyst),Department of Homeland Security - Agency Wide,Department of Homeland Security,San Diego,California,"This assignment is a 1-year non-reimbursable assignment. Homeland Security Investigations (HSI) Investigative Analyst (Criminal Analyst) Series Requested: 0132, 1801, 1802, 1805 Security Clearance: Secret Virtual/Remote: No Only current, full-time federal employees are eligible. Resumes are reviewed every 30 days until selection/closing date. This is a Detail, not a Developmental Rotation. Supervisory approval form must be signed.",2026-05-19,2026-11-18,GS,101234.0,156498.0,Full-Time,False
878381000,data analyst,Registered Nurse (Minimum Data Set Coordinator) - Community Living Care,Veterans Health Administration,Department of Veterans Affairs,Amarillo,Texas,"Responsible and accountable for all elements of the nursing process when providing and/or supervising direct patient care. Assumes responsibility for the coordination of care focused on patient education, self-management, and customer satisfaction throughout the continuum of care.",2026-07-29,2026-08-07,VN,82778.0,153671.0,Full-Time,False
875991300,data analyst,Budget Analyst,National Park Service,Department of the Interior,Vicksburg,Mississippi,"This position located in Vicksburg National Military Park, in the Adminstrive Division.",2026-07-09,2026-08-03,GS,61722.0,97078.0,Full-Time,False
876557400,data analyst,Budget Analyst,Administrative Office of the U.S. Courts,Judicial Branch,Washington,District of Columbia,"The Budget Analyst position is in the Administrative Office of the U.S. Courts (AO), Department of Administrative Services, Facilities and Security Office (FSO), Resources Management Division. FSO manages, oversees, and supports security, emergency preparedness, and space and facilities programs for the AO, courts, and other judiciary offices. FSO also provides administrative services within the Thurgood Marshall Federal Judiciary Building.",2026-07-21,2026-08-04,AD,102415.0,191965.0,Full-Time,False
876669700,data analyst,Budget Analyst,Smithsonian Institution ,Other Agencies and Independent Organizations,Washington,District of Columbia,"The Smithsonian Institution is the world's largest museum, education, and research complex, with 21 museums and the National Zoo. This position is located in Curatorial Office, Smithsonian American Art Museum (SAAM), Undersecretary for Museums and Culture. SAAM shares the stories of our nation through American art and craft to inspire reflection, spark dialogue, and build connections.",2026-07-16,2026-08-06,GS,70623.0,91815.0,Full-Time,False
876672200,data analyst,Budget Analyst,Smithsonian Institution ,Other Agencies and Independent Organizations,Washington,District of Columbia,"The Smithsonian Institution is the world's largest museum, education, and research complex, with 21 museums and the National Zoo. This position is located in Curatorial Office, Smithsonian American Art Museum (SAAM), Undersecretary for Museums and Culture. SAAM shares the stories of our nation through American art and craft to inspire reflection, spark dialogue, and build connections. More than one selection may be made from this announcement.",2026-07-16,2026-08-06,GS,70623.0,91815.0,Full-Time,False
876909500,data analyst,Budget Analyst,U.S. Army Joint Munitions Command,Department of the Army,Boerne,Texas,"This is a Direct Hire Authority (DHA) solicitation utilizing the DHA for Domestic Defense Industrial Base & Major Range & Test Facilities Base in DoD to recruit and appoint qualified candidates to positions in the competitive service. About the Position: This position is with Joint Munitions Command at Camp Stanley Storage Activity. This position serves as Budget Analyst, supporting the development, justification, execution, and reconciliation aspects of CSSA Army Working Capital Fund.",2026-07-17,2026-08-03,GS,90823.0,118072.0,Full-Time,False
876956100,data analyst,Budget Analyst,Patent and Trademark Office,Department of Commerce,Alexandria,Virginia,"This position is in the United States Patent and Trademark Office, Office of the Chief Financial Officer (OCFO), Office of Planning and Budget (OPB), Budget Formulation Division. The incumbent in this position performs work in one or more phases of USPTO's budget process which may include, but is not limited to, supporting activities related to budget formulation and justification, presentation and enactment, execution, and monitoring and analysis of a variety of budgetary operations.",2026-07-17,2026-08-03,GS,70623.0,111087.0,Full-Time,False
877307200,data analyst,BUDGET ANALYST,Defense Media Activity,Department of Defense,Fort Meade,Maryland,"This position is part of the War Media Activity. The incumbent is responsible for assisting and providing back-up for the Office of the Chief Financial Officer (OCFO) Budget Division Chiefs. This includes, but is not limited to, developing data for presentation to Office of the Under Secretary of War Comptroller (OUSW(C)) staff, and Congressional staffers/representatives; providing guidance and assistance to subordinate budget analysts.",2026-07-21,2026-08-03,GS,121785.0,158322.0,Full-Time,False
877544200,data analyst,Policy Analyst,Federal Housing Finance Agency,Other Agencies and Independent Organizations,Washington,District of Columbia,"This position is for a Policy Analyst with the Division of Housing Mission and Goals (DHMG), Single Family and Multifamily Policy (OSMP) Branch at the Federal Housing Finance Agency (FHFA). In this role, the incumbent will engage in specific policy development and implementation activities or projects and provide subject-matter technical and policy information and guidance pertaining to very complex program/policy issues.",2026-07-22,2026-08-03,EL,111677.0,215054.0,Full-Time,False
877639300,data analyst,Budget Analyst,U.S. Army Corps of Engineers,Department of the Army,Monroe,Louisiana,"About the Position: The incumbent works directly under the supervision of the Chief of Navigation Branch, performing a variety of budget administration functions.",2026-07-22,2026-08-05,GS,61722.0,80243.0,Full-Time,False
877710600,data analyst,BUDGET ANALYST,Army National Guard Units,Department of the Army,Columbus,Ohio,"THIS IS A NATIONAL GUARD TITLE 5 EXCEPTED SERVICE POSITION. This National Guard position is for a BUDGET ANALYST, Position Description Number T6357000 and is part of the OH G3 Operations and Training, National Guard. The primary purpose of this position is to serve as a budget analyst in a developmental capacity, performing assignments designed to further develop applicable analytical and evaluative skills and techniques.",2026-07-23,2026-08-07,GS,64406.0,101309.0,Full-Time,False
877717400,data analyst,Budget Analyst,ARMY TRANSPORTATION,Department of the Army,Joint Base Lewis-McChord,Washington,"About the Position: This position is with the 596th Army Transportation Brigade, located at Southport, North Carolina (MOTSU). Incumbent will perform full range of budget formulation and execution of duties associated with the fiscal planning, programming, and budgeting.",2026-07-24,2026-08-03,GS,100602.0,130786.0,Full-Time,False
877735900,data analyst,Budget Analyst,Military Treatment Facilities under DHA,Department of Defense,Elmendorf AFB,Alaska,"About the Position: This position is located in the Resource Management department at 673rd Medical Group, Joint Base Elmendorf Richardson, Alaska. This is a Direct Hire Solicitation. A relocation incentive may be authorized. Federal employees in Alaska are currently entitled to receive a 1.49% Cost of Living Allowance (COLA) in addition to the base salary. This is subject to change.",2026-07-23,2026-08-05,GS,84439.0,109777.0,Full-Time,False
877877800,data analyst,Budget Analyst,Joint Activities,Department of the Army,Fort Meade,Maryland,"About the Position: This position is a DOD Cyber Excepted Service (CES) personnel system position in the Excepted Service under 10 USC 1599f. Employees occupying CES positions are in the Excepted Service and must adhere to U.S. Code, Title 10, as well as Department of Defense Instruction 1400.25. This position is located at Fort Meade, Maryland.",2026-07-24,2026-08-04,GG,102415.0,139970.0,Full-Time,False
877880500,data analyst,Budget Analyst,Veterans Health Administration,Department of Veterans Affairs,Miami,Florida,"This position is located in the Department of Veterans Affairs (VA), Veterans Health Administration (VHA), and VISN 8, at Miami VAMC, FL. The primary responsibility for the complex and constant changing process in the Health care environment. The work is independently in the formulation, presentation and execution phases of the budget program and to present solutions or recommendations that are sound, complete and in conformity with established budget policy or procedures.",2026-07-24,2026-08-04,GS,79533.0,103399.0,Full-Time,False
877886800,data analyst,Policy Analyst,"Offices, Boards and Divisions",Department of Justice,Washington,District of Columbia,"This position is in the Department of Justice, Executive Records and Information Management (ERIM) office. ERIM oversees the review and approval of official documents and coordinates the flow of information critical to rigorous decision making. ERIM is also responsible for the coordination of all policy related decision material submitted to the Department for clearance. ERIM provides records management services, including storage of classified material and document searches.",2026-07-27,2026-08-10,GS,121785.0,158322.0,Full-Time,False
877891100,data analyst,Budget Analyst,Veterans Health Administration,Department of Veterans Affairs,Fayetteville,North Carolina,"The position is located in the Department of Veterans Affairs (VA), Veterans Health Administration (VHA), Mid-Atlantic Health Care Network (VISN 6), Fayetteville VA Medical Center, Fiscal Service Fayetteville, NC. The Budget Analyst supports the VA mission by applying budget analysis theory, concepts, methods and procedures connected with the budget formulation, and execution of VA's particular programs, systems, procedures, functions, and structure of the supported organizational component.",2026-07-24,2026-08-03,GS,77983.0,101383.0,Full-Time,False
877898400,data analyst,Budget Analyst,Executive Office for U.S. Attorneys and the Office of the U.S. Attorneys,Department of Justice,Knoxville,Tennessee,"The successful candidate will serve as a Budget Analyst in the Administrative Division. You will be responsible for planning, implementing, and administering the full spectrum of budget and financial management services. As needed, additional positions may be filled using this announcement.",2026-07-27,2026-08-07,GS,61722.0,80243.0,Full-Time,False
878038500,data analyst,Budget Analyst,Patent and Trademark Office,Department of Commerce,Alexandria,Virginia,"This position is located in the Budget Formulation Division, Office of Planning and Budget (OPB), Office of the Chief Financial Officer, U.S. Patent and Trademark Office (USPTO). The OPB supports the mission of the USPTO by ensuring that the agency's annual performance supports the strategic plan, through efficient and effective budget execution, and by providing actionable budget and performance information to executive management.",2026-07-27,2026-08-07,GS,143913.0,187093.0,Full-Time,False
878043100,data analyst,BUDGET ANALYST,Field Operating Offices of the Office of the Secretary of the Army,Department of the Army,Fort Belvoir,Virginia,About the Position: Serves as a Budget Analyst within U.S. Army Audit Agency.,2026-07-27,2026-08-06,GS,121725.0,158322.0,Full-Time,False
878098700,data analyst,Budget Analyst,Bureau of Reclamation,Department of the Interior,Mills,Wyoming,"Reclamation is seeking a career professional looking for an opportunity to capitalize on their expertise as a Budget Analyst. You can make a difference in the West by assisting in meeting increasing water demands while protecting the environment. Duty Location: Mills, Wyoming For living conditions go to: https://www.usbr.gov/gp/employment/living_conditions.pdf",2026-07-27,2026-08-09,GS,74678.0,116362.0,Full-Time,False
878099400,data analyst,Budget Analyst,U.S. Army Intelligence and Security Command,Department of the Army,Fort Sam Houston,Texas,"About the Position: This position is in the Defense Civilian Intelligence Personnel System (DCIPS). Employees occupying DCIPS positions are in the Excepted Service and must adhere to U.S. Code, Title 10, as well as Department of Defense Instruction 1400.25. This position is with the U.S. Army Intelligence and Security Command, 717th Military Intelligence Battalion located at Fort Sam Houston, Texas.",2026-07-28,2026-08-04,GG,90823.0,118072.0,Full-Time,False
878124300,data analyst,Budget Analyst,Office of the Secretary of Health and Human Services,Department of Health and Human Services,Washington,District of Columbia,"This position is located in the Department of Health and Human Services, Office of Global Affairs, headquartered in Washington, District of Columbia. This announcement will close at 11:59 PM, on the day that 50 applications have been received.",2026-07-29,2026-08-07,GS,85447.0,111087.0,Full-Time,False
878181300,data analyst,BUDGET ANALYST,Army National Guard Units,Department of the Army,Carson City,Nevada,"This position is for a BUDGET ANALYST, PD#D1900000, part of the Nevada Army National Guard. The primary purpose of this position is to serve as the budget analyst and consultant for the management and administration of all budget programs within the organization. The incumbent performs routine, continuing financial management functions involving the formulation, execution, and/or analysis of budgets for the organization's support activities and organizational components.",2026-07-27,2027-07-26,GS,68419.0,88949.0,Full-Time,False
878215600,data analyst,Policy Analyst,Office of National Drug Control Policy,Executive Office of the President,District of Columbia,District of Columbia,"ONDCP's mission is to promulgate a Strategy that establishes the Administration's policies, goals, objectives, and priorities for the National Drug Control Program and to coordinate and oversee the implementation of the Strategy by the National Drug Control Program agencies. Multiple selections may be made within 90 days of the issuance of the certificate, if additional vacancies occur. Promotion to the next highest grade level is neither guaranteed nor implied.",2026-07-28,2026-08-10,GS,70623.0,91815.0,Full-Time,False
878428400,data analyst,Budget Analyst,Office of Administration,Executive Office of the President,Washington,District of Columbia,"The position is located in the Executive Office of the President (EOP) Office of Administration (OA), Office of the Chief Financial Officer (OCFO), Budget Division. The incumbent serves as a Budget Analyst, responsible for wide range of budget principles, policies, and procedures to plan and carry out a wide range of complex budget formulation, presentation, and execution activities for assigned segments of the EOP.",2026-07-30,2026-08-11,GS,143913.0,187093.0,Full-Time,False
878444500,data analyst,Policy Analyst,DHS Headquarters,Department of Homeland Security,Washington,District of Columbia,"This position is located in the Department of Homeland Security (DHS), Office of Strategy, Policy, and Plans, Trade and Economic Security. The primary purpose of this position is to utilize analytical and policy-making skills to lead and formulate trade and economic security policy for the Department. The incumbent will develop briefing documents for senior officials and conduct oral briefings to address matters impacting the Department. Non-BU: This is a non-bargaining unit position.",2026-07-30,2026-08-05,GS,143913.0,187093.0,Full-Time,False
878480800,data analyst,Budget Analyst,National Oceanic and Atmospheric Administration,Department of Commerce,Silver Spring,Maryland,"This position is located in the National Oceanic and Atmospheric Administration (NOAA), National Ocean Service (NOS), with one vacancy in Silver Spring. MD.",2026-07-30,2026-08-05,ZA,85447.0,133142.0,Full-Time,False
878491100,data analyst,Budget Analyst,Veterans Health Administration,Department of Veterans Affairs,Ann Arbor,Michigan,"The purpose of this position is to perform complex financial administrative functions for Health Services Research and Development (HSR&D) at VA Ann Arbor Healthcare System (VAAAHS) in conjunction with personnel management. Duty Location: Ann Arbor, Michigan.",2026-07-30,2026-08-05,GS,82372.0,107090.0,Full-Time,False
878529300,data analyst,Budget Analyst,National Park Service,Department of the Interior,Arco,Idaho,"This position is located in Craters Of The Moon National Monument and Preserve, in the Admin Division. This position provides financial planning advice, including evaluating projected needs versus anticipated funding levels, determining submission formats, and coordinating and consolidating requests for the unit.",2026-07-31,2026-08-07,GS,50460.0,97087.0,Full-Time,False
878530000,data analyst,Budget Analyst,Veterans Health Administration,Department of Veterans Affairs,Temple,Texas,"The Central Texas Veterans Health Care System is seeking a highly qualified Budget Analyst. The Budget Analyst is to perform specialized budgetary administrative functions in the formulation, execution, and review of assigned portions of the appropriated fund budget of the employing Department of Veterans Affairs Medical Center.",2026-07-29,2026-08-07,GS,50460.0,80243.0,Full-Time,False
878566600,data analyst,Budget Analyst,Joint Activities,Department of the Army,Fort Bragg,North Carolina,"This is a Direct Hire Authority (DHA) solicitation utilizing the DHA for Certain Personnel of the DoD Workforce to recruit and appoint qualified candidates to positions in the competitive service. About the Position: Serves as a Budget Analyst for the Joint Activities located at Fort Bragg, North Carolina.",2026-07-30,2026-08-03,GS,93468.0,121511.0,Full-Time,False
878581400,data analyst,Budget Analyst,Federal Energy Regulatory Commission,Department of Energy,Washington,District of Columbia,"The Federal Energy Regulatory Commission (FERC) is ranked within the top 5 mid-size agencies as a ""Best Place to Work"" in the Federal government! This Budget Analyst position is located in the Office of the Executive Director. For more information visit: Office of the Executive Director (OED) | Federal Energy Regulatory Commission",2026-07-30,2026-08-05,GS,85447.0,111087.0,Full-Time,False
878786400,data analyst,Budget Analyst,Veterans Health Administration,Department of Veterans Affairs,Huntington,West Virginia,"The Budget Analyst performs a variety of administrative procedures involved in the collection, analysis, formulation, and execution of the medical center budget. These include: development of forecasting techniques, programming and reprogramming during the budget cycle due to the instability of budgetary programs, analyzing alternative methods of financing medical center programs, and providing advice and recommendations on effective and efficient use of funds to support programs and activities",2026-07-31,2026-08-10,GS,40736.0,97087.0,Full-Time,False
878871900,data analyst,Budget Analyst,Office of the Secretary of the Interior,Department of the Interior,Washington,District of Columbia,"You will serve as a Budget Analyst with Office of the Secretary of Interior. This position is located within the Department of the Interior, office of the Secretary, Assistant Secretary Policy Management & Budget, Budget administration, WASHINGTON,DISTRICT OF COLUMBIA Salary with locality pay will vary based on current duty station. GS-14 range (base pay): $143,913-$187,093. First time hires to the Federal government normally start at the step 1 rate.",2026-07-31,2026-08-14,GS,143913.0,187093.0,Full-Time,False
878882000,data analyst,Budget Analyst,"Bureau of Alcohol, Tobacco, Firearms and Explosives",Department of Justice,Huntsville,Alabama,"This position may be located in any Bureau of Alcohol, Tobacco, Firearms and Explosives (ATF) Headquarters division office within the Office of Field Operations (FO), Division Office in Huntsville, AL. Serves on the immediate staff of the division or branch and functions as a budget analyst responsible for providing budget and program analysis, assistance, advice, and recommendations to the respective division or branch chief on a wide variety of complex financial resource and program issues.",2026-07-31,2026-08-10,GS,130987.0,170289.0,Full-Time,False
878420400,data analyst,Investigative Analyst (Operations Analyst),Bureau of the Fiscal Service,Department of the Treasury,Philadelphia,Pennsylvania,"PLEASE NOTE: Based on the current hiring restrictions, selectees may be subject to additional approvals prior to an offer being extended. This position is located at Bureau of the Fiscal Service, Technology and Data Acquisition Division. As an Investigative Analyst (Operations Analyst), you will serve as a technical expert in the examination of potentially fraudulent U.S. Treasury checks and ACH payments.",2026-07-30,2026-08-10,GS,117284.0,152471.0,Full-Time,False
878481000,data analyst,Program Analyst (Financial Program Analyst),National Labor Relations Board,Other Agencies and Independent Organizations,Washington,District of Columbia,"This position is located in the Office of the Chief Financial Officer (OCFO), Finance Branch. The principal objective of the Finance Branch is to provide agency-wide accounting and financial management services to the National Labor Relations Board. This position includes planning, organizing and evaluating various functional operations related to specific projects within the OCFO that significantly impact the Agency's accomplishment of its primary mission.",2026-07-29,2026-08-03,GS,102415.0,133142.0,Full-Time,False
851975300,data analyst,PROGRAM ANALYST,Air National Guard Units,Department of the Air Force,Camp Murray,Washington,"This is a Washington Air National Guard Title 32 Excepted Service Unit Technician position: PROGRAM ANALYST Location: 194th Civil Engineering Flight Camp Murray, Washington 98430 Air National Guard Units Appointment Type: Temporary, indefinite, excepted service *Ensure you read this announcement in its entirety, complete all application requirements, and your USA Jobs profile name is accurate* Certain incentive(s) may be available pending funding and approval but are not guaranteed..",2026-01-22,2026-08-23,GS,76395.0,99308.0,Full-Time,False
862392600,data analyst,PROGRAM ANALYST,Army National Guard Units,Department of the Army,Santa Fe,New Mexico,"THIS IS A NATIONAL GUARD TITLE 32 EXCEPTED SERVICE POSITION. NEW MEXICO ARMY NATIONAL GUARD *You must be a member of the New Mexico Army National Guard to be eligible for this position *This is an indefinite appointment that will not exceed 04/30/2030 but MAY become permanent* **You may be eligible for a Recruitment OR Relocation incentive per agency's policy. This National Guard position is for a PROGRAM ANALYST, Position Description Number D1010000.",2026-03-24,2026-08-21,GS,62392.0,81114.0,Full-Time,False
877306500,data analyst,PROGRAM ANALYST,Defense Media Activity,Department of Defense,Fort Meade,Maryland,"This position is part of the War Media Activity. The incumbent oversees the account management of all WEB.mil webhosting customers and the cost management for all WEB.mil business activities. Primary coordinator, reviewer, consultant, and accounts and costs manager for WEB.mil customer base of 1,000+ distinct, interoperable web sites. Conducts cost analyses and develops cost models to fund customer webhosting and any special projects.",2026-07-21,2026-08-03,GS,121785.0,158322.0,Full-Time,False
877581300,data analyst,PROGRAM ANALYST,Defense Information Systems Agency,Department of Defense,Fort Meade,Maryland,This position is being recruited under 10 USC 1599f into the Cyber Excepted Service and does NOT convey eligibility to be converted to the Competitive Service. It has been identified as a position necessary to carry out and support the mission of the US Cyber Command. It is in the Professional Work Category at the Senior Work Level within the CES Occupational Structure. It is located in the DCDC - Cyber Defense Command - HQ.,2026-07-24,2026-08-03,GG,121785.0,158322.0,Full-Time,False
877745500,data analyst,Program Analyst,Naval Intelligence Activity,Department of the Navy,Springfield,Virginia,You will serve as a Program Analyst at the GG-13 grade level responisble for advanced research and development projects in support of Naval Intelligence activities.,2026-07-24,2026-08-06,GG,121785.0,158322.0,Full-Time,False
877774500,data analyst,Program Analyst,U.S. Army Joint Munitions Command,Department of the Army,Letterkenny Army Depot,Pennsylvania,This is a Direct Hire Authority (DHA) solicitation utilizing the DHA for Domestic Defense Industrial Base (DIB) Facilities in the Department of Defense to recruit and appoint qualified candidates to positions in the competitive service. About the Position: Serve as a senior Program Analyst responsible for a full range of manpower duties with Letterkenny Munitions Center (LEMC).,2026-07-24,2026-08-03,GS,85447.0,133142.0,Full-Time,False
877844600,data analyst,Program Analyst ,Department of State - Agency Wide,Department of State,Williamsburg,Kentucky,"This position is located at the Kentucky Consular Center (KCC), Office of Domestic Operations, Visa Directorate, Bureau of Consular Affairs (CA/VO/DO/KCC). The incumbent serves as a Program Analyst (Facial Recognition) with responsibility for expert analysis , advice, and guidance that supports the planning and execution of the Facial Recognition Program within the Kentucky Consular Center.",2026-07-24,2026-08-07,GS,106437.0,138370.0,Shift Work,False
877967500,data analyst,Program Analyst,Bureau of Labor Statistics,Department of Labor,Suitland,Maryland,"The Bureau of Labor Statistics measures labor market activity, working conditions, price changes, and productivity in the U.S. economy to support public and private decision making.",2026-07-28,2026-08-03,GS,70623.0,91815.0,Full-Time,False
877972800,data analyst,PROGRAM ANALYST,Naval Sea Systems Command,Department of the Navy,Washington Navy Yard,District of Columbia,You will serve as a PROGRAM ANALYST in the Fiscal Policy Division (SEA 01G) of the Comptroller Directorate (SEA 01) of NAVAL SEA SYSTEMS COMMAND.,2026-07-27,2026-08-03,NH,143913.0,197200.0,Full-Time,False
877997800,data analyst,PROGRAM ANALYST,Naval Air Systems Command,Department of the Navy,Orlando Naval Warfare Center,Florida,You will serve as a Program Analyst in the Acquisition Management Dept GT30000 of NAWCTSD ORLANDO.,2026-07-29,2026-08-04,DA,74678.0,116362.0,Full-Time,False
878062500,data analyst,Program Analyst,U.S. Pacific Fleet,Department of the Navy,Pearl Harbor,Hawaii,"You will serve as a Program Analyst in the Director for Training, Tactical Development and Doctrine Directorate (Code N7) of PAC FLEET SUB FORCE OPS COMPONENT.",2026-07-28,2026-08-10,GS,111119.0,144457.0,Full-Time,False
878070900,data analyst,Program Analyst,U.S. Army Corps of Engineers,Department of the Army,West Point,New York,"About the Position: This position is a Program Analyst GS-0343-13 with the U.S. Army Corps of Engineers, New England District. This position is located in West Point, New York.",2026-07-28,2026-08-06,GS,125431.0,163062.0,Full-Time,False
878074900,data analyst,Program Analyst,Department of State - Agency Wide,Department of State,Washington,District of Columbia,"This position is located in the Bureau of Administration, Directorate of Domestic Operations and Emergency Services. Incumbent will serve as a senior level analyst and authoritative advisor reporting to the Chief of Staff for the Deputy Assistant Secretary, Managing Directors, COS, and A/DOES Office Directors on a wide variety of major issues involving the development, implementation, monitoring, evaluation and modification of the Bureau of Administration's operational plans.",2026-07-28,2026-08-03,GS,143913.0,187093.0,Full-Time,False
878129400,data analyst,Program Analyst,Veterans Health Administration,Department of Veterans Affairs,Shreveport,Louisiana,"This position has a primary responsibility to support the planning and operational management for all Community Care/Non-VA Care Services programs. This position provides information and analysis that influences the decisions regarding change, provides information and analysis for short and long-range planning and recommends change, recommends change in programs for improving coordination of workflow, and controls measures required to provide information to managers.",2026-07-27,2026-08-04,GS,61772.0,97087.0,Full-Time,False
878193300,data analyst,PROGRAM ANALYST,STRATEGIC SYSTEMS PROGRAMS (SSP),Department of the Navy,Washington Navy Yard,District of Columbia,"This is a public notice flyer to notify interested applicants of anticipated vacancies. Applications will not be accepted through this flyer. Interested applicants must follow the directions in the ""How to Apply"" section of this flyer to be considered. There may or may not be actual vacancies filled from this flyer. Notice of Result letters will not be sent to applicants who respond to this flyer.",2026-07-28,2026-08-11,NH,143913.0,197200.0,Full-Time,False
878246300,data analyst,Program Analyst,Defense Logistics Agency,Department of Defense,Battle Creek,Michigan,See below for important information regarding this job.,2026-07-28,2026-08-08,GS,74678.0,97087.0,Full-Time,False
878318300,data analyst,Program Analyst,Department of War Education Activity,Department of Defense,Alexandria,Virginia,"About the Position: This position is assigned to the Deputy Assistant Secretary of Defense for Military Community and Family Policy (DASD (MC&FP), Assistant Secretary of Defense for Manpower and Reserve Affairs (M&RA), Office of the Under Secretary of Defense, Personnel and Readiness (USD (P&R)). This position may be eligible for situational telework as determined by the agency policy.",2026-07-31,2026-08-05,GS,143913.0,187093.0,Full-Time,False
878322200,data analyst,Program Analyst,DHS Headquarters,Department of Homeland Security,Washington,District of Columbia,"This position is located in the Department of Homeland Security (DHS), Office of Strategy, Policy and Plans (PLCY), Office of International Affairs (OIA). The primary purpose of this position is to support administrative OIA mission priorities. Non-BU: This is a non-bargaining unit position.",2026-07-29,2026-08-11,GS,143913.0,187093.0,Full-Time,False
878322500,data analyst,Program Analyst,DHS Headquarters,Department of Homeland Security,Washington,District of Columbia,"This position is located in the Department of Homeland Security (DHS), Office of Strategy, Policy and Plans (PLCY), Office of International Affairs (OIA). The primary purpose of this position is to support administrative OIA mission priorities. Non-BU: This is a non-bargaining unit position.",2026-07-29,2026-08-11,GS,121785.0,158322.0,Full-Time,False
878371600,data analyst,Program Analyst,Veterans Health Administration,Department of Veterans Affairs,Honolulu,Hawaii,"This position is located at the Spark M. Matsunaga VAMC/Research & Development Service Line and reports to the Supervisory Health System Specialist. The primary purpose of this position is to provide analytical and technical support to the Center for Pacific Islander Veterans Health (CPIVH). Please note, this position is currently under consistency review and may result in a downgrade/change to lower grade once a determination is made.",2026-07-28,2026-08-03,GS,77964.0,101359.0,Full-Time,False
878371800,data analyst,Program Analyst,Veterans Health Administration,Department of Veterans Affairs,Honolulu,Hawaii,This position is located at the Spark M. Matsunaga VAMC/Research & Development Service Line and reports to the Supervisory Health System Specialist.,2026-07-28,2026-08-03,GS,93445.0,121482.0,Full-Time,False
878392400,data analyst,Program Analyst,Veterans Health Administration,Department of Veterans Affairs,Lakewood,Colorado,"This is a staff position located in the Civilian Health and Medical Program of the Department of Veterans Affairs (CHAMPVA) Program, Veteran and Family Member Programs (VFMP) Directorate of the Department of Veterans Affairs (VA), Veterans Health Administration (VHA), Office of Integrated Veterans Care (IVC), Office of Integrated External Networks (IEN). This position will report to the Supervisory Management and Program Analyst for Knowledge Management and Data Analysis.",2026-07-29,2026-08-06,GS,99800.0,129742.0,Full-Time,False
878432600,data analyst,Program Analyst,Federal Aviation Administration,Department of Transportation,Oklahoma City,Oklahoma,"Position is located within the FAA, ATO, Technical Operations, FAA Logistics Center, Products Services Group, AJW-L500.",2026-07-30,2026-08-12,FV,75279.0,116689.0,Full-Time,False
878432900,data analyst,PROGRAM ANALYST,"Commander, Navy Installations Command",Department of the Navy,Pearl Harbor,Hawaii,You will serve as a PROGRAM ANALYST in the Information Technology Command & Control Department of COMMANDER NAVY REGION HAWAII. A Cost-of-Living-Allowance (COLA) of 8.64% will be added to the stated salary. COLA is subject to change at any time.,2026-07-30,2026-08-05,GS,64438.0,83774.0,Full-Time,False
878531100,data analyst,Program Analyst,Bonneville Power Administration,Department of Energy,Vancouver,Washington,"This position is located with Bonneville Power Administration, in the Financial Integrity & Analytics (TIBF) organization of Internal Operations (TIB), Transmission Infrastructure Asset Management (TI), Transmission Services (T). A successful candidate in the Program Analyst position will serve as a project and asset unitization analyses of capital and reimbursable projects to ensure that project scope, schedule, dollars and forecasts for Expand, Sustain and PFIA reimbursable projects.",2026-07-30,2026-08-09,GS,80465.0,104610.0,Full-Time,False
878535200,data analyst,Program Analyst,Department of State - Agency Wide,Department of State,Charleston,South Carolina,"This position is located in the Bureau of Human Resources, Office of Talent Services, Employment Programs Branch (HR/TS/EP). The incumbent develops and implements planning and evaluation tools and processes to ensure the effectiveness of the Foreign Service Family Reserve Corps' (FSFRC) program operations or the Appointment Eligible Family Member (AEFM) processing pilot program.",2026-07-30,2026-08-05,GS,106437.0,138370.0,Full-Time,False
878561500,data analyst,PROGRAM ANALYST,United States Fleet Forces Command,Department of the Navy,Coronado,California,"You will serve as a PROGRAM ANALYST in the FLEET MODERNIZATION AND FACILITIES MANAGEMENT DIRECTORATE (N4), DEPLOYING GROUP SYSTEMS INTEGRATION TESTING (DGSIT) DIVISION (N41) ofNAVAL INFORMATION FORCES.",2026-07-30,2026-08-04,GS,102246.0,132923.0,Full-Time,False
878572900,data analyst,Program Analyst,Veterans Health Administration,Department of Veterans Affairs,Johnson City,Tennessee,"This position is located within the Business Office of the James H. Quillen VA Medical Center (VAMC), Mountain Home, TN. The primary purpose of this position is to support related to clinic profile management and assist the Clinic Profile Manager with the clinic maintenance process for the facility program and to act as a Program Application Specialist for the Business Office.",2026-07-30,2026-08-06,GS,61722.0,80243.0,Full-Time,False
878583100,data analyst,PROGRAM ANALYST,Defense Threat Reduction Agency,Department of Defense,Fort Belvoir,Virginia,"This position is part of the Defense Threat Reduction Agency, Defense Threat Reduction Agency.",2026-07-30,2026-08-24,GS,143913.0,187093.0,Full-Time,False
878609100,data analyst,Program Analyst,U.S. Army Corps of Engineers,Department of the Army,Baltimore,Maryland,"About the Position: You will perform budget and program analysis activities for the Environmental & Munitions Design Center (EMDC) for all environmental programs, to include, but limited to the Defense Environmental Restoration Program (DERP), Army Environmental Quality/Compliance Cleanup, FUSRAP, Superfund, Support to Others, and Military-funded activities. You will also assist with yearly budget preparation and review.",2026-07-31,2026-08-10,GS,85447.0,111087.0,Full-Time,False
878613900,data analyst,Program Analyst,Drug Enforcement Administration,Department of Justice,Newark,New Jersey,"This position is located in the Drug Enforcement Administration (DEA), New Jersey Field Division. The purpose of this position is to serve as an expert advisor to the Special Agent in Charge (SAC) on operations program and policy for the New Jersey Field Division.",2026-07-30,2026-08-09,GS,148222.0,192694.0,Full-Time,False
878619100,data analyst,Program Analyst,Veterans Health Administration,Department of Veterans Affairs,Jackson,Mississippi,The selectee will serve as the Program Analyst position for the Office of Mental Health Service and provides a wide variety of support functions. The purpose of the position is to facilitate both effective and efficient delivery of health care to patients receiving services in a variety of programs.,2026-07-30,2026-08-06,GS,61722.0,80243.0,Full-Time,False
878697500,data analyst,Program Analyst,Veterans Health Administration,Department of Veterans Affairs,San Francisco,California,"The Program Analyst works in the Chief of Staff office at the San Francisco VA. The incumbent plans, performs, and evaluates data-driven analyses of programs that require advanced analytical skill, careful interpretation of policy, and cross-disciplinary coordination. Exercises independence in developing methodologies, preparing analyses, and recommending processes that improve compliance, workforce planning, physician compensation operations, medical staff governance, and records management.",2026-07-30,2026-08-10,GS,93358.0,121371.0,Full-Time,False
878741400,data analyst,Program Analyst,Veterans Health Administration,Department of Veterans Affairs,Orlando,Florida,"Located in the Orlando VA Medical Center, the Program Analyst performs duties directly contributing to the administrative and data management of Orlando Veteran Affairs Health Care System (OVAHCS) under the Ambulatory Care Operations Director/Group Practice Manager. Provides mission critical analysis and data to support the development of a more comprehensive, coordinated, and patient care driven healthcare system. This requires the position to operate independently on behalf of the ACOD/GPM.",2026-07-31,2026-08-06,GS,61722.0,97087.0,Full-Time,False
878765800,data analyst,Program Analyst,Veterans Health Administration,Department of Veterans Affairs,Charleston,South Carolina,"The Program Analyst provides analysis, monitoring, and administrative guidance within the Medical Service at the VA medical center in Charleston, SC.",2026-07-31,2026-08-06,GS,61722.0,80243.0,Full-Time,False
878770100,data analyst,Program Analyst,Defense Logistics Agency,Department of Defense,Battle Creek,Michigan,See below for important information regarding this job.,2026-07-31,2026-08-07,GS,106437.0,138370.0,Full-Time,False
878847000,data analyst,Program Analyst,Veterans Health Administration,Department of Veterans Affairs,Menlo Park,California,"The Program Analyst position is located within the VA Palo Alto Health Care System, Office of Community Care, Menlo Park, CA. The primary function of the position is providing administrative support to senior staff and supervisory personnel through data collection, analysis, reporting, project management, workforce management and quality improvement activities.",2026-07-31,2026-08-10,GS,77161.0,100315.0,Full-Time,False
878860800,data analyst,Program Analyst,Defense Logistics Agency,Department of Defense,Lorton,Virginia,See below for important information regarding this job.,2026-07-31,2026-08-09,GS,121785.0,158322.0,Full-Time,False
722317000,data analyst,Resource Analyst,Central Intelligence Agency,Other Agencies and Independent Organizations,Washington,District of Columbia,"Resource Analysts strategically plan, develop, analyze, and prioritize internal program budgets in support of CIA and Intelligence Community mission objectives.",2025-10-01,2026-09-30,GS,82396.0,121785.0,Full-Time,False
851639900,data analyst,Military Analyst,Central Intelligence Agency,Other Agencies and Independent Organizations,Washington,District of Columbia,"Military Analysts provide US policymakers with unique insights on foreign military forces' structure, capabilities, doctrine, weapons systems, plans, and tactics. They also explore global strategic military trends.",2025-10-01,2026-09-30,GS,63940.0,158322.0,Full-Time,False
870278200,data analyst,Criminal Analyst,Department of Homeland Security - Agency Wide,Department of Homeland Security,Washington,District of Columbia,"This assignment is a 1-year non-reimbursable assignment. U.S. Immigration and Custom Enforcement Criminal Analyst Series Requested: 1805, 0132 Security Clearance: Top Secret Virtual/Remote: No Only current, full-time federal employees are eligible. Resumes are reviewed every 30 days until selection/closing date. This is a Detail, not a Developmental Rotation. Supervisory approval form must be signed.",2026-06-01,2026-11-12,GS,102415.0,158322.0,Full-Time,False
878099100,business analyst,Business Analyst,Defense Logistics Agency,Department of Defense,New Cumberland Defense Logistics Center,Pennsylvania,See below for important information regarding this job.,2026-07-27,2026-08-03,GS,85447.0,111087.0,Full-Time,False
878102300,research analyst,Research Analyst,Veterans' Employment and Training Service,Department of Labor,Washington,District of Columbia,"This position is located in the U.S. Department of Labor (DOL), Veterans Employment and Training Service (VETS), Office of Research and Policy (ORP) in Washington, D.C. ORP is responsible for critically examining and developing written syntheses of legislative, employment, and workforce development issues.",2026-07-28,2026-08-03,GS,121785.0,158322.0,Full-Time,False
878102400,research analyst,Research Analyst,Veterans' Employment and Training Service,Department of Labor,Washington,District of Columbia,"This position is located in the U.S. Department of Labor (DOL), Veterans Employment and Training Service (VETS), Office of Research and Policy (ORP) in Washington, D.C. ORP is responsible for critically examining and developing written syntheses of legislative, employment, and workforce development issues.",2026-07-28,2026-08-03,GS,121785.0,158322.0,Full-Time,False
878233400,data analyst,Management and Program Analyst (Training Analyst),Federal Aviation Administration,Department of Transportation,Fort Worth,Texas,"Serves as a management and program analyst for an organizational entity of the Federal Aviation Administration (FAA). This position manages and coordinates General Training, Technical Training, Safety Training, eLMS Administration and other training activities regarding development of new products/services as assigned. Incumbent provides first level support to the training community in various programs as assigned.",2026-07-29,2026-08-19,FG,115711.0,150426.0,Full-Time,False
851633800,data analyst,Political Analyst,Central Intelligence Agency,Other Agencies and Independent Organizations,Washington,District of Columbia,"Political Analysts support US policymakers by producing written and oral assessments of the domestic politics, foreign policy, stability, and social issues of foreign governments and entities.",2025-10-01,2026-09-30,GS,63940.0,158322.0,Full-Time,False
857598500,data analyst,BUDGET ANALYST T32,Army National Guard Units,Department of the Army,Phoenix,Arizona,"THIS IS A NATIONAL GUARD TITLE 32 EXCEPTED SERVICE POSITION. This National Guard position is for a BUDGET ANALYST T32, PDD1008000 and is part of the AZ G4, National Guard.",2026-02-12,2026-09-23,GS,64564.0,83938.0,Full-Time,False
878370400,data analyst,"Budget Analyst, PCF",Space Systems Command,Department of the Air Force,Los Angeles,California,Do not email applications. To submit your resume for this Direct Hire opportunity click here. For additional information on other USSF direct hire opportunities visit the Air Force Civilian Careers Space Force website and follow USSF on LinkedIn.,2026-07-28,2026-08-04,NH,104349.0,161313.0,Full-Time,False
878510100,data analyst,FINANCIAL ANALYST,"Treasury, Departmental Offices",Department of the Treasury,Washington,District of Columbia,"This position is located at Departmental Offices,Domestic Finance - Financial Markets. As a FINANCIAL ANALYST, you will serve as the expert on the interest rate calculations delegated to the ODM by the Secretary of Treasury. You will resolve analytical, technical, and operational debt management issues in a timely manner, formulate and implement new certification policy, and provides insight into the consequences of IRC changes for the government, financial markets, and the economy.",2026-07-30,2026-08-06,GS,143913.0,187093.0,Full-Time,False
878632700,data analyst,PROGRAM ANALYST (IO),Defense Intelligence Agency,Department of Defense,Reston,Virginia,We are committed to: Teamwork: Partnering at all levels and across organizational boundaries for mission accomplishment. Integrity: Adherence to the highest legal and ethical principles in our responsibilities. Excellence: Unrivaled defense intelligence expertise. Service: Putting the welfare of the Nation and commitment to our mission before oneself.,2026-07-30,2026-08-19,GG,167603.0,195200.0,Full-Time,False
878743700,data analyst,Financial Analyst,Defense Logistics Agency,Department of Defense,Fort Belvoir,Virginia,See below for important information regarding this job.,2026-07-30,2026-08-09,GS,143913.0,187093.0,Full-Time,False
850937500,data analyst,PROGRAM ANALYST (T32),Air National Guard Units,Department of the Air Force,Ellington AFB,Texas,"This position is part of the Air Support Operations Squadron on Ellington Field located in Houston, TX. The primary purpose of the position is to provide management with objectively based information to effectively assess the group and squadron ability to meet the operations, training, and readiness missions in support of fielding a complex tactical communications-electronics weapons system. Texas is one of 9 states with NO state income tax.",2026-07-29,2026-08-29,GS,85270.0,110846.0,Full-Time,False
875660000,data analyst,MANAGEMENT ANALYST,Air National Guard Units,Department of the Air Force,Newburgh,New York,"THIS IS A NATIONAL GUARD TITLE 5 EXCEPTED SERVICE POSITION. This National Guard position is for a MANAGEMENT ANALYST, Position Description Number T5645000 and is part of the 105TH AW, National Guard. This vacancy does not meet the criteria for appointment of annuitants. Veterans' preference does not apply to this vacancy due to internal merit promotion.",2026-07-08,2026-08-07,GS,80099.0,104123.0,Full-Time,False
877351300,data analyst,Management Analyst,Veterans Benefits Administration,Department of Veterans Affairs,Winston-Salem,North Carolina,"The incumbent serves as a Management Analyst (MA) in the Support Services Division. The incumbent plays a key role in managing the successful transition of the implementation plan into operational areas. The incumbent will lead management activity across the business lines within the Regional Office (RO) and will focus on implementing changes to business processes, systems and technology and job roles.",2026-07-21,2026-08-04,GS,89508.0,116362.0,Full-Time,False
877374100,data analyst,Management Analyst,Health Resources and Services Administration,Department of Health and Human Services,Rockville,Maryland,"This position is located in the Department of Health and Human Services, Health Resources and Services Administration, headquartered in Rockville, Maryland.",2026-07-24,2026-08-06,GS,102415.0,158322.0,Full-Time,False
877480800,data analyst,Management Analyst,Defense Logistics Agency,Department of Defense,Richmond,Virginia,See below for important information regarding this job.,2026-07-21,2026-08-07,GS,93499.0,121551.0,Full-Time,False
877575300,data analyst,MANAGEMENT ANALYST,Defense Finance and Accounting Service,Department of Defense,Whitehall,Ohio,"This job announcement uses the USA Hire Assessment to evaluate applicants. For more information, visit USA Hire Assessment.",2026-07-22,2026-08-05,GS,64406.0,83733.0,Full-Time,False
877737800,data analyst,Management Analyst,U.S. Capitol Police,Legislative Branch,Washington,District of Columbia,"The United States Capitol Police (USCP) safeguards the Congress, Members of Congress, employees, visitors, and Congressional buildings and grounds from crime, disruption, and terrorism. We protect and secure Congress so it can fulfill its constitutional and legislative responsibilities in a safe, secure and open environment.",2026-07-23,2026-08-06,CP,117551.0,189308.0,Full-Time,False
877789200,data analyst,Operations Analyst,Defense Health Agency,Department of Defense,Falls Church,Virginia,"About the Position: This position serves as a watch officer and key information hub for the Defense Health Agency (DHA) located in Falls Church, Virginia. They are responsible for monitoring, analyzing, and reporting on a wide range of activities that could impact military medical operations. A relocation incentive might be authorized. Salary negotiation and leave accrual negotiation might be available for those candidates who are new to Federal service.",2026-07-28,2026-08-03,GS,102415.0,133142.0,Full-Time,False
877831500,data analyst,Management Analyst,Occupational Safety and Health Administration,Department of Labor,Chicago,Illinois,"This position is with the U. S. Department of Labor, Occupational Safety and Health Administration (OSHA), Chicago Regional Office, with duty location in Chicago, IL. The full performance grade level of this position is a GS-12. Position is outside the Bargaining Unit. Selectee will be expected to report to the office listed above.",2026-07-24,2026-08-03,GS,83482.0,130080.0,Full-Time,False
877847200,data analyst,Management Analyst,Internal Revenue Service,Department of the Treasury,Washington,District of Columbia,"With nearly 1,700 attorneys, IRS Chief Counsel is the largest tax law firm nationwide. Our attorneys are among top tax law practitioners and some of the very best legal minds found anywhere. Together with the IRS, we serve the public by applying the tax code with fairness and integrity. After pausing hiring in 2025, we are seeking administrative professionals to support our legal work. Click to learn more: IRS Office of Chief Counsel Careers Site Meet Our People Learn about our Legal Divisions",2026-07-24,2026-08-07,GS,70623.0,91815.0,Full-Time,False
877869800,data analyst,Management Analyst,U.S. Army Corps of Engineers,Department of the Army,Vancouver,Washington,"About the Position: As a Management Analyst for the Engineering and Construction Division, Construction Branch, you will assist the Branch Chief, Resident Engineers, Section Chiefs, Administrative Officer, Administrative Team, and Staff in the accomplishment of various administrative and budgetary tasks. You will be responsible for duties related to providing assistance on a variety of administrative functions essential to the direction and efficient operation of the Branch.",2026-07-24,2026-08-03,GS,66505.0,86461.0,Full-Time,False
878087200,data analyst,MANAGEMENT ANALYST,"Commander, Navy Installations Command",Department of the Navy,Washington Navy Yard,District of Columbia,You will serve as a MANAGEMENT ANALYST in Port Operations Code N31of COMMANDER - NAVAL INSTALLATIONS.,2026-07-29,2026-08-03,GS,102415.0,158322.0,Full-Time,False
878106600,data analyst,MANAGEMENT ANALYST,Immediate Office of the Chief of Naval Operations,Department of the Navy,Norfolk,Virginia,You will serve as a MANAGEMENT ANALYST in the Office of the Judge Advocate General within OSTC.,2026-07-28,2026-08-02,GS,127646.0,165945.0,Full-Time,False
878109400,data analyst,Management Analyst,Veterans Benefits Administration,Department of Veterans Affairs,Portland,Oregon,"The incumbent is assigned to the Veterans Service Center (VSC) and reports to the Veteran's Service Center Manager (VSCM) and to the Assistant Veteran's Service Center Managers (AVSCM). The primary purpose of this position is to provide objectively based information for making decisions on the administrative aspects of organizational operations and management. The incumbent performs a variety of substantive analytical, planning, training, evaluative, budgetary, and advisory work.",2026-07-27,2026-08-04,GS,80465.0,104610.0,Full-Time,False
878113100,data analyst,MANAGEMENT ANALYST,United States Fleet Forces Command,Department of the Navy,Kittery,Maine,"You will serve as a MANAGEMENT ANALYST in the MECHANICAL SHOP, PRODUCTION RESOURCES DEPARTMENT of PORTSMOUTH NAVAL SHIPYARD.",2026-07-28,2026-08-03,GS,101375.0,131790.0,Full-Time,False
878119800,data analyst,Management Analyst,Federal Law Enforcement Training Centers,Department of Homeland Security,Glynco,Georgia,"""The Federal Law Enforcement Training Centers (FLETC), through strategic partnerships, prepares the federal law enforcement community to safeguard America's people, property, and institutions."" We are a unique inter-agency organization preparing the next generation of law enforcement officers to meet our Nation's most pressing security challenges."" Click here to learn more. Incentives are not authorized for this position.",2026-07-27,2026-08-03,GS,89508.0,116362.0,Full-Time,False
878120900,data analyst,Forensic Analyst SR,U.S. Postal Service,Other Agencies and Independent Organizations,Dulles Airport,Virginia,"Come join the U.S. Postal Service! The successful candidate conducts forensic analyses of digital and other multimedia evidence utilizing appropriate scientific methodologies, forensic techniques, and quality assurance practices in support of criminal and administrative investigations.",2026-07-27,2026-08-26,WE,128740.0,178390.0,Full-Time,False
878123700,data analyst,MANAGEMENT ANALYST,Naval Intelligence Activity,Department of the Navy,Springfield,Virginia,"You will serve as a GG-0343-14 Management Analyst at the RESEARCH AND DEVELOPMENT SUPPORT ACTIVITY (RDSA) in Springfield, VA, where you will oversee the planning and execution of a diverse budget portfolio that includes government and contractor salaries, facility support, security support, travel, and training, as well as being a Contracting Officer's Representative for multiple contracts.",2026-07-27,2026-08-06,GG,143913.0,187093.0,Full-Time,False
878138500,data analyst,Management Analyst,National Cemetery Administration,Department of Veterans Affairs,Bath,New York,"This position is located at the Bath National Cemetery in Bath, New York.",2026-07-27,2026-08-05,GS,50460.0,65599.0,Full-Time,False
878143800,data analyst,MANAGEMENT ANALYST,Naval Air Systems Command,Department of the Navy,China Lake,California,"You will serve as a MANAGEMENT ANALYST in the BUSINESS INTELLIGENCE & DATA ANALYTICS DEPARTMENT, HUMAN CAPITAL MANAGEMENT GROUP of NAVAIRWARCENWPNDIV CHINA LAKE.",2026-07-28,2026-08-03,DA,87061.0,161313.0,Full-Time,False
878199400,data analyst,Management Analyst,Occupational Safety and Health Administration,Department of Labor,Honolulu,Hawaii,"This position will serve as a Management Analyst for the Dept. of Labor, Occupational Safety and Health Administration, San Francisco Region, Honolulu Area Office with duty location of Honolulu, HI. This position is at the full performance level. This position is outside the bargaining unit. This position is NOT remote. Selectee will be expected to report to the office listed above.",2026-07-28,2026-08-06,GS,64438.0,83774.0,Full-Time,False
878305200,data analyst,MANAGEMENT ANALYST,U.S. Pacific Fleet,Department of the Navy,Bangor,Washington,"You will serve as a MANAGEMENT ANALYST in the QUALITY ASSURANCE DEPARTMENT of TRIDENT REFIT FACILITY, BANGOR. GS-09 Salary Range: $69,373 - $90,190 GS-11 Salary Range: $83,935 - $109,122",2026-07-29,2026-08-11,GS,69373.0,109222.0,Full-Time,False
878317500,data analyst,MANAGEMENT ANALYST,Army National Guard Units,Department of the Army,Carson City,Nevada,"This position is for a MANAGEMENT ANALYST, PD#D1913000, part of the Nevada Army National Guard. The purpose of this position is to serve as a management analyst in the USPFO and direct Central Issue Facility (CIF) stock record operations using the Standard Army Management Information System software and locally devised management programs IAW law and regulations.",2026-07-28,2027-07-27,GS,68419.0,88949.0,Full-Time,False
878335500,data analyst,Management Analyst,"Agriculture, Rural Development",Department of Agriculture,Saint Louis,Missouri,"This position is located in the USDA, Rural Development (RD), Innovation Center, Regulations Management Division, Regulations Support Branch. The incumbent performs duties related to all RD program policies and procedures, borrower management, regulations and paperwork clearance functions.",2026-07-29,2026-08-05,GS,89508.0,138370.0,Full-Time,False
878395500,data analyst,Management Analyst,Animal and Plant Health Inspection Service,Department of Agriculture,Fort Collins,Colorado,"This position is in the Emergency and Regulatory Compliance Services (ERCS) Resource Management Services (RMS). The Management Analyst serves as part of the General Management team responsible for Property, Fleet, AgLearn, and Records Management activities.",2026-07-31,2026-08-06,GS,83265.0,108251.0,Full-Time,False
878396600,data analyst,MANAGEMENT ANALYST,United States Fleet Forces Command,Department of the Navy,Washington,District of Columbia,You will serve as a Management Analyst in the Personnel and Workforce Developement Department of NAVOBSERV.,2026-07-30,2026-08-03,GS,102415.0,133142.0,Full-Time,False
878489200,data analyst,Management Analyst,Veterans Benefits Administration,Department of Veterans Affairs,Huntington,West Virginia,"As a Management Analyst in the Veteran Readiness & Employment Division (VR&E), incumbent is an active participant in all aspects of division management and serves as the primary management support to the Vocational Rehabilitation Employment Officer (VREO) and the VR&E division identifying and analyzing issues and problems and proposes resolutions as well as manages data analysis and internal controls required for program administration.",2026-07-29,2026-08-03,GS,74678.0,97087.0,Full-Time,False
878508100,data analyst,Management Analyst,Federal Law Enforcement Training Centers,Department of Homeland Security,Glynco,Georgia,"""The Federal Law Enforcement Training Centers (FLETC), through strategic partnerships, prepares the federal law enforcement community to safeguard America's people, property, and institutions."" We are a unique inter-agency organization preparing the next generation of law enforcement officers to meet our Nation's most pressing security challenges."" Click here to learn more. An incentive may be authorized. See additional info section.",2026-07-30,2026-08-04,GS,89508.0,116362.0,Full-Time,False
878523000,data analyst,Management Analyst,Veterans Benefits Administration,Department of Veterans Affairs,San Diego,California,"The Management Analyst serves as a member of the Director's Staff for the San Diego Regional Office. The primary purpose of this position is to develop recommendations for program officials and supervisors. Provide recommendations of new work methods, procedural changes, system variations. and acceptance of new technology developments that support the Director and Assistant Director of the regional office.",2026-07-29,2026-08-07,GS,102246.0,132923.0,Full-Time,False
878525400,data analyst,MANAGEMENT ANALYST,U.S. Pacific Fleet,Department of the Navy,Naval Air Station San Diego,California,You will serve as a MANAGEMENT ANALYST in the FORCE MANPOWER DIVISION of COMMANDER NAVAL AIR PACIFIC.,2026-07-30,2026-08-06,GS,102246.0,132923.0,Full-Time,False
878551600,data analyst,Management Analyst,Animal and Plant Health Inspection Service,Department of Agriculture,Fort Collins,Colorado,"Reports to the New World Screwworm Chief in the New World Screwworm Directorate (NWSD), Animal and Plant Health Inspection Service, Office of the Administrator. Serves as the Web Content Specialist for screwworm.gov, working with departmental officials, APHIS program managers, leaders, and public affairs specialists to manage New World Screwworm content.",2026-07-30,2026-08-05,GS,99800.0,129742.0,Full-Time,False
878580700,data analyst,MANAGEMENT ANALYST,Organization of the Joint Chiefs of Staff,Department of Defense,Suffolk,Virginia,"This position is part of the Organization of the Joint Chiefs of Staff. The incumbent will work directly for the Branch Chief, Operations and Plans Branch. The incumbent serves as a Management Analyst, recognized as a subject matter expert.",2026-07-30,2026-08-07,GS,90838.0,118092.0,Full-Time,False
878585500,data analyst,MANAGEMENT ANALYST,United States Fleet Forces Command,Department of the Navy,Fort Meade Naval Facilities,Maryland,"This is a public notice flyer to notify interested applicants of anticipated vacancies. Applications will not be accepted through this flyer. Interested applicants must follow the directions in the ""How to Apply"" section of this flyer to be considered. There may or may not be actual vacancies filled from this flyer. Notice of Result letters will not be sent to applicants who respond to this flyer.",2026-08-02,2026-08-11,GG,102415.0,139970.0,Full-Time,False
878619300,data analyst,Management Analyst,United States Army Installation Management Command,Department of the Army,Fort Hood,Texas,"About the Position: Management Analyst providing comprehensive analysis as a consultant to improve mission effectiveness, resource efficiency and Human Resources administrative support to the Directorate of Public Works, Business Operations, Human Resources Branch.",2026-07-30,2026-08-05,GS,61722.0,80243.0,Full-Time,False
878645800,data analyst,MANAGEMENT ANALYST,U.S. Marine Corps,Department of the Navy,Camp Lejeune,North Carolina,You will serve as a MANAGEMENT ANALYST in the LOGISTICS SUPPORT DIVISION of MARINE CORPS BASE.,2026-07-30,2026-08-06,GS,50460.0,65599.0,Full-Time,False
878657100,data analyst,Management Analyst,Federal Law Enforcement Training Centers,Department of Homeland Security,Artesia,New Mexico,"""The Federal Law Enforcement Training Centers (FLETC), through strategic partnerships, prepares the federal law enforcement community to safeguard America's people, property, and institutions."" We are a unique inter-agency organization preparing the next generation of law enforcement officers to meet our Nation's most pressing security challenges."" Click here to learn more. A recruitment/relocation incentive may be authorized. See additional info section.",2026-07-31,2026-08-13,GS,74678.0,116362.0,Full-Time,False
878676500,data analyst,PROGRAM ANALYST T32,Army National Guard Units,Department of the Army,Phoenix,Arizona,"THIS IS A NATIONAL GUARD TITLE 32 EXCEPTED SERVICE POSITION. This National Guard position is for a PROGRAM ANALYST T32, PDD1009000 and is part of the AZ JFHQ ARMY, National Guard.",2026-07-30,2026-09-23,GS,64564.0,83938.0,Full-Time,False
878891400,data analyst,Management Analyst,Executive Office for U.S. Attorneys and the Office of the U.S. Attorneys,Department of Justice,Norfolk,Virginia,"For more information on the Department of Justice and the United States Attorneys' Offices, visit http://www.justice.gov/usao/. As needed, additional positions may be filled using this announcement.",2026-07-31,2026-08-14,GS,90838.0,118092.0,Full-Time,False
878903300,data analyst,Management Analyst,Bureau of Prisons/Federal Prison System,Department of Justice,Washington,District of Columbia,Corrections professionals who foster a humane and secure environment and ensure public safety by preparing individuals for successful reentry into our communities.,2026-07-31,2026-08-07,GS,121785.0,158322.0,Full-Time,False
870514400,data scientist,SOFTWARE DEVELOPER/DATA SCIENTIST (INTERDISCIPLINARY) - DIRECT HIRE AUTHORITY,"Air Force Elements, U.S. Strategic Command",Department of the Air Force,Dahlgren,Virginia,"Click on ""Learn more about this agency"" button below to view Eligibilities being considered and other IMPORTANT information. The primary purpose of this position is to develop, modify, secure, and automate software, analytical methodologies, and processes; and advance computing technologies using state-of-the-art industry best practices",2026-05-26,2026-09-22,DR,101103.0,158756.0,Full-Time,False
722102800,data analyst,Cyber Threat Analyst,Central Intelligence Agency,Other Agencies and Independent Organizations,Washington,District of Columbia,Cyber Threat Analysts assess foreign cyber intentions and capabilities to support U.S. national security interests.,2025-10-01,2026-09-30,GS,63940.0,158322.0,Full-Time,False
878086800,data analyst,PROCUREMENT ANALYST,Defense Intelligence Agency,Department of Defense,Reston,Virginia,We are committed to: Teamwork: Partnering at all levels and across organizational boundaries for mission accomplishment. Integrity: Adherence to the highest legal and ethical principles in our responsibilities. Excellence: Unrivaled defense intelligence expertise. Service: Putting the welfare of the Nation and commitment to our mission before oneself.,2026-07-24,2026-08-22,GG,143913.0,187093.0,Full-Time,False
878090300,data analyst,Procurement Analyst,"Offices, Boards and Divisions",Department of Justice,Washington,District of Columbia,"This position is to serve as a subject matter expert by supporting the Director of OAM, providing guidance regarding acquisition-related policy, Office of Management and Budget initiatives, acquisition workforce programs, procurement systems, and DOJ strategic acquisition priorities. This is an open-continuous announcement with an established initial cut-off date 14 days after the open date of the announcement. Please see the ""How You Will be Evaluated"" section for more information.",2026-07-27,2027-07-26,GS,143913.0,187093.0,Full-Time,False
878638500,data analyst,PROCUREMENT ANALYST,Defense Information Systems Agency,Department of Defense,Fort Meade,Maryland,"This position for The Defense Information Systems Agency is at SS/PROCUREMENT SERVICES DIR - CONTRACT PLCY AND OPERATIONS DIV (ORG PS22). **This Job Opportunity Announcement is using an additional online assessment tool to evaluate applicants. Please review the HOW YOU WILL BE EVALUATED, REQUIRED DOCUMENTS, HOW TO APPLY and NEXT STEPS sections below for instructions.",2026-07-31,2026-08-06,GS,85447.0,133142.0,Full-Time,False
878541400,business analyst,Lead Business Analyst,Defense Logistics Agency,Department of Defense,Whitehall,Ohio,See below for important information regarding this job.,2026-07-29,2026-08-07,GS,111065.0,144386.0,Full-Time,False
849316000,data analyst,MANAGEMENT ANALYST T32,Army National Guard Units,Department of the Army,Phoenix,Arizona,"THIS IS A NATIONAL GUARD TITLE 32 EXCEPTED SERVICE POSITION. This National Guard position is for a MANAGEMENT ANALYST T32, PDD1256000 and is part of the AZ SMM, National Guard.",2025-10-31,2026-09-23,GS,64564.0,83938.0,Full-Time,False
854510900,data analyst,SUPPLY SYSTEMS ANALYST,Army National Guard Units,Department of the Army,Hastings,Nebraska,"This National Guard position is for a SUPPLY SYSTEMS ANALYST, Position Description Number D0911000 and is part of USPFO AMMO SUPPLY POINT, Hastings, Nebraska Army National Guard.",2026-01-14,2026-09-26,GS,61111.0,79443.0,Full-Time,False
855224900,data analyst,Budget Analyst (Title 32),Army National Guard Units,Department of the Army,Washington,District of Columbia,"District of Columbia Army National Guard Joint Base Anacostia-Bolling, Washington, DC Budget Analyst GS-0560-11 Group 3: Current and former uniformed service members (Active, Reserve, Guard) nationwide who are eligible for military membership in the (DCARNG). **THIS IS NOT A CIVILIAN POSITION. MILITARY MEMBERSHIP IS REQUIRED**",2026-01-22,2027-01-21,GS,85447.0,111087.0,Full-Time,False
875347900,data analyst,SUPPLY SYSTEMS ANALYST,Air National Guard Units,Department of the Air Force,Syracuse,New York,"THIS IS A NATIONAL GUARD TITLE 32 EXCEPTED SERVICE POSITION. This National Guard position is for a SUPPLY SYSTEMS ANALYST, Position Description Number D1402P01 and is part of the 174TH ATKW, National Guard. This vacancy does not meet the criteria for appointment of annuitants.",2026-07-06,2026-08-05,GS,61722.0,80243.0,Full-Time,False
877245400,data analyst,County Program Analyst,Farm Service Agency,Department of Agriculture,Muskogee,Oklahoma,"This is a County Program Analyst position, located in the Muskogee County FSA Office, in Muskogee, Oklahoma. Major Responsibilities for this position can be found below.",2026-07-21,2026-08-04,CO,40736.0,80243.0,Full-Time,False
877339900,data analyst,County Program Analyst,Farm Service Agency,Department of Agriculture,O'Neill,Nebraska,"This is a County Program Analyst position, located in the Holt County FSA Office, in O'Neill, Nebraska. Major Responsibilities for this position can be found below.",2026-07-22,2026-08-04,CO,36464.0,80243.0,Full-Time,False
877361000,data analyst,Financial Analyst #5545,Senate,Legislative Branch,Washington,District of Columbia,The Senate Sergeant at Arms is seeking a Financial Analyst #5545. The complete vacancy announcement and application can be found on the United States Senate Career Page at https://sen.gov/1VNZQ. This vacancy announcement closes at 7pm EST on the closing date. Late applications will not be accepted.,2026-07-21,2026-08-04,AD,102745.0,173959.0,Full-Time,False
877584000,data analyst,County Program Analyst,Farm Service Agency,Department of Agriculture,Coquille,Oregon,"This is a County Program Analyst position, located in the Coos County FSA Office, in Coquille, Oregon. Major Responsibilities for this position can be found below.",2026-07-23,2026-08-05,CO,40736.0,80242.0,Full-Time,False
877623400,data analyst,County Program Analyst,Farm Service Agency,Department of Agriculture,Juneau,Wisconsin,"This is a County Program Analyst position, located in the Dodge County FSA Office, in Juneau, Wisconsin. Major Responsibilities for this position can be found below.",2026-07-24,2026-08-07,CO,42601.0,83918.0,Full-Time,False
878223800,data analyst,County Program Analyst,Farm Service Agency,Department of Agriculture,Delaware,Ohio,"This is a County Program Analyst position, located in the Delaware County FSA Office, in Delaware, Ohio. Major Responsibilities for this position can be found below.",2026-07-29,2026-08-07,CO,42507.0,83733.0,Full-Time,False
878274900,data analyst,SUPPLY SYSTEMS ANALYST,Army National Guard Units,Department of the Army,Carson City,Nevada,"This position is for a SUPPLY SYSTEMS ANALYST, PD#D0911000, part of the Nevada Army National Guard. The purpose of the position is to perform analysis of supply management procedures, services, and directives and to plan, organize, review, evaluate and perform limited supervisory responsibilities over subordinates in accomplishing the work of the branch.",2026-07-28,2027-07-27,GS,68419.0,88949.0,Full-Time,False
878291400,data analyst,County Program Analyst,Farm Service Agency,Department of Agriculture,Madera,California,"This is a County Program Analyst position, located in the Madera County FSA Office, in Madera, California. Major Responsibilities for this position can be found below.",2026-07-29,2026-08-12,CO,40941.0,80648.0,Full-Time,False
878312600,data analyst,COUNTY PROGRAM ANALYST,Farm Service Agency,Department of Agriculture,New Roads,Louisiana,"This is a County Program Analyst position, located in the Pointe Coupee County FSA Office, in New Roads, Louisiana. Major Responsibilities for this position can be found below.",2026-07-30,2026-08-10,CO,40736.0,80243.0,Full-Time,False
878332400,data analyst,SUPPLY SYSTEMS ANALYST,"Commander, Navy Installations Command",Department of the Navy,Pearl Harbor,Hawaii,"This is a public notice flyer to notify interested applicants of anticipated vacancies. Applications will not be accepted through this flyer. Interested applicants must follow the directions in the ""How to Apply"" section of this flyer to be considered. There may or may not be actual vacancies filled from this flyer. Notice of Result letters will not be sent to applicants who respond to this flyer. A post allowance amount, (otherwise known as: COLA), of 8.64% will be added to the stated salary.",2026-07-29,2026-08-11,GS,64438.0,83774.0,Full-Time,False
878376600,data analyst,County Program Analyst,Farm Service Agency,Department of Agriculture,Yuba City,California,"This is a County Program Analyst position, located in the Sutter County FSA Office, in Yuba City, California. Major Responsibilities for this position can be found below.",2026-07-29,2026-08-12,CO,45155.0,88949.0,Full-Time,False
878383400,data analyst,COUNTY PROGRAM ANALYST,Farm Service Agency,Department of Agriculture,Crowley,Louisiana,"This is a County Program Analyst position, located in the Acadia County FSA Office, in Crowley, Louisiana. Major Responsibilities for this position can be found below.",2026-07-30,2026-08-10,CO,40736.0,80243.0,Full-Time,False
878390200,data analyst,County Program Analyst,Farm Service Agency,Department of Agriculture,Okemah,Oklahoma,"This is a County Program Analyst position, located in the Okfuskee County FSA Office, in Okemah, Oklahoma. Major Responsibilities for this position can be found below.",2026-07-29,2026-08-11,CO,40736.0,80243.0,Full-Time,False
878413900,data analyst,County Program Analyst,Farm Service Agency,Department of Agriculture,Alamo,Tennessee,"This is a County Program Analyst position, located in the Crockett County FSA Office, in Alamo, Tennessee. Major Responsibilities for this position can be found below.",2026-07-30,2026-08-12,CO,40736.0,80243.0,Full-Time,False
878491000,data analyst,County Program Analyst,Farm Service Agency,Department of Agriculture,Fresno,California,"This is a County Program Analyst position, located in the Fresno County FSA Office, in Fresno, California. Major Responsibilities for this position can be found below.",2026-07-30,2026-08-13,CO,40941.0,80648.0,Full-Time,False
878671000,data analyst,County Program Analyst,Farm Service Agency,Department of Agriculture,Visalia,California,"This is a County Program Analyst position, located in the Tulare County FSA Office, in Visalia, California. Major Responsibilities for this position can be found below.",2026-07-31,2026-08-14,CO,40941.0,80648.0,Full-Time,False
876577500,data analyst,PROGRAM ANALYST -Title 32,Army National Guard Units,Department of the Army,Madison,Wisconsin,"This National Guard position is for a PROGRAM ANALYST -Title 32, Position Description Number D1038000 and is part of the WI JFHQ G3, Wisconsin Army National Guard.",2026-07-15,2026-08-04,GS,61722.0,80243.0,Full-Time,False
878224600,data analyst,PROGRAM ANALYST - TITLE 32,Army National Guard Units,Department of the Army,Frankfort,Kentucky,"THIS IS A NATIONAL GUARD TITLE 32 EXCEPTED SERVICE POSITION. This National Guard position is for a PROGRAM ANALYST - TITLE 32, Position Description Number PDD1583P01 and is part of the KY DCSOPS, National Guard.",2026-07-28,2026-08-16,GS,61722.0,80243.0,Full-Time,False
878788600,data analyst,"Management Analyst, NF-04",United States Army Installation Management Command,Department of the Army,Fort Sam Houston,Texas,It is the applicant's responsibility to read all sections and associated links in this vacancy announcement. This vacancy may be used to fill additional positions within 90 days of the closing date.,2026-07-31,2026-08-13,NF,75000.0,105000.0,Full-Time,False
831497100,data analyst,Financial System Analyst,Department of Homeland Security - Agency Wide,Department of Homeland Security,Washington,District of Columbia,"1-year non-reimbursable assignment United States Secret Service Financial System Analyst Series Requested: 0501 Security Clearance: TS Onsite Only Only current, full-time federal employees are eligible. Resumes are reviewed every 30 days until selection/closing date. This is a Detail, not a Developmental Rotation. You will be expected to perform as an incumbent in this position. Supervisory approval form must be signed. Read the entire announcement prior to submitting.",2026-05-13,2026-11-12,GS,101401.0,185234.0,Full-Time,False
877750800,data analyst,Supervisory Case Analyst,"Offices, Boards and Divisions",Department of Justice,Washington,District of Columbia,"The Office of Enforcement Operations (OEO) provides investigative & prosecutorial support, legal advice, and statutorily required review and approval in almost 40 distinct subject areas. OEO oversees the use of the most sophisticated investigative tools of the federal government, including electronic surveillance, the Federal Witness Security Program, media subpoenas, and witness immunity requests. OEO provides legal advice to federal, state, and local law enforcement agencies on these programs.",2026-07-23,2026-08-06,GS,143913.0,187093.0,Full-Time,False
877752700,data analyst,Supervisory Case Analyst,"Offices, Boards and Divisions",Department of Justice,Washington,District of Columbia,"The Office of Enforcement Operations (OEO) provides investigative & prosecutorial support, legal advice, and statutorily required review and approval in almost 40 distinct subject areas. OEO oversees the use of the most sophisticated investigative tools of the federal government, including electronic surveillance, the Federal Witness Security Program, media subpoenas, and witness immunity requests. OEO provides legal advice to federal, state, and local law enforcement agencies on these programs.",2026-07-23,2026-08-06,GS,143913.0,187093.0,Full-Time,False
877872200,data analyst,Program Analyst (Aviation),U.S. Special Operations Command (Army),Department of the Army,Fort Bragg,North Carolina,About the Position: Acts as the principal authority and provides continuity on all matters concerning army special operations aviation (ARSOA).,2026-07-24,2026-08-06,GS,93468.0,121511.0,Full-Time,False
878267300,data analyst,INTERNAL CONTROL ANALYST,Air National Guard Units,Department of the Air Force,Bangor,Maine,"THIS IS A NATIONAL GUARD TITLE 5 EXCEPTED SERVICE POSITION. This National Guard position is for a INTERNAL CONTROL ANALYST, Position Description Number T59034P1 and is part of the ME 101st Comptroller Flight, National Guard.",2026-07-28,2026-08-12,GS,74678.0,97087.0,Full-Time,False
878900500,data analyst,Consumer Affairs Analyst,National Credit Union Administration,Other Agencies and Independent Organizations,Alexandria,Virginia,"This position is at the National Credit Union Administration (NCUA) in the Office of Consumer Financial Protection. This position serves as a Consumer Affairs Analyst. This is an opportunity for current NCUA employees in a permanent position, to serve on a detail or temporary promotion, not to exceed 1 year with the possibility to be extended an additional year. This position may be made permanent without further competition.",2026-07-31,2026-08-13,CU,115333.0,209180.0,Full-Time,False
757394900,data analyst,IG Auditor/Program Analyst,Central Intelligence Agency,Other Agencies and Independent Organizations,Washington,District of Columbia,"Inspector General Auditors conduct performance, financial statement, financial-related, and information systems audits of CIA programs and activities.",2025-10-01,2026-09-30,GS,75972.0,185234.0,Full-Time,False
872679000,data analyst,Senior Programmer/Analyst,U.S. Courts,Judicial Branch,Richmond,Virginia,"Join a collaborative, highly motivated, and leading-edge IT team that is in the forefront of spearheading and advancing the most innovative and newest technologies, so that the federal judiciary better may administer justice for all. The team you would join is responsible for designing, developing, and supporting multiple software products, including those at the national level. Both on- and off-site training opportunities are encouraged.",2026-06-05,2027-06-04,CL,105090.0,170828.0,Full-Time,False
876768100,data analyst,Forensic Computer Analyst,U.S. Postal Service,Other Agencies and Independent Organizations,Anaheim,California,"Come join the U.S. Postal Service! The successful candidate conducts forensic analyses of digital and other multimedia evidence utilizing appropriate scientific methodologies, forensic techniques, and quality assurance practices in support of criminal and administrative investigations.",2026-07-16,2026-08-15,WE,78160.0,144820.0,Full-Time,False
876769500,data analyst,Forensic Computer Analyst,U.S. Postal Service,Other Agencies and Independent Organizations,Dulles Airport,Virginia,"Come join the U.S. Postal Service! The successful candidate conducts forensic analyses of digital and other multimedia evidence utilizing appropriate scientific methodologies, forensic techniques, and quality assurance practices in support of criminal and administrative investigations.",2026-07-15,2026-08-15,WE,78160.0,144820.0,Full-Time,False
869242100,data analyst,Management/Program Analyst,Department of Homeland Security - Agency Wide,Department of Homeland Security,Washington,District of Columbia,"This assignment is a 1-year non-reimbursable assignment. Homeland Security Investigations (HSI) Management/Program Analyst Series Requested: 0301 Security Clearance: Secret Virtual/Remote: No Only current, full-time federal employees are eligible. Resumes are reviewed every 30 days until selection/closing date. This is a Detail, not a Developmental Rotation. Supervisory approval form must be signed.",2026-05-13,2026-11-12,GS,121785.0,158322.0,Full-Time,False
877152900,data analyst,Management & Program Analyst,Veterans Health Administration,Department of Veterans Affairs,Columbia,South Carolina,"The Management & Program Analysis is a major position for the Medicine Service Line at WJB Dorn Veterans Medical Center in Columbia SC. Medicine Service consists of the following service departments: Cardiology, Endocrinology, Dermatology, Nephrology, Hematology-Oncology, Gastroenterology, Infectious Disease, Pulmonary/Critical Care, Rheumatology, Inpatient service, Respiratory Therapy, Home Oxygen, Sleep Medicine, and Neurology.",2026-07-21,2026-08-03,GS,61722.0,97087.0,Full-Time,False
877495600,data analyst,Management & Program Analyst,Veterans Health Administration,Department of Veterans Affairs,Sunrise,Florida,"Management and Program Analyst will be the primary resource for data collection and analysis for the Ambulatory Care Service. The selectee will be the subject expert on obtaining and interpreting data for the service and will provide accurate, concise information that will be used to determine the effectiveness of the care provided within Ambulatory Care Service.",2026-07-22,2026-08-03,GS,53740.0,85460.0,Full-Time,False
877668900,data analyst,Workforce Planning Analyst,Small Business Administration,Other Agencies and Independent Organizations,District of Columbia,District of Columbia,"This position is located in the Small Business Administration, Office of Disaster Recovery and Resilience - HQ in Washington, DC. Employee will serve as a workforce analyst to identify trends, project staffing needs, identify skill gaps, and recommend improvements that right size the workforce, forecast resource requirements, and optimize organizational structure in meeting mission requirements.",2026-07-23,2026-08-06,GS,143913.0,187093.0,Full-Time,False
878455800,data analyst,Supervisory Policy Analyst,Citizenship and Immigration Services,Department of Homeland Security,Camp Springs,Maryland,"Protect your homeland and defend your culture. Join USCIS, America's frontline defense against illegal foreign infiltration and fraud. As a Supervisory Policy Analyst (BRANCH CHIEF), you will serve as the principal subject matter expert for implementing immigration policy objectives within the Office of Policy and Strategy.",2026-07-29,2026-08-10,GS,169279.0,197200.0,Full-Time,False
878498300,business analyst,Business Financial Analyst,Architect of the Capitol,Legislative Branch,Washington,District of Columbia,"This position is located in the Architect of the Capitol (AOC), Executive Director of Facility Operations, Capitol Building. The Business Financial Analyst will analyze current and proposed operations and processes of the organization and advise senior managers on financial matters pertaining to these issues for the Capitol Building. The selectee will serve as a principle financial advisor on the effectiveness of budget and financial operations and programs within the Capitol Building. .",2026-07-29,2026-08-14,GS,121785.0,158322.0,Full-Time,False
878549900,data analyst,MANAGEMENT & PROGRAM ANALYST,U.S. Pacific Fleet,Department of the Navy,Fallon,Nevada,You will serve as a Management & Program Analyst in the Administrative Department (Code N1) of NAVAVNWARDEVCEN.,2026-07-30,2026-08-10,GS,61965.0,97469.0,Full-Time,False
878571900,data analyst,Supervisory Budget Analyst,Military Treatment Facilities under DHA,Department of Defense,Fort Gordon,Georgia,"About the Position: This position is located at Department of Resource Management, Fort Gordon, GA. This is a Direct Hire Solicitation A recruitment incentive may be authorized. Salary negotiation may be available for those candidates who are new to Federal service.",2026-07-29,2026-08-07,GS,89508.0,116362.0,Full-Time,False
878593600,data analyst,MANAGEMENT & PROGRAM ANALYST,"Commander, Navy Installations Command",Department of the Navy,Washington Navy Yard,District of Columbia,You will serve as a Tasker Manger in the Operations Integration of COMMANDER - NAVAL INSTALLATIONS.,2026-07-31,2026-08-06,GS,121785.0,158322.0,Full-Time,False
878120000,data specialist,"Supervisory Human Resources Specialist (Chief - Training, Quality Assurance & Data Analytics)",Veterans Benefits Administration,Department of Veterans Affairs,Jackson,Mississippi,"The position is in the Department of Veterans Affairs (VA), Veterans Benefits Administration (VBA), Office of Human Capital Services (HCS), Office of Staff Operations (OSO), Jackson, MS Human Resources Center (HRC).The HCS Training, Quality Assurance & Data Analytics Chief serves as the alter ego to the Training Deputy and provides guidance and recommendations for the implementation of training initiatives nationwide on the OSO Team.",2026-07-28,2026-08-03,GS,125776.0,163514.0,Full-Time,False
723123400,data analyst,Technical Targeting Analyst,Central Intelligence Agency,Other Agencies and Independent Organizations,Washington,District of Columbia,Technical Targeting Analysts evaluate data across a variety of specialized technical areas to provide insights that drive decision-making for operations.,2025-10-01,2026-09-30,GS,70623.0,197200.0,Full-Time,False
876766900,data analyst,Forensic Computer Analyst SR,U.S. Postal Service,Other Agencies and Independent Organizations,Richmond,California,"Come join the U.S. Postal Service! The successful candidate conducts forensic analyses of digital and other multimedia evidence utilizing appropriate scientific methodologies, forensic techniques, and quality assurance practices in support of criminal and administrative investigations.",2026-07-16,2026-08-15,WE,128740.0,178390.0,Full-Time,False
876921400,data analyst,Supervisory Program Analyst,Food and Drug Administration,Department of Health and Human Services,Silver Spring,Maryland,"This position is in the Food and Drug Administration's (FDA's) Office of the Commissioner (OC), Office of Operations (OO), Office of Finance, Budget, and Acquisitions (OFBA). The incumbent serves as a Branch Chief providing the full range of supervisory responsibilities over multiple team leaders and subordinate specialist. Serves as subject matter authority on all aspects of travel programs and activities under the purview of the office.",2026-07-17,2026-08-03,GS,143913.0,187093.0,Full-Time,False
877292400,research analyst,OPERATIONS RESEARCH ANALYST,U.S. Pacific Fleet,Department of the Navy,Naval Air Station San Diego,California,"This is a public notice flyer to notify interested applicants of anticipated vacancies. Applications will not be accepted through this flyer. Interested applicants must follow the directions in the ""How to Apply"" section of this flyer to be considered. There may or may not be actual vacancies filled from this flyer. Notice of Result letters will not be sent to applicants who respond to this flyer. You will serve as the OPERATIONS RESEARCH ANALYST in the Force Readiness Analytics Group (FRAG).",2026-07-20,2026-08-05,GS,121585.0,158062.0,Full-Time,False
877424200,research analyst,OPERATIONS RESEARCH ANALYST,Naval Air Systems Command,Department of the Navy,Lakehurst,New Jersey,"You will serve as a OPERATIONS RESEARCH ANALYST in the Naval Air Warfare Center Aircraft Division (NAWCAD), Support Equipment (SE) & Aircraft Launch and Recovery Equipment (ALRE) Group of NAVAIRWARCENADLKE within the Operations Department, Digital Engineering Division and the Data and Applications Branch (BL72200).",2026-07-27,2026-08-05,GS,125431.0,163062.0,Full-Time,False
877626100,research analyst,Operations Research Analyst,Defense Human Resources Activity,Department of Defense,Alexandria,Virginia,"This position is part of the Defense Human Resources Activity. The incumbent will collaborate with team members to plan and execute the full analytic lifecycle. Must also be able to help design and build user focused analytics. Must possess curiosity, creativity, flexibility, focus, and attention to detail while working with partners throughout the enterprise and Department.",2026-07-22,2026-08-04,GS,121785.0,158322.0,Full-Time,False
877828500,research analyst,OPERATIONS RESEARCH ANALYST,Joint Activities,Department of the Army,Fort Meade,Maryland,"About the Position: This position is a DOD Cyber Excepted Service (CES) personnel system position in the Excepted Service under 10 USC 1599f. Employees occupying CES positions are in the Excepted Service and must adhere to U.S. Code, Title 10, as well as Department of Defense Instruction 1400.25. This position is located at the FORT MEADE, MD.",2026-07-23,2026-08-03,GG,131841.0,180186.0,Full-Time,False
877963700,data analyst,SUPERVISORY PROGRAM ANALYST,Naval Air Systems Command,Department of the Navy,Point Mugu,California,You will serve as a the Branch Head of the Product Development Branch (EB32200) within the Airborne Instrumentation Division of NAVAIRWARCENWPNDIV POINT MUGU.,2026-07-31,2026-08-06,NM,124085.0,190627.0,Full-Time,False
878048800,research analyst,Operations Research Analyst,Joint Activities,Department of the Army,Fort Meade,Maryland,"About the Position: This position is a DOD Cyber Excepted Service (CES) personnel system position in the Excepted Service under 10 USC 1599f. Employees occupying CES positions are in the Excepted Service and must adhere to U.S. Code, Title 10, as well as Department of Defense Instruction 1400.25. This position is located at the Fort Meade, Maryland.",2026-07-27,2026-08-03,GG,121785.0,166440.0,Full-Time,False
878140800,business analyst,Business Operations Analyst,Securities and Exchange Commission,Other Agencies and Independent Organizations,Washington,District of Columbia,"The Division of Examinations Business Management Office is seeking a Management and Program Analyst (Business Operations Analyst) in Washington, DC.",2026-07-27,2026-08-10,SK,153114.0,259402.0,Full-Time,False
878148200,research analyst,OPERATIONS RESEARCH ANALYST,"Air Force Elements, U.S. Special Operations Command",Department of the Air Force,MacDill AFB,Florida,"Click on ""Learn more about this agency"" button below to view Eligibilities being considered and other IMPORTANT information. The primary purpose of this position is: to serve as a senior US Special Operations Command (USSOCOM) analyst, providing professional and scientific expertise in performance of work requiring knowledge and application of engineering, mathematics, statistical analysis, modeling/simulation, and/or other scientific principles, methods, and techniques.",2026-07-28,2026-08-03,GS,125776.0,163514.0,Full-Time,False
878163200,research analyst,Operations Research Analyst,U.S. Military Entrance Processing Command,Department of the Army,North Chicago,Illinois,"This is a Direct Hire Authority (DHA) solicitation utilizing the DHA for STEM, Cyber Security, and Related Positions to recruit and appoint qualified candidates to positions in the competitive service. This position will be filled on a permanent basis.",2026-07-29,2026-08-04,GS,118984.0,154682.0,Full-Time,False
878233700,data analyst,SUPERVISORY PROGRAM ANALYST,Naval Sea Systems Command,Department of the Navy,Washington Navy Yard,District of Columbia,"You will serve as a SUPERVISORY PROGRAM ANALYST in the Planning Yard Management Branch, in the In-Service Attack Submarines Program Office (PMS 392) of TEAM SUBMARINE.",2026-07-29,2026-08-07,NH,143913.0,197200.0,Full-Time,False
878467000,data analyst,SUPERVISORY PROGRAM ANALYST,Naval Sea Systems Command,Department of the Navy,Washington Navy Yard,District of Columbia,You will serve as a SUPERVISORY PROGRAM ANALYST in the PMS 326 of NAVSEA HQ FIELD SUPPORT.,2026-07-30,2026-08-05,NH,143913.0,197200.0,Full-Time,False
878642000,research analyst,Operations Research Analyst,Joint Activities,Department of the Army,Fort Bragg,North Carolina,"This is a Direct Hire Authority (DHA) solicitation utilizing the DHA for STEM to recruit and appoint qualified candidates to positions in the competitive service. About the Position: Serves as a Operations Research Analyst for the Joint Activities located at Fort Bragg, North Carolina. Only resumes up to a total of two pages will be accepted.",2026-07-31,2026-08-14,GS,131342.0,170750.0,Full-Time,False
878692100,research analyst,Operations Research Analyst,US ARMY HUMAN RESOURCES COMMAND (DRU),Department of the Army,Fort Knox,Kentucky,"This is a Direct Hire Authority (DHA) solicitation utilizing the DHA for Certain Personnel of the DoD Workforce to recruit and appoint qualified candidates to positions in the competitive service. About the Position: Position is located at Human Resources Command (HRC), Officer Personnel Management Directorate (OPMD), at Fort Knox, Kentucky.",2026-07-31,2026-08-04,GS,106437.0,138370.0,Full-Time,False
878840400,data analyst,Strategic Workforce Analyst,Washington Headquarters Services,Department of Defense,Alexandria County,Virginia,"This position is located in the Washington Headquarters Services (WHS), Human Resources Directorate (HRD). HRD provides comprehensive human resources to the Office of the Secretary of War (OSW), Department of War (DoW) agencies and field activities, and select government organizations.",2026-07-31,2026-08-04,GS,121785.0,187093.0,Full-Time,False
878888800,data analyst,Program Integration Analyst,U.S. Army Cyber Command,Department of the Army,Fort Huachuca,Arizona,"About the Position: This position is a DOD Cyber Excepted Service (CES) personnel system position in the Excepted Service under 10 USC 1599f. Employees occupying CES positions are in the Excepted Service and must adhere to U.S. Code, Title 10, as well as Department of Defense Instruction 1400.25. This position is located at the U.S. Army Network Enterprise Technology Command (NETCOM) Headquarters ACOS G-3/5 IT Mission Support Systems Support in Fort Huachuca, Arizona.",2026-07-31,2026-08-08,GG,128162.0,175161.0,Full-Time,False
878928900,business analyst,Business Operations Analyst,U.S. Coast Guard,Department of Homeland Security,Petaluma,California,"This vacancy is for a GS - 0343 - 9, Business Operations Analyst located in the Department of Homeland Security, U.S. Coast Guard, TRACEN PETALUMA FAC ENG - CONSTRUCTION/MANAGEMENT in PETALUMA, California.",2026-08-01,2026-08-11,GS,77161.0,100315.0,Full-Time,False
878929000,business analyst,Business Operations Analyst,U.S. Coast Guard,Department of Homeland Security,Petaluma,California,"This vacancy is for a GS-0343-9, Business Operations Analyst located in the Department of Homeland Security, U.S. Coast Guard, TRACEN PETALUMA FAC ENG - CONSTRUCTION/MANAGEMENT in PETALUMA, California.",2026-08-01,2026-08-11,GS,77161.0,100315.0,Full-Time,False
862200800,data analyst,FINANCIAL MANAGEMENT ANALYST,Air National Guard Units,Department of the Air Force,Forbes AFB,Kansas,"THIS IS A NATIONAL GUARD TITLE 32 EXCEPTED SERVICE POSITION. This National Guard position is for a FINANCIAL MANAGEMENT ANALYST, Position Description Number D2513P01 and is part of the KS 190 Air Refueling Wing, National Guard.",2026-07-27,2027-07-25,GS,75897.0,98671.0,Full-Time,False
867442800,data analyst,FINANCIAL MANAGEMENT ANALYST,Air National Guard Units,Department of the Air Force,Forbes AFB,Kansas,"THIS IS A NATIONAL GUARD TITLE 32 EXCEPTED SERVICE POSITION. This National Guard position is for a FINANCIAL MANAGEMENT ANALYST, Position Description Number D2515P01, D2514P01 and is part of the KS 190 Air Refueling Wing, National Guard.",2026-07-27,2027-07-25,GS,51283.0,81553.0,Full-Time,False
871866600,data analyst,FINANCIAL MANAGEMENT ANALYST,Naval Air Systems Command,Department of the Navy,China Lake,California,"This is a public notice flyer to notify interested applicants of anticipated vacancies through the STRL Mission Support Direct Hire Authority . Applications will not be accepted through this flyer. Interested applicants must follow the directions in the ""How to Apply"" section of this flyer to be considered. There may or may not be actual vacancies filled from this flyer. Notice of Result letters will not be sent to applicants who respond to this flyer.",2026-06-09,2027-06-08,DA,47490.0,103006.0,Full-Time,False
873391400,data analyst,FINANCIAL MANAGEMENT ANALYST,Naval Sea Systems Command,Department of the Navy,Pascagoula,Mississippi,"This is a public notice flyer to notify interested applicants of anticipated vacancies. Applications will not be accepted through this flyer. Interested applicants must follow the directions in the ""How to Apply"" section of this flyer to be considered. There may or may not be actual vacancies filled from this flyer. Notice of Result letters will not be sent to applicants who respond to this flyer. Salary by Grade Level: GS-09: $61,722 - $80,243 GS-11: $74,678 - $97,087",2026-06-17,2026-12-17,GS,61722.0,97087.0,Full-Time,False
873777700,data analyst,FINANCIAL MANAGEMENT ANALYST,Air National Guard Units,Department of the Air Force,Mansfield,Ohio,"THIS IS A NATIONAL GUARD TITLE 5 EXCEPTED SERVICE POSITION. This National Guard position is for a FINANCIAL MANAGEMENT ANALYST, Position Description Number T5636P01 and is part of the OH 179 Cyberspace Wing, National Guard. The purpose of this position is plan, coordinate, and perform comprehensive Accounting and Financial Management analysis, decision support and quality reviews, of base level accounting and financial management programs.",2026-06-22,2026-08-05,GS,77977.0,101375.0,Full-Time,False
873979000,data analyst,FINANCIAL MANAGEMENT ANALYST,Air National Guard Units,Department of the Air Force,Portland,Oregon,"This National Guard position is for a FINANCIAL MANAGEMENT ANALYST, Position Description Number D2514P01 (GS-9), D2513P01 (GS-11) and is part of the Oregon Air National Guard 142nd Wing, National Guard.",2026-07-24,2026-08-24,GS,66505.0,104610.0,Full-Time,False
876147400,data analyst,Financial Management Analyst,Indian Health Service,Department of Health and Human Services,Browning,Montana,"The incumbent of this position preforms a variety of financial management duties and must have knowledge of financial principles and procedures in carrying out assignments. A REAL ID will be required beginning May 7, 2025, in accordance with 6 C.F.R. 37.5 (2021).",2026-07-10,2026-08-08,GS,89508.0,116362.0,Full-Time,False
877696200,data analyst,FINANCIAL MANAGEMENT ANALYST,U.S. Pacific Fleet,Department of the Navy,Bremerton,Washington,You will serve as a FINANCIAL MANAGEMENT ANALYST in the Information Technology & Cyber Security Office(Code 109) of PSNS and IMF.,2026-07-23,2026-08-03,GS,69373.0,109122.0,Full-Time,False
877722800,data analyst,FINANCIAL MANAGEMENT ANALYST,U.S. Marine Corps,Department of the Navy,Fort Hamilton,New York,"This is a public notice flyer to notify interested applicants of anticipated vacancies. Applications will not be accepted through this flyer. Interested applicants must follow the directions in the ""How to Apply"" section of this flyer to be considered. There may or may not be actual vacancies filled from this flyer. Notice of Result letters will not be sent to applicants who respond to this flyer.",2026-07-24,2026-08-06,GS,72737.0,94563.0,Full-Time,False
877885100,data analyst,FINANCIAL MANAGEMENT ANALYST,U.S. Marine Corps,Department of the Navy,Camp Pendleton,California,"This is a public notice flyer to notify interested applicants of anticipated vacancies. Applications will not be accepted through this flyer. Interested applicants must follow the directions in the ""How to Apply"" section of this flyer to be considered. There may or may not be actual vacancies filled from this flyer. Notice of Result letters will not be sent to applicants who respond to this flyer.",2026-07-27,2026-08-07,GS,57641.0,74935.0,Full-Time,False
877904500,data analyst,FINANCIAL MANAGEMENT ANALYST,U.S. Pacific Fleet,Department of the Navy,Coronado,California,You will serve as a FINANCIAL MANAGEMENT ANALYST in the Comptroller (N8) of EXPED WARFARE TRNG GRP PACIFIC.,2026-07-27,2026-08-03,GS,70507.0,110905.0,Full-Time,False
877955800,data analyst,FINANCIAL MANAGEMENT ANALYST,Army National Guard Units,Department of the Army,Latham,New York,"THIS IS A NATIONAL GUARD TITLE 5 EXCEPTED SERVICE POSITION. This National Guard position is for a FINANCIAL MANAGEMENT ANALYST, Position Description Number T5127P01 and is part of the UNITED STATES PROPERTY AND FISCAL OFFICE, National Guard. This vacancy does not meet the criteria for appointment of annuitants.",2026-07-24,2026-08-24,GS,63678.0,82787.0,Full-Time,False
878114600,data analyst,Financial Management Analyst,Office of the Secretary of Defense,Department of Defense,Arlington,Virginia,"The purpose of the position is to serve as a Financial Management Analyst supporting the Business Operations Directorate with technical expertise in fiscal, financial, accounting or budgetary management necessary to support the Department's Financial Management Certification Program, Strategic Workforce Management, and strategic communication initiatives.",2026-07-28,2026-08-03,GS,143913.0,187093.0,Full-Time,False
878149400,data analyst,FINANCIAL MANAGEMENT ANALYST,Air National Guard Units,Department of the Air Force,Westhampton Beach,New York,"THIS IS A NATIONAL GUARD TITLE 32 EXCEPTED SERVICE POSITION. This National Guard position is for a FINANCIAL MANAGEMENT ANALYST, Position Description Number D2513P01 and is part of the 106TH RQW, National Guard. This vacancy does not meet the criteria for appointment of annuitants.",2026-07-27,2026-08-11,GS,72737.0,114413.0,Full-Time,False
878153000,data analyst,FINANCIAL MANAGEMENT ANALYST,Air National Guard Units,Department of the Air Force,Westhampton Beach,New York,"THIS IS A NATIONAL GUARD TITLE 32 EXCEPTED SERVICE POSITION. This National Guard position is for a FINANCIAL MANAGEMENT ANALYST, Position Description Number D2513P01 and is part of the 106TH RQW, National Guard. This vacancy does not meet the criteria for appointment of annuitants.",2026-07-27,2026-08-26,GS,72737.0,114413.0,Full-Time,False
878246900,data analyst,FINANCIAL MANAGEMENT ANALYST,Immediate Office of the Chief of Naval Operations,Department of the Navy,Washington Navy Yard,District of Columbia,"This is a public notice flyer to notify interested applicants of anticipated vacancies through the Certain Personnel/Modified Direct Hire Authority. Applications will not be accepted through this flyer. Interested applicants must follow the directions in the ""How to Apply"" section of this flyer to be considered. There may or may not be actual vacancies filled from this flyer. Notice of Result letters will not be sent to applicants who respond to this flyer.",2026-07-31,2026-08-07,GS,102415.0,158322.0,Full-Time,False
878312800,data analyst,FINANCIAL MANAGEMENT ANALYST,Air National Guard Units,Department of the Air Force,Bangor,Maine,"THIS IS A NATIONAL GUARD TITLE 32 EXCEPTED SERVICE POSITION. This National Guard position is for a FINANCIAL MANAGEMENT ANALYST, Position Description Number D2513P01 and is part of the ME 101st Comptroller Flight, National Guard.",2026-07-28,2026-08-14,GS,74678.0,97087.0,Full-Time,False
878314700,data analyst,FINANCIAL MANAGEMENT ANALYST,Air National Guard Units,Department of the Air Force,Bangor,Maine,"THIS IS A NATIONAL GUARD TITLE 5 EXCEPTED SERVICE POSITION. This National Guard position is for a FINANCIAL MANAGEMENT ANALYST, Position Description Number T5636P01 and is part of the ME 101st Comptroller Flight, National Guard.",2026-07-28,2026-08-14,GS,74678.0,97087.0,Full-Time,False
878326700,data analyst,Financial Management Analyst,Military Treatment Facilities under DHA,Department of Defense,Pearl Harbor,Hawaii,About the Position: Serves as a Financial Management Analyst for a Defense Health Agency (DHA) Medical Treatment Facility (MTF). This is a Direct Hire Solicitation.,2026-07-30,2026-08-05,GS,64438.0,83774.0,Full-Time,False
878406100,data analyst,Immigration Services Analyst,Citizenship and Immigration Services,Department of Homeland Security,Boston,Massachusetts,"Protect your homeland and defend your culture. Join USCIS, America's frontline defense against illegal foreign infiltration and fraud. As an Immigration Services Analyst, you will provide support to both the operational and administrative functions of USCIS operations and research and cunduct studies.",2026-07-29,2026-08-03,GS,69905.0,131790.0,Full-Time,False
878416500,data analyst,Technical and Quality Analyst,Defense Logistics Agency,Department of Defense,Philadelphia,Pennsylvania,See below for important information regarding this job.,2026-07-29,2026-08-07,GS,98630.0,128221.0,Full-Time,False
878510200,data analyst,FINANCIAL MANAGEMENT ANALYST,Immediate Office of the Chief of Naval Operations,Department of the Navy,Washington Navy Yard,District of Columbia,You will serve as a FINANCIAL MANAGEMENT ANALYST of NAVAL HISTORY AND HERITAGE COMMAND.,2026-07-30,2026-08-05,GS,57736.0,91815.0,Full-Time,False
878588600,data analyst,FINANCIAL MANAGEMENT ANALYST,U.S. Marine Corps,Department of the Navy,Arlington,Virginia,"You will serve as a FINANCIAL MANAGEMENT ANALYST in the FISCAL BRANCH, ADMINISTRATION AND RESOUCES DIVISION of HQ US MARINE CORPS.",2026-07-30,2026-08-03,GS,121785.0,158322.0,Full-Time,False
878607100,data analyst,FINANCIAL MANAGEMENT ANALYST,Air National Guard Units,Department of the Air Force,Otis ANG Base,Massachusetts,"THIS IS A NATIONAL GUARD TITLE 5 EXCEPTED SERVICE POSITION. This National Guard position is for a FINANCIAL MANAGEMENT ANALYST, Position Description Number PDT6379000 and is part of the MA ANG 102nd IW, National Guard. This is a Non-Bargaining Unit position. The unit point of contact and contact phone for this position is: SMSgt Ashley Booker at ashley.booker@us.af.mil.",2026-07-30,2026-08-29,GS,69905.0,90882.0,Full-Time,False
878653300,data analyst,Financial Management Analyst,Air Education and Training Command,Department of the Air Force,Lackland AFB,Texas,This position is Non-appropriated Fund (NAF) and will be assigned to the NAF Resource Accounting Office located on JBSA Lackland AFB. Employee may occasionally be required to assist customers at other JBSA locations. This is a regular part-time category position with guaranteed 20 hours per week. May work up to 40 hrs/week. Employees appointed to a regular category position are eligible for benefits.,2026-07-30,2026-08-06,NF,49920.0,56160.0,Part-Time,False
878751700,data analyst,Immigration Services Analyst,Citizenship and Immigration Services,Department of Homeland Security,Overland Park,Kansas,"Protect your homeland and defend your culture. Join USCIS, America's frontline defense against illegal foreign infiltration and fraud. As an Immigration Services Analyst, you will assist in a variety of programs and in implementing IT systems that focus on plans, policies and procedures related to goals, objectives and priorities.",2026-07-30,2026-08-04,GS,41400.0,81553.0,Full-Time,False
878751800,data analyst,Immigration Services Analyst,Citizenship and Immigration Services,Department of Homeland Security,Lees Summit,Missouri,"Protect your homeland and defend your culture. Join USCIS, America's frontline defense against illegal foreign infiltration and fraud. As an Immigration Services Analyst, you will assist in a variety of programs and in implementing IT systems that focus on plans, policies and procedures related to goals, objectives and priorities.",2026-07-30,2026-08-04,GS,41400.0,81553.0,Full-Time,False
878802200,data analyst,FINANCIAL MANAGEMENT ANALYST,STRATEGIC SYSTEMS PROGRAMS (SSP),Department of the Navy,Washington Navy Yard,District of Columbia,"You will serve as a FINANCIAL MANAGEMENT ANALYST in the TECHNICAL DIVISION (SP20), MISSILE BRANCH (SP27) of STRATEGIC SYSTEMS PROGRAMS. This position is part of the Department of Defense Civilian Acquisition Workforce Personnel Demonstration Project. The NH-4 broadband level encompasses positions equivalent to GS-14 and GS-15.",2026-07-31,2026-08-07,NH,143913.0,197200.0,Full-Time,False
878919100,data analyst,FINANCIAL MANAGEMENT ANALYST,U.S. Marine Corps,Department of the Navy,Twentynine Palms,California,You will serve as a FINANCIAL MANAGEMENT ANALYST in the MARINE CORPS AIR GROUND COMBAT CENTER of OFFICE OF THE COMMANDING GENERAL.,2026-08-01,2026-08-05,GS,87061.0,103006.0,Full-Time,False
876394800,data analyst,Recent Graduate - Budget Analyst,Employment and Training Administration,Department of Labor,Washington,District of Columbia,"For more information, click Pathways Programs, State Apprenticeship Programs, Other Apprenticeship Programs or Career One Stop. This is an appointment under the DOL Recent Graduates program. The program duration is one year. Upon successful completion of the program and at the agency's discretion, the appointee may be converted to a term or permanent position in the competitive service.",2026-07-31,2026-08-06,GS,57736.0,91815.0,Full-Time,False
877323400,data analyst,Management and Program Analyst,United States Army Installation Management Command,Department of the Army,Fort Bliss,Texas,"About the Position: Serve as a focal point in arranging on-site training courses to meet the needs of the Directorate personnel in the area of management, supervisory, technical, administrative, and computer areas.",2026-07-22,2026-08-04,GS,74678.0,97087.0,Full-Time,False
877375800,data analyst,Management and Program Analyst,National Park Service,Department of the Interior,Boulder City,Nevada,"This position is a Management and Program Analyst, GS- 0343-13 working in Boulder City, Nevada for the Lake Mead National Recreation Area. The primary purpose of this position is to perform highly complicated management and program analysis in which the analysis directly influences the focus and/or direction of NPS programs or policies.",2026-07-21,2026-08-04,GS,108719.0,141337.0,Full-Time,False
877420400,data analyst,Management and Program Analyst,Immigration and Customs Enforcement,Department of Homeland Security,Washington,District of Columbia,"Organizational Location: There positions are located in the Department of Homeland Security (DHS), Immigration and Customs Enforcement (ICE), Homeland Security Investigations (HSI), in Washington DC. Additional selections may be made across the National Capitol Region through this vacancy announcement. If selected, current ICE employees assigned to approved ICE alternate duty locations may be eligible to retain the alternate duty location in this position.",2026-07-23,2026-08-03,GS,143913.0,187093.0,Full-Time,False
877429500,data analyst,Management and Program Analyst,Defense Logistics Agency,Department of Defense,Battle Creek,Michigan,See below for important information regarding this job.,2026-07-21,2026-08-04,GS,74678.0,116362.0,Full-Time,False
877446700,data analyst,Cyber Operations Plans Analyst,Joint Activities,Department of the Army,Fort Meade,Maryland,"About the Position: This position is a DOD Cyber Excepted Service (CES) personnel system position in the Excepted Service under 10 USC 1599f. Employees occupying CES positions are in the Excepted Service and must adhere to U.S. Code, Title 10, as well as Department of Defense Instruction 1400.25. This position is located at the U.S. Cyber Command in Fort Meade, Maryland..",2026-07-22,2026-08-04,GG,114695.0,156753.0,Full-Time,False
877579200,data analyst,Management and Program Analyst,"Agriculture, Rural Development",Department of Agriculture,Little Rock,Arkansas,This position is under the direction of the Deputy State Director (DSD) to support a state in evaluating RD programs and administrative operations to determine their effectiveness and efficiency in accomplishing goals and management initiatives.,2026-07-23,2026-08-05,GS,74678.0,97087.0,Full-Time,False
877737600,data analyst,Management and Program Analyst,U.S. Capitol Police,Legislative Branch,Washington,District of Columbia,"The United States Capitol Police (USCP) safeguards the Congress, Members of Congress, employees, visitors, and Congressional buildings and grounds from crime, disruption, and terrorism. We protect and secure Congress so it can fulfill its constitutional and legislative responsibilities in a safe, secure and open environment.",2026-07-23,2026-08-06,CP,170001.0,218360.0,Full-Time,False
877916800,data analyst,Management and Program Analyst,Customs and Border Protection,Department of Homeland Security,Washington,District of Columbia,"Organizational Location: This position is with the Department of Homeland Security, within U.S. Customs and Border Protection, Office of Field Operations, Office of the Executive Assistant Commissioner, HQ Support Division, Workforce Services, located in Washington, DC. Additional selections may be made to include other organizational divisions and/or units within the duty location(s) listed above.",2026-07-28,2026-08-03,GS,121785.0,121785.0,Full-Time,False
877930900,data analyst,Management and Program Analyst,Customs and Border Protection,Department of Homeland Security,Indianapolis,Indiana,"Organizational Location: This position is with the Department of Homeland Security, within U.S. Customs and Border Protection, Office of Finance, Programming and Investment Analysis Directorate Indianapolis, IN. Additional selections may be made to include other organizational divisions and/or units within the duty location(s) listed above.",2026-07-29,2026-08-04,GS,107428.0,165037.0,Full-Time,False
878002900,data analyst,Management and Program Analyst,Veterans Health Administration,Department of Veterans Affairs,Fayetteville,Arkansas,"With the primary responsibility as Veterans Equitable Resources Allocation (VERA) Coordinator for the VERA Program, the Management and Program Analyst provides operational support and expertise to VHSO leadership. Using specialized knowledge and working under broadly delegated authority, the Program Analyst develops or modifies objectives and boundaries of assignment as indicated, and plays a critical, influential role in organizational performance and excellence.",2026-07-24,2026-08-03,GS,74678.0,97087.0,Full-Time,False
878088200,data analyst,MANAGEMENT AND PROGRAM ANALYST,U.S. Marine Corps,Department of the Navy,Albany Marine Corps Logistics Base,Georgia,"You will serve as a MANAGEMENT AND PROGRAM ANALYST in the LOGISTICS OPERATIONS PLANNING DIVISION, EXERCISE WAR PLANNING TEAM of MARINE CORPS LOGISTICS COMMAND.",2026-07-28,2026-08-03,GS,106437.0,138370.0,Full-Time,False
878129900,data analyst,Management and Program Analyst,Administration for Strategic Preparedness and Response,Department of Health and Human Services,Washington,District of Columbia,"This position is located in the Department of Health and Human Services, Administration for Strategic Preparedness and Response, headquartered in Washington, District of Columbia. This announcement will close at 11:59 PM, on the day that 100 applications have been received or on the closing date, whichever is first.",2026-07-29,2026-08-11,GS,169279.0,197200.0,Full-Time,False
878137600,data analyst,Management and Program Analyst,Immigration and Customs Enforcement,Department of Homeland Security,Washington,District of Columbia,"View Common Definitions of terms found in this announcement. Organizational Location: These positions are located in the Department of Homeland Security, U.S. Immigration and Customs Enforcement, Office of Human Capital, in Washington, District of Columbia. These are non-bargaining unit positions.",2026-07-28,2026-08-03,GS,143913.0,187093.0,Full-Time,False
878201500,data analyst,Cyberspace Operations Analyst,Joint Activities,Department of the Army,Fort Meade,Maryland,"About the Position: This position is a DOD Cyber Excepted Service (CES) personnel system position in the Excepted Service under 10 USC 1599f. Employees occupying CES positions are in the Excepted Service and must adhere to U.S. Code, Title 10, as well as Department of Defense Instruction 1400.25. This position is located in Fort Mead, MD.",2026-07-27,2026-08-03,GG,150424.0,197200.0,Full-Time,False
878263000,data analyst,Budget Analyst (Recent Graduate),National Telecommunications and Information Administration,Department of Commerce,Washington,District of Columbia,This vacancy is for a Budget Analyst (Recent Graduate) in the National Telecommunications and Information Administration within the Department of Commerce.,2026-07-29,2026-08-04,GS,70623.0,91815.0,Full-Time,False
878275300,data analyst,Management and Program Analyst,Indian Health Service,Department of Health and Human Services,Rockville,Maryland,"This position is located at the Indian Health Service Headquarters in Rockville, Maryland. The position is in the Office of Management Services (OMS), Division of Grants Management. The primary function is to oversee the development, negotiation, and management of all Interagency Agreements (IAAs) and Memorandums of Understanding (MOUs) within the agency. A REAL ID will be required beginning May 7, 2025, in accordance with 6 C.F.R. 37.5 (2021).",2026-07-29,2026-08-07,GS,121785.0,158322.0,Full-Time,False
878306800,data analyst,Management and Program Analyst,"Agriculture, Rural Development",Department of Agriculture,Jackson,Mississippi,"This position serves as an analyst in state offices providing oversight and coordination of a full range of administrative and business management functions in support of the RD mission, to include overseeing the support provided to States.",2026-07-30,2026-08-05,GS,74678.0,116362.0,Full-Time,False
878331500,data analyst,Management and Program Analyst,Federal Aviation Administration,Department of Transportation,Washington,District of Columbia,"The mission of the Office of Commercial Space Transportation is to oversee and enable the safest commercial space transportation system in the world during commercial launch or reentry activities, while being committed to propelling commercial space transportation safety into the future. The incumbent is a recognized subject matter expert in a specialized area and provides leadership for highly complex and challenging activities under the minimal direction of a manager or executive.",2026-07-29,2026-08-12,FV,127898.0,198281.0,Full-Time,False
878354600,data analyst,MANAGEMENT AND PROGRAM ANALYST,"Agriculture, Rural Development",Department of Agriculture,Olympia,Washington,This position is located in the Washington State Office in USDA/Rural Development (RD). This incumbent serves as a Management and Program Analyst providing oversight and coordination of a full range of administrative and business management functions in support of the Rural Development Mission.,2026-07-29,2026-08-04,GS,69373.0,90190.0,Full-Time,False
878439300,data analyst,Supervisory Financial Analyst,Federal Aviation Administration,Department of Transportation,College Park,Georgia,"The Office of Financial Management (AFM) provides financial oversight and information on the use of agency financial resources. AFM is responsible for financial and acquisition systems, cost accounting, capitalization of the agency's portfolio of national airspace system assets, financial reporting, financial internal controls, and oversight of the agency's financial internal controls programs and reimbursable agreements.",2026-07-30,2026-08-03,FV,118206.0,183255.0,Full-Time,False
878466600,data analyst,Management and Program Analyst,Customs and Border Protection,Department of Homeland Security,Washington,District of Columbia,"Organizational Location: This position is with the Department of Homeland Security, within U.S. Customs and Border Protection, Office of Field Operations, Innovation and Strategy Directorate, located in Washington, DC. Additional selections may be made to include other organizational divisions and/or units within the duty location(s) listed above.",2026-07-31,2026-08-06,GS,121785.0,158322.0,Full-Time,False
878595200,data analyst,Management and Program Analyst,Veterans' Employment and Training Service,Department of Labor,Washington,District of Columbia,"This position is located in the Veteran Employment and Training Service (VETS), Office of Strategic Outreach (OSO). OSO, in consultation with the Office of Public Affairs (OPA), serves as the information, outreach, and public affairs contact with employers, veteran's service and military organizations, and the print and broadcast media for all matters relating to the programs and activities carried out by VETS. This is a bargaining unit position.",2026-07-31,2026-08-06,GS,121785.0,158322.0,Full-Time,False
878598300,data analyst,MANAGEMENT AND PROGRAM ANALYST,Air Force Office of Special Investigations,Department of the Air Force,Quantico,Virginia,"Click on ""Learn more about this agency"" button below to view Eligibilities being considered and other IMPORTANT information. The primary purpose of this position is: To serve as Management and Program Analyst providing quality assurance and oversight the command case file digitization and destruction policy, ensure case file quality digitization, manage casefile research project requests and serve as the HQ Branch Records Manger.",2026-07-31,2026-08-06,GS,102415.0,133142.0,Full-Time,False
878633400,data analyst,Management and Program Analyst,Immigration and Customs Enforcement,Department of Homeland Security,Washington,District of Columbia,"View Common Definitions of terms found in this announcement. Organizational Location: This position is located in the Department of Homeland Security, U.S. Immigration and Customs Enforcement in Washington, District of Columbia. This is a non-bargaining unit position.",2026-07-31,2026-08-14,GS,143913.0,187093.0,Full-Time,False
878854800,data analyst,Management and Program Analyst,Commodity Futures Trading Commission,Other Agencies and Independent Organizations,Washington,District of Columbia,"This position is in the Whistleblower Office (WBO), within the Office of the General Counsel (OGC). The mission of the WBO is to perform intake, tracking, and recordkeeping of whistleblower submissions; oversee the review process of each whistleblower's eligibility; administer the determination process for whistleblower award claims; communicate with whistleblowers and their representatives; and report to the Commission and Congress on the whistleblower program.",2026-07-31,2026-08-14,CT,128138.0,188210.0,Full-Time,False
876660800,data analyst,Recent Graduate - Program Analyst,Occupational Safety and Health Administration,Department of Labor,Washington,District of Columbia,"For more information, click Pathways Programs, State Apprenticeship Programs, Other Apprenticeship Programs or Career One Stop. This is an appointment under the DOL Recent Graduates program. The program duration is one year. Upon successful completion of the program and at the agency's discretion, the appointee may be converted to a term or permanent position in the competitive service. This position is not remote. Selectee must report in person to the office in Washington, D.C.",2026-07-20,2026-08-03,GS,70623.0,91815.0,Full-Time,False
877939000,data analyst,PROGRAM ANALYST (CYBER TARGETING),U.S. Army Cyber Command,Department of the Army,Fort Gordon,Georgia,"About the Position: This position is a DOD Cyber Excepted Service (CES) personnel system position in the Excepted Service under 10 USC 1599f. Employees occupying CES positions are in the Excepted Service and must adhere to U.S. Code, Title 10, as well as Department of Defense Instruction 1400.25. This position is located at Fort Gordon, GA.",2026-07-27,2026-08-10,GG,115475.0,157818.0,Full-Time,False
878194500,data analyst,SUPERVISORY MANAGEMENT ANALYST,Naval Medical Command,Department of the Navy,Wright-Patterson AFB,Ohio,You will serve as a Supervisory Management Analyst in the Naval Medical Research Unit of NAMEDRSCHU DAYTON W PATT AFB.,2026-07-28,2026-08-03,GS,110401.0,143523.0,Full-Time,False
878710000,data analyst,SUPERVISORY MANAGEMENT ANALYST,U.S. Pacific Fleet,Department of the Navy,Dahlgren,Virginia,"You will serve as a Supervisory Management Analyst in the Commander, Naval Surface & Mine Warfighting Development Center of NSMWDC DET DAHLGREN.",2026-07-31,2026-08-10,GS,143913.0,187093.0,Full-Time,False
878881100,research analyst,Social Science Research Analyst,Bureau of Prisons/Federal Prison System,Department of Justice,Washington,District of Columbia,Corrections professionals who foster a humane and secure environment and ensure public safety by preparing individuals for successful reentry into our communities.,2026-07-31,2026-08-07,GS,85447.0,133142.0,Full-Time,False
875575800,data analyst,HRIS Applications System Analyst,House of Representatives,Legislative Branch,Washington,District of Columbia,"This position is located in the Enterprise Applications (EA) Directorate, House Information Resources (HIR), Office of the Chief Administrative Officer (CAO), U.S. House of Representatives (House).",2026-07-07,2026-08-07,HS,108762.0,127247.0,Full-Time,False
877988000,data analyst,Program Analyst (MWR Programs) NF-05,United States Army Installation Management Command,Department of the Army,Fort Bragg,North Carolina,"This position is located at ID-Western Hemisphere Command, Fort Bragg, NC. PCS Costs and Incentives Permanent Change of Station (PCS) costs may be authorized. Incentives will not be paid. Army NAF paysetting rules apply to this vacancy.",2026-07-24,2026-08-10,NF,100000.0,110000.0,Full-Time,False
878184300,data analyst,Strategy and Integration Analyst,Defense Logistics Agency,Department of Defense,Fort Belvoir,Virginia,"See below for important information regarding this job. Position may be filled at any of the below locations GS-13: $121,785 - $158,322 GS-14: $143,913 - $187,093",2026-07-27,2026-08-08,GS,121785.0,187093.0,Full-Time,False
877338600,data analyst,Supervisory Public Health Analyst,Health Resources and Services Administration,Department of Health and Human Services,Rockville,Maryland,"This position is located in the Department of Health and Human Services, Health Resources and Services Administration, headquartered in Rockville, Maryland.",2026-07-23,2026-08-03,GS,169279.0,197200.0,Full-Time,False
878424200,data analyst,Supervisory Public Health Analyst,Health Resources and Services Administration,Department of Health and Human Services,Rockville,Maryland,"This position is located in the Department of Health and Human Services, Health Resources and Services Administration, headquartered in Rockville, Maryland. This announcement will close at 11:59 PM, on the day that 100 applications have been received or the closing date of the announcement, whichever comes first.",2026-07-30,2026-08-03,GS,169279.0,197200.0,Full-Time,False
878490600,data analyst,SUPV FINANCIAL MANAGEMENT ANALYST,Naval Sea Systems Command,Department of the Navy,Washington Navy Yard,District of Columbia,"You will serve as a SUPERVISORY FINANCIAL MANAGEMENT ANALYST in the Deputy Portfolio Acquisition Executive Maritime for Expeditionary and Mine Warfare (DPAE EMW), Amphibious Assault and Connectors Program Office (PMS 317) and Amphibious Warfare Program Office (PMS 377) of DPAE EXPEDITIONARY AND MINE WARFARE. A relocation incentive is generally a single payment intended to offset some of the relocation costs experienced by the selectee. A relocation incentive may be authorized.",2026-07-30,2026-08-11,NH,143913.0,197200.0,Full-Time,False
878501300,data analyst,Program Analyst (Special Assistant),Environmental Protection Agency,Other Agencies and Independent Organizations,Washington,District of Columbia,This position is in the Office of Land and Emergency Management (OLEM). About: OLEM This is an office-centered position--you must physically report to the duty station stated in this announcement on a regular basis.,2026-07-29,2026-08-03,GS,121785.0,158322.0,Full-Time,False
876826200,data analyst,Supervisory Supply Systems Analyst,Defense Logistics Agency,Department of Defense,Lorton,Virginia,See below for important information regarding this job.,2026-07-16,2026-08-07,GS,143913.0,187093.0,Full-Time,False
877737900,data analyst,Supervisory Investigative Analyst,Department of State - Agency Wide,Department of State,Washington,District of Columbia,"This position is in the Office of Investigations (INV). The mission is to conduct worldwide criminal, civil, and administrative investigations impacting Department programs, personnel and resource. INV has broad jurisdiction over criminal, civil, and administrative investigations of alleged violations of Federal laws, regulations, and policies relating to Department, U.S. Agency for Global Media, and U.S. Section of the International Water and Boundary Commission programs and operations.",2026-07-24,2026-08-06,GS,143913.0,187093.0,Full-Time,False
878305800,data analyst,FINANCIAL INTERNAL CONTROL ANALYST,Air National Guard Units,Department of the Air Force,Bangor,Maine,"THIS IS A NATIONAL GUARD TITLE 32 EXCEPTED SERVICE POSITION. This National Guard position is for a FINANCIAL INTERNAL CONTROL ANALYST, Position Description Number D2214P01 and is part of the ME 101st Comptroller Flight, National Guard.",2026-07-28,2026-08-14,GS,74678.0,97087.0,Full-Time,False
878440600,data analyst,Quality Management Program Analyst,U.S. Coast Guard,Department of Homeland Security,Washington,District of Columbia,"This vacancy is for a GS-0343-14, Quality Management Program Analyst located in the Department of Homeland Security, U.S. Coast Guard, ASSISTANT COMMANDANT FOR PREVENTION POLICY -CG-5P in WASHINGTON, District of Columbia. This vacancy is open to current U.S. Coast Guard employees and CTAP eligibles.",2026-07-29,2026-08-10,GS,143913.0,187093.0,Full-Time,False
877423900,data analyst,Policy Analyst (Addiction Prevention),Office of National Drug Control Policy,Executive Office of the President,District of Columbia,District of Columbia,"This position is located in the Office of Addiction Prevention (OAP). The OAP's mission is to develop and implement evidence-based public health policies to reduce drug use and its consequences as well as to coordinate interagency public health efforts. **Notice: More than one selection may be made within 90 days of the issuance of the certificate, if additional vacancies occur.",2026-07-22,2026-08-14,GS,85447.0,111087.0,Full-Time,False
878303800,data analyst,Correspondence Analyst,Health Resources and Services Administration,Department of Health and Human Services,Rockville,Maryland,"This position is located in the Department of Health and Human Services, Health Resources and Services Administration, headquartered in Rockville, Maryland. This announcement will close at 11:59 PM, on the day that 50 applications have been received or on the closing date, whichever is first.",2026-07-31,2026-08-10,GS,70623.0,91815.0,Full-Time,False
878532400,business intelligence analyst,Intelligence Specialist (GMI Analyst),U.S. Army Intelligence and Security Command,Department of the Army,Wright-Patterson AFB,Ohio,"About the Position: This position is in the Defense Civilian Intelligence Personnel System (DCIPS). Employees occupying DCIPS positions are in the Excepted Service and must adhere to U.S. Code, Title 10, as well as Department of Defense Instruction 1400.25. This position is located at the National Ground Intelligence Center, GEOSPATIAL Intelligence Battalion, Global Targeting Analysts Division, Army GEOINT Battalion - Dayton Branch, Wright Patterson AFB, OH 45433",2026-07-30,2026-08-04,GG,110401.0,143523.0,Full-Time,False
878563300,data analyst,SUPERVISORY ENERGY INDUSTRY ANALYST,Federal Energy Regulatory Commission,Department of Energy,Washington,District of Columbia,"The Federal Energy Regulatory Commission (FERC) is ranked within the top 5 mid-size agencies as a ""Best Places to Work"" in the Federal government! This SUPERVISORY ENERGY INDUSTRY ANALYST position is located in the Office of Energy Market Regulation, Division of Pipeline Regulation, Pipeline Group 1. For more information visit: Office of Energy Market Regulation (OEMR)",2026-07-30,2026-08-05,GS,169279.0,197200.0,Full-Time,False
865130000,data analyst,FINANCIAL MANAGEMENT ANALYST (Title 32),Air National Guard Units,Department of the Air Force,Sioux Falls,South Dakota,"This National Guard position is for an FINANCIAL MANAGEMENT ANALYST, Position Description Number NGD2513P01 and is part of 114 FW Finance in Sioux Falls, SD. This is a Title 32, Excepted service position. **Multiple positions may be filled through this vacancy** AREAS OF CONSIDERATION: - All members of the South Dakota Air National Guard and those eligible to join",2026-07-16,2026-09-30,GS,61722.0,97087.0,Full-Time,False
867064600,data analyst,PROGRAM ANALYST - DIRECT HIRE AUTHORITY,Air Force Materiel Command,Department of the Air Force,Wright-Patterson AFB,Ohio,"Click on ""Learn more about this agency"" button below to view Eligibilities being considered and other IMPORTANT information. The primary purpose of this position is to plan, organize, and determine necessary policies, regulations, directives, programs, doctrine, and procedures for the establishment and maintenance of assigned major command program(s).",2026-04-29,2026-08-27,NH,92841.0,143523.0,Full-Time,False
874211100,data analyst,PROGRAM ANALYST-DIRECT HIRE AUTHORITY,Air Force Materiel Command,Department of the Air Force,Wright-Patterson AFB,Ohio,"Click on ""Learn more about this agency"" button below to view Eligibilities being considered and other IMPORTANT information. The primary purpose of this position is to serve as a Headquarters Air Force Materiel Command (AFMC) level Program Analyst, applying Air Force experience, to plan, organize, and determine necessary policies, directives, instructions, programs, and procedures for the establishment and maintenance of assigned major command program(s).",2026-06-24,2026-10-22,NH,92841.0,143523.0,Full-Time,False
876969100,data analyst,FINANCIAL MANAGEMENT ANALYST - Title 32,Army National Guard Units,Department of the Army,Camp Williams,Wisconsin,"This National Guard position is for a FINANCIAL MANAGEMENT ANALYST - Title 32, Position Description Number D2371P01 and is part of the WI USPFO, Wisconsin National Guard.",2026-07-17,2026-08-09,GS,61722.0,80243.0,Full-Time,False
877738500,data analyst,Program Analyst (Clinic Profile Manager),Veterans Health Administration,Department of Veterans Affairs,Providence,Rhode Island,"This Program Analyst (Clinic Profile Manager) position is within the Group Practice Management (GPM) service at the Providence VA Healthcare System, located in Providence, RI. It is a full-time, remote position at 40 hours per week.",2026-07-23,2026-08-03,GS,69905.0,109959.0,Full-Time,False
878139200,data analyst,Supervisory Financial Resource Analyst,Cybersecurity and Infrastructure Security Agency,Department of Homeland Security,Arlington,Virginia,"The Cybersecurity and Infrastructure Security Agency (CISA) is the Nation's risk advisor, working with partners to defend against today's threats and collaborating with industry to build a more secure and resilient infrastructure for the future.",2026-07-28,2026-08-03,GS,169279.0,197200.0,Full-Time,False
878745900,data analyst,Supervisory Management & Program Analyst,Veterans Benefits Administration,Department of Veterans Affairs,Washington,District of Columbia,"The Supervisory Management and Program Analyst (Change Management Chief), is a member of the Program Integration Office for Education Service within the Veterans Benefits Administration. The Service has department-wide responsibility for activities relating to administering VA educational assistance programs to Veterans, Servicemembers, National Guard and Reserve members, and eligible dependents for their military service to the Nation.",2026-07-31,2026-08-04,GS,143913.0,187093.0,Full-Time,False
878747300,data analyst,Supervisory Management & Program Analyst,Veterans Benefits Administration,Department of Veterans Affairs,Washington,District of Columbia,"This position is located in the Department of Veterans Affairs, Veterans Benefits Administration (VBA) Education Service within the, under the Program Management Program section, Policy and Procedures division within the Legislative Strategy, Development, and Implementation section.",2026-07-31,2026-08-04,GS,143913.0,187093.0,Full-Time,False
878918500,data analyst,Supervisory Management & Program Analyst,Office of the Chief Human Capital Officer,Department of Veterans Affairs,Washington,District of Columbia,"This position is located within the Department of Veterans Affairs, Central Office (VACO) Human Resources Service Center (HRSC). Incumbent serves as the key advisor for the Financial management, Budget execution, Business operations, and management analysis activities for the HRSC. Responsibilities include overseeing broad, multi-disciplinary Administration, Strategic integration, and managerial control of HRSC resources,",2026-07-31,2026-08-03,GS,143913.0,187093.0,Full-Time,False
866082700,data analyst,PREVENTION ANALYST-DIRECT HIRE AUTHORITY,Air Force Materiel Command,Department of the Air Force,Wright-Patterson AFB,Ohio,"Click on ""Learn more about this agency"" button below to view Eligibilities being considered and other IMPORTANT information. The primary purpose of this position is to serve as the Prevention Analyst at an Air Force/Space Force installation. Under the direction of the Integrated Prevention Chief, the Prevention Analyst leads collection, analysis, interpretation, and visual implementation of data for the installation Integrated Resilience Office.",2026-04-21,2026-08-19,NH,92841.0,143523.0,Full-Time,False
877591200,data analyst,"Resolution Planning Analyst, CG-1101-9/11/12",Federal Deposit Insurance Corporation,Other Agencies and Independent Organizations,Washington,District of Columbia,"This position is located in the Division of Complex Institution Supervision and Resolution (CISR), Resolution Readiness Branch of the Federal Deposit Insurance Corporation and provides support in the areas of the development, review, analysis, and evaluation of recovery/resolution strategies and plans associated with LCFIs including data aggregation, analysis, research, and document preparation.",2026-07-23,2026-08-06,CG,77685.0,186399.0,Full-Time,False
877591500,data analyst,"Resolution Planning Analyst, CG-1101-9/11/12",Federal Deposit Insurance Corporation,Other Agencies and Independent Organizations,Washington,District of Columbia,"This position is located in the Division of Complex Institution Supervision and Resolution (CISR), Resolution Readiness Branch of the Federal Deposit Insurance Corporation and provides support in the areas of the development, review, analysis, and evaluation of recovery/resolution strategies and plans associated with LCFIs including data aggregation, analysis, research, and document preparation.",2026-07-23,2026-08-06,CG,77685.0,186399.0,Full-Time,False
878310900,data analyst,Supervisory Resource Management Analyst,"Bureau of Alcohol, Tobacco, Firearms and Explosives",Department of Justice,Washington,District of Columbia,"Serves as the Branch Chief, Field Management Staff, Resource Management Branch (RMB), Office of Field Operations (FO). The incumbent will plan, direct, assign, coordinate, and review the functions and activities of the branch which includes program analysts and other professional support personnel. This position is responsible for programs, functions, or operations encompassing the RMB and FO's overall mission of the organization.",2026-07-28,2026-08-06,GS,143913.0,187093.0,Full-Time,False
878506500,data analyst,Supply System Analyst (Title 32) (Indefinite),Army National Guard Units,Department of the Army,Richmond,Virginia,"THIS IS A NATIONAL GUARD TITLE 32 EXCEPTED SERVICE POSITION. This National Guard position is for a Supply System Analyst (Title 32) (Indefinite), Position Description Number D0888P01 and is part of the VA G4, National Guard.",2026-07-29,2026-08-27,GS,78009.0,101417.0,Full-Time,False
878513200,data analyst,Supervisory Licensing Examining Analyst,"Treasury, Departmental Offices",Department of the Treasury,Washington,District of Columbia,"This position is located at Departmental Offices,Terrorism and Financial Intelligence - Office of Foreign Assets Control. As a Supervisory Licensing Examining Analyst, you will be responsible for the management and direction of a unit in the Licensing Division, which implements Treasury Department licensing authority for programs administered under the International Emergency Economic Powers Act and related statutes.",2026-07-30,2026-08-06,GS,169279.0,197200.0,Full-Time,False
863796500,data analyst,PRECISION STRIKE MISSION PLANNING ANALYST,United States Fleet Forces Command,Department of the Navy,Honolulu,Hawaii,"This is a public notice flyer to notify interested applicants of anticipated vacancies. Applications will not be accepted through this flyer. Interested applicants must follow the directions in the ""How to Apply"" section of this flyer to be considered. There may or may not be actual vacancies filled from this flyer. Notice of Result letters will not be sent to applicants who respond to this flyer. GS07-52,680-68,485 GS09-64,438-83,774 GS11-77,964-101,359 GS12-93,445-121,482 GS13-111,119-144,457",2026-04-06,2026-08-04,GS,52680.0,144457.0,Full-Time,False
877573800,data analyst,SUPERVISORY FINANCIAL MANAGEMENT ANALYST,U.S. Marine Corps,Department of the Navy,Fort Hamilton,New York,"This is a public notice flyer to notify interested applicants of anticipated vacancies. Applications will not be accepted through this flyer. Interested applicants must follow the directions in the ""How to Apply"" section of this flyer to be considered. There may or may not be actual vacancies filled from this flyer. Notice of Result letters will not be sent to applicants who respond to this flyer.",2026-07-23,2026-08-06,GS,105481.0,137128.0,Full-Time,False
877760700,data analyst,Supervisory Financial Management Analyst,Naval Sea Systems Command,Department of the Navy,Pascagoula,Mississippi,"You will serve as a SUPERVISORY FINANCIAL MANAGEMENT ANALYST in DIVISION 700, DEPARTMENT 720 of SUPSHIP GULF COAST. This position is part of the DoD Civilian Acquisition Workforce Personnel Demonstration Project (AcqDemo). The NH-03 pay band encompasses positions equivalent to the GS 12-13 grade levels.",2026-07-24,2026-08-03,NH,89508.0,138370.0,Full-Time,False
877808700,data analyst,Cyber Operations and Capabilities Analyst,U.S. Army Cyber Command,Department of the Army,Fort Gordon,Georgia,"About the Position: This position is a DOD Cyber Excepted Service (CES) personnel system position in the Excepted Service under 10 USC 1599f. Employees occupying CES positions are in the Excepted Service and must adhere to U.S. Code, Title 10, as well as Department of Defense Instruction 1400.25. This position is located at Fort Gordon, Georgia.",2026-07-27,2026-08-10,GG,177286.0,197200.0,Full-Time,False
878294800,data analyst,SUPERVISORY FINANCIAL MANAGEMENT ANALYST,United States Fleet Forces Command,Department of the Navy,Little Creek Amphibious Base,Virginia,You will serve as a SUPERVISORY FINANCIAL MANAGEMENT ANALYST in the NAVY EXPEDITIONARY COMMAND of CDR NAVY EXPEDITIONARY COMBAT COMMAND.,2026-07-29,2026-08-03,GS,108019.0,140426.0,Full-Time,False
878379900,data analyst,Supervisory Program Analyst (Recovery Care),"Commander, Navy Installations Command",Department of the Navy,Norfolk,Virginia,"Serves as the Supervisory Program Analyst for Navy Wounded Warrior, overseeing Recovery Care Coordinators who provide non-medical care and case management to wounded, ill, and injured Sailors, Coast Guardsmen, their families, and caregivers. Leads APF and NAF civilian staff supporting recovery, rehabilitation, and successful reintegration into civilian life.",2026-07-29,2026-08-04,NF,107660.8,118414.4,Full-Time,False
878633900,data analyst,SUPERVISORY FINANCIAL MANAGEMENT ANALYST,U.S. Marine Corps,Department of the Navy,Quantico,Virginia,"This is a public notice flyer to notify interested applicants of anticipated vacancies. Applications will not be accepted through this flyer. Interested applicants must follow the directions in the ""How to Apply"" section of this flyer to be considered. There may or may not be actual vacancies filled from this flyer. Notice of Result letters will not be sent to applicants who respond to this flyer.",2026-07-31,2026-08-06,GS,102415.0,133142.0,Full-Time,False
878671500,data analyst,SUPERVISORY FINANCIAL MANAGEMENT ANALYST,"Commander, Navy Installations Command",Department of the Navy,Pearl Harbor,Hawaii,You will serve as a SUPERVISORY FINANCIAL MANAGEMENT ANALYST in the COMPTROLLER DIVISION of COMMANDER NAVY REGION HAWAII. A Cost-of-Living-Allowance (COLA) of 8.64% will be added to the stated salary.,2026-07-31,2026-08-07,GS,131310.0,170708.0,Full-Time,False
878719500,data analyst,SUPERVISORY FINANCIAL MANAGEMENT ANALYST,U.S. Marine Corps,Department of the Navy,Quantico,Virginia,"This is a public notice flyer to notify interested applicants of anticipated vacancies. Applications will not be accepted through this flyer. Interested applicants must follow the directions in the ""How to Apply"" section of this flyer to be considered. There may or may not be actual vacancies filled from this flyer. Notice of Result letters will not be sent to applicants who respond to this flyer.",2026-07-31,2026-08-04,GS,143913.0,187093.0,Full-Time,False
861220900,data analyst,Imagery Analyst (FMV) (TERM) (Open and Continuous),National Geospatial-Intelligence Agency,Department of Defense,McLean,Virginia,"Imagery Analysts maintain and build tasking strategies, and analyze and interpret imagery to support U.S. military and policymaker interests. They analyze the activities and interests of countries, regions, and non-state entities, as well as the impact of natural and man-made disasters. In addition, these analysts conduct multi-INT research, populate and exploit intelligence databases, and produce",2026-03-16,2026-09-05,IA,85447.0,158322.0,Full-Time,False
875208400,data analyst,SUPERVISORY SUPPLY SYSTEMS ANALYST (TITLE 32),Army National Guard Units,Department of the Army,Camp Blanding,Florida,"This National Guard position is for a SUPERVISORY SUPPLY SYSTEMS ANALYST (TITLE 32), Position Description Number D0891P01 and is part of the FL USPFO, National Guard.",2026-07-02,2026-08-03,GS,61722.0,80243.0,Full-Time,False
877911700,data analyst,Supervisory Management and Program Analyst,Citizenship and Immigration Services,Department of Homeland Security,Camp Springs,Maryland,"Protect your homeland and defend your culture. Join USCIS, America's frontline defense against illegal foreign infiltration and fraud. As an Supervisory Management and Program Analyst, you will direct and perform complex duties regarding the budget, human resources, and other administrative needs within the External Affairs Directorate.",2026-07-24,2026-08-03,GS,143913.0,187093.0,Full-Time,False
878006700,data analyst,Health Policy and Issues Management Analyst,Administration for Strategic Preparedness and Response,Department of Health and Human Services,Atlanta,Georgia,"This position is located in the Department of Health and Human Services, Administration for Strategic Preparedness and Response, headquartered in Washington, District of Columbia. This announcement will close at 11:59 PM, on the day that 100 applications have been received or the closing date of the announcement, whichever comes first",2026-07-28,2026-08-03,GS,78972.0,102669.0,Full-Time,False
878137200,data analyst,MANAGEMENT AND PROGRAM ANALYST (DMHRSI/MEPRS),Military Treatment Facilities under DHA,Department of Defense,Eglin AFB,Florida,"About the Position: This position is located at Eglin Air Force Base, Florida. This is a Direct Hire Solicitation. A recruitment or relocation incentive may be authorized. Salary negotiation may be available for those candidates who are new to Federal service. Student Loan repayment may be authorized. Non-Federal work experience may be creditable for leave purposes.",2026-07-29,2026-08-03,GS,74678.0,97087.0,Full-Time,False
878166900,data analyst,Program Analyst (Compliance Program Auditor),Veterans Health Administration,Department of Veterans Affairs,Durham,North Carolina,"This position is located at the Durham VA Health VA Health Care System in the Corporate Compliance Section. The Program Analyst performs functions associated with monitoring, auditing, and data analysis processes that are an integral part of an effective Corporate Compliance Program. Additionally, the individual will be responsible for preparing reports and presentations on monitoring and auditing results for the CCS, medical center staff, and Executive Leadership.",2026-07-27,2026-08-04,GS,64453.0,101383.0,Full-Time,False
878407100,data analyst,Supervisory Management and Program Analyst,DHS Headquarters,Department of Homeland Security,District of Columbia,District of Columbia,"This position is located in the Department of Homeland Security (DHS), Office of the Executive Secretary. The primary purpose of this position is to direct and oversee Department-wide management and program analysis activities supporting executive decision-making, strategic planning, organizational performance, and mission integration. The incumbent provides authoritative advice and recommendations to senior executive leadership. Non-BU: This is a non-bargaining unit position.",2026-07-30,2026-08-05,GS,169279.0,197200.0,Full-Time,False
878541900,data analyst,Program Analyst (Sterile Processing Service),Veterans Health Administration,Department of Veterans Affairs,Mather AFB,California,This position serves as Program Analyst (SPS) GS-0343-09 located within the Sterile Processing Service (SPS) Nursing Services at the Veterans Affairs Northern California Health Care System (VANCHCS). The Veterans Affairs Northern California Health Care System (VANCHCS) is a Level 1b facility and ranks among a complex system in the VA serving the VA Sierra Pacific Network (VISN 21).,2026-07-29,2026-08-07,GS,68419.0,88949.0,Full-Time,False
878611900,data analyst,Supervisory Management and Program Analyst,Citizenship and Immigration Services,Department of Homeland Security,Camp Springs,Maryland,"Protect your homeland and defend your culture. Join USCIS, America's frontline defense against illegal foreign infiltration and fraud. As a Supervisory Management and Program Analyst, you will manage staff responsible for all budget formulation, execution, and financial management services for the division and you will oversee the administrative control of funds, and the fiscal integrity of all division financial records.",2026-07-30,2026-08-10,GS,143913.0,187093.0,Full-Time,False
877949200,research analyst,Operations Research Analyst (Recent Graduate),Department of Energy - Agency Wide,Department of Energy,Washington,District of Columbia,"This position is part of the Hydrocarbons and Geothermal Energy Office. The Recent Graduates Program is a dynamic, one-year developmental program that promotes careers in the Federal Government to recent graduates. Participants in the Program receive training and professional development and are assigned a mentor. Recent Graduates who successfully complete Program requirements may be eligible for non-competitive conversion to a term or permanent position in the civil service.",2026-07-27,2026-08-04,GS,85447.0,111087.0,Full-Time,False
874807600,data analyst,Senior International Trade Compliance Analyst,"Commerce, International Trade Administration",Department of Commerce,Washington,District of Columbia,"This vacancy is to fill multiple Senior International Trade Compliance Analyst positions within the Department of Commerce, International Trade Administration Office of Antidumping/Countervailing Duty Operations. If interested in this wonderful early career opportunity, you are encouraged to apply!",2026-07-22,2026-08-06,GS,143913.0,187093.0,Full-Time,False
874812600,data analyst,Senior International Trade Compliance Analyst,"Commerce, International Trade Administration",Department of Commerce,Washington,District of Columbia,"This vacancy is to fill multiple Senior International Trade Compliance Analyst positions within the Department of Commerce, International Trade Administration Office of Antidumping/Countervailing Duty Operations. If interested in this wonderful early career opportunity, you are encouraged to apply!",2026-07-22,2026-08-06,GS,143913.0,187093.0,Full-Time,False
877264600,data analyst,SUPERVISORY PROGRAM ANALYST (PROJECT CONTROLS),U.S. Army Corps of Engineers,Department of the Army,Pittsburgh,Pennsylvania,"About the Position: Serves as Supervisory Program Analyst (Project Controls) providing centralized project management support in planning, scheduling, estimating, costing, project accounting, change management, and risk assessments for Civil Construction, Environmental, Operations, and Work for Others across the Army Corps of Engineers (USACE) - Pittsburgh District. Coordinates with leadership, managers, and HQ staff to ensure effective project controls and customer satisfaction.",2026-07-20,2026-08-03,GS,110047.0,143062.0,Full-Time,False
877749500,data analyst,Managerial Cost Accounting (MCA) Analyst Trainee,Veterans Health Administration,Department of Veterans Affairs,Asheville,North Carolina,The Technical Career Field (TCF) is a national workforce development program within VHA that was designed to replenish technical staff in critically identified positions. The MCAP (Managerial Cost Accounting Program) is an automated financial and clinical management support system designed for managerial applications providing healthcare services to veterans patients.,2026-07-24,2026-08-03,GS,40736.0,80243.0,Full-Time,False
878166200,data analyst,Student Trainee (Management and Program Analyst),United States Army Installation Management Command,Department of the Army,Redstone Arsenal,Alabama,About the Position: Position(s) will be filled under the Department of the Army Pathways Intern Program. Click here for more information on Pathways program participation.,2026-07-27,2026-08-14,GS,37918.0,49296.0,Full-Time,False
878522400,data analyst,Program Analyst (Credentialing and Privileging),Veterans Health Administration,Department of Veterans Affairs,Harlingen,Texas,"The incumbent serves as a Program Analyst and is assigned to the Medical Staff Office, which is under the Chief of Staff at Valley Coastal Bend VA HCS and is responsible for conducting analytical reviews, managing and tracking data, and serving as an advisor to VAMC leadership on key processes related to the Credentialing and Privileging (C&P) program of the VAMC.",2026-07-30,2026-08-06,GS,61722.0,80243.0,Full-Time,False
878899400,data analyst,TITLE 32 FINANCIAL MANAGEMENT ANALYST GS-0501-11,Air National Guard Units,Department of the Air Force,Charleston,West Virginia,"THIS IS A NATIONAL GUARD TITLE 32 DUAL STATUS TECHNICIAN EXCEPTED SERVICE POSITION. The National Guard is the oldest component of the Armed Forces of the United States. Since the earliest American colonial days, citizens have joined together for collective defense. We have a proud tradition of coming to the aid of our friends and neighbors in times of serious emergencies. Join our National Guard team and serve your nation, your states and your community!",2026-07-31,2026-08-31,GS,74678.0,97087.0,Full-Time,False
877592100,data analyst,PROGRAM ANALYST (INFORMATION RELATED CAPABILITY),U.S. Northern Command,Department of the Air Force,Peterson AFB,Colorado,"Click on ""Learn more about this agency"" button below to view Eligibilities being considered and other IMPORTANT information.",2026-07-23,2026-08-07,GS,109246.0,142022.0,Full-Time,False
877871300,data analyst,Management and Program Analyst (Group Integrator),Federal Aviation Administration,Department of Transportation,College Park,Georgia,"This position is located in the Eastern Service Center, Quality Control Group (QCG). The incumbent is Group Integrator to the Group Manager and applies experience and expert knowledge of ATO programs, along with knowledge of analytical and investigative techniques, to analyze operational challenges, assess planned and potential new solutions, and recommend solutions. This work is critical to the safety of the NAS.",2026-07-25,2026-08-05,FV,118206.0,183255.0,Full-Time,False
878381300,data analyst,Public Health Analyst (Addiction Medicine Expert),Health Resources and Services Administration,Department of Health and Human Services,Rockville,Maryland,"This position is located in the Department of Health and Human Services, Health Resources and Services Administration, headquartered in Rockville, Maryland.",2026-07-31,2026-08-13,GS,143913.0,187093.0,Full-Time,False
878751200,business intelligence analyst,Supervisory Intelligence Specialist (GMI Analyst),Joint Activities,Department of the Army,Fort Bragg,North Carolina,"About the Position: This position is in the Defense Civilian Intelligence Personnel System (DCIPS). Employees occupying DCIPS positions are in the Excepted Service and must adhere to U.S. Code, Title 10, as well as Department of Defense Instruction 1400.25. This position is located at the JOINT INTELLIGENCE BRIGADE (JIB), INTELLIGENCE DIVISION, FORT BRAGG, NC.",2026-07-31,2026-08-04,GG,111147.0,144493.0,Full-Time,False
871229900,research analyst,OPERATIONS RESEARCH ANALYST-DIRECT HIRE AUTHORITY,Air Force Materiel Command,Department of the Air Force,Wright-Patterson AFB,Ohio,"Click on ""Learn more about this agency"" button below to view Eligibilities being considered and other IMPORTANT information. The primary purpose of this position is to serve as an Operations Research Analyst performing professional and scientific work requiring systematic, critical, intensive investigation into a subject in order to develop the principles, criteria, methods, and data to be used in support of projects or problem solving studies.",2026-06-01,2026-09-29,NH,92841.0,143523.0,Full-Time,False
870439400,data analyst,SUPERVISORY FINANCIAL ANALYST - DIRECT HIRE AUTHORITY,Air Force Materiel Command,Department of the Air Force,Lackland AFB,Texas,"Click on ""Learn more about this agency"" button below to view Eligibilities being considered and other IMPORTANT information. The primary purpose of this position is to a first level supervisor, providing planning, directing, organizing, and exercising control over nonsupervisory employees assigned to the Resources Section, Resources and Requirements Branch, Resources & Requirements Division, Financial Management & Comptroller Directorate.",2026-05-22,2026-09-21,NH,76463.0,118204.0,Full-Time,False
873670600,data analyst,SUPERVISORY MANAGEMENT ANALYST - DIRECT HIRE AUTHORITY,Air Force Materiel Command,Department of the Air Force,Wright-Patterson AFB,Ohio,"Click on ""Learn more about this agency"" button below to view Eligibilities being considered and other IMPORTANT information. The primary purpose of this position is to deliver center-level human resources policy, planning, resourcing, and services that enhances the Center's ability to support the warfighter as the Director of AFLCMC/DP.",2026-06-18,2026-10-16,NH,130461.0,197200.0,Full-Time,False
877444400,data analyst,MANAGEMENT AND PROGRAM ANALYST - DIRECT HIRE AUTHORITY,Air Force Materiel Command,Department of the Air Force,Lackland AFB,Texas,"Click on ""Learn more about this agency"" button below to view Eligibilities being considered and other IMPORTANT information. The primary purpose of this position is to provide expertise in performance of work requiring critical thinking as applied to enterprise-wide strategy, plans, policies, processes, relating to wargames & exercises, plans, defense planning guidance (DPG) scenarios, lessons learned, continuous process improvement (CPI), current/future concepts, and innovation.",2026-07-21,2026-11-17,NH,90823.0,140403.0,Full-Time,False
877877200,data specialist,Information Technology Specialist (Business Analyst),Administrative Office of the U.S. Courts,Judicial Branch,Washington,District of Columbia,"The Information Technology Specialist (Business Analyst) position in the Administrative Office of the U.S. Courts, Office of the Deputy Director, Case Management Modernization Program Office (CMM). CMM drives change management and adoption practices to achieve delivery of a modernized, efficient, and secure case management environment.",2026-07-29,2026-08-05,AD,102415.0,191965.0,Full-Time,False
878897100,data analyst,Supervisory Management & Program Analyst (Product Owner),Veterans Benefits Administration,Department of Veterans Affairs,Washington,District of Columbia,"This position is in the Department of Veterans Affairs (VA), Veterans Benefits Administration (VBA) Education Service within the External Requirements & Operations in TRIAD.",2026-07-31,2026-08-05,GS,143913.0,187093.0,Full-Time,False
860996200,data engineer,INTERDISCIPLINARY ENGINEER/ OPERATIONS RESEARCH ANALYST,Naval Air Systems Command,Department of the Navy,Patuxent River,Maryland,"This is a public notice flyer to notify interested applicants of anticipated vacancies through the STRL Direct Support Direct Hire Authorty. Applications will not be accepted through this flyer. Interested applicants must follow the directions in the ""How to Apply"" section of this flyer to be considered. There may or may not be actual vacancies filled from this flyer. Notice of Result letters will not be sent to applicants who respond to this flyer.",2026-03-16,2026-09-14,DP,102415.0,158322.0,Full-Time,False
878311200,data analyst,Budget Analyst - Technical Career Field (TCF) Trainee,Veterans Health Administration,Department of Veterans Affairs,Lexington,Kentucky,"This position is located within a two-division teaching hospital at the Department of Veterans Affairs Health Care System, Lexington, KY. The incumbent serves as a participant in the Technical Career Fields Program under the direction of a qualified preceptor. The Technical Career Field (TCF) is a national workforce development program within VHA that was designed to replenish technical staff in critically identified positions.",2026-07-29,2026-08-04,GS,40736.0,52957.0,Full-Time,False
877321700,data engineer,Interdisciplinary General Engineer/Operations Research Analyst,Missile Defense Agency,Department of Defense,Dahlgren,Virginia,The position(s) covered by this vacancy announcement is in the Department of Defense (DoD) Acquisition Workforce Personnel Demonstration Project (AcqDemo). For more information please see: ACQDEMO This position is part of the Director for Test Organization. The incumbent will be responsible for providing input to acquisition decisions based on assessment of the adequacy of test and evaluation programs and assessment of the results of tests and evaluation.,2026-07-21,2026-08-10,NH,143913.0,197200.0,Full-Time,False
878818500,data analyst,Health System Specialist (Credentialing and Privileging Analyst),Veterans Health Administration,Department of Veterans Affairs,San Diego,California,"The Health System Specialist (Credentialing and Privileging Analyst) is assigned to the Medical Staff Office, which is under the Chief of Staff at a VA Medical Center (VAMC) and is responsible for providing administrative and technical direction and support to the credentialing and privileging (C&P) operations. The incumbent is responsible for collecting relevant data & making informed decisions to ensure qualified health care professionals are providing appropriate care in appropriate settings.",2026-07-31,2026-08-10,GS,57641.0,91664.0,Full-Time,False
876941000,data analyst,Management and Program Analyst (Technical Support Management Specialist),Federal Aviation Administration,Department of Transportation,Fremont,California,"Administrative support employee that can support any and all technical programs (i.e. Training, QC, Planning and requirements, and Airspace and procedures), project, policies and procedures associated with air traffic.",2026-07-20,2026-08-10,FV,94108.0,175437.0,Full-Time,False
877635500,data analyst,Management and Program Analyst (Technical Support Management Specialist),Federal Aviation Administration,Department of Transportation,Philadelphia,Pennsylvania,"Performs a combination of routine and multiple and varying assignments under the general direction of a Manager, project/program manager, team leader, or more experienced professional.",2026-07-23,2026-08-12,FV,69046.0,107031.0,Full-Time,False
878056600,data analyst,Management and Program Analyst (Technical Support Management Specialist),Federal Aviation Administration,Department of Transportation,Ronkonkoma,New York,"Serves as a Cartographic Specialist responsible for developing, producing, and maintaining aeronautical charts, maps, graphs, and visual aids that support the safety and efficiency of the National Airspace System (NAS).",2026-07-28,2026-08-17,FV,106706.0,165379.0,Full-Time,False
878284600,data analyst,Supervisory Budget Analyst (Open to both U.S. Citizens and Federal Employees),Federal Transit Administration,Department of Transportation,Washington,District of Columbia,"The position serves as a Supervisory Budget Analyst directing comprehensive, no-year and multi-year budgetary and financial management programs characterized by high complexity, political sensitivity, and substantial organizational impact. This position is also responsible for the strategic formulation, justification, presentation, and execution of an annual operating budget encompassing multiple funding streams (e.g., Direct, Reimbursable, No- Year and Multi-Year Appropriations).",2026-07-28,2026-08-10,GS,169279.0,197200.0,Full-Time,False
878375800,data analyst,Management and Program Analyst (Technical Support Management Specialist),Federal Aviation Administration,Department of Transportation,Miami,Florida,Serves as a Management and Program Analyst that is capable of supporting any and all technical programs associated with air traffic.,2026-08-01,2026-08-10,FV,66733.0,103446.0,Full-Time,False
877546000,data analyst,Management and Program Analyst (Budget and COR),Immigration and Customs Enforcement,Department of Homeland Security,Washington,District of Columbia,"View Common Definitions of terms found in this announcement. Organizational Location: This position is located in the Department of Homeland Security, Immigration and Customs Enforcement, Information Governance and Privacy, in Washington, District of Columbia. This is a non-bargaining unit position.",2026-07-22,2026-08-04,GS,143913.0,187093.0,Full-Time,False
846773800,data scientist,COMPUTER SCIENTIST,Air Force Civilian Career Training,Department of the Air Force,Lackland AFB,Texas,"The PALACE Acquire Program offers you a permanent position upon completion of your formal training plan. As a Palace Acquire Intern you will experience both personal and professional growth while dealing effectively and ethically with change, complexity, and problem solving. The program offers a 3-year formal training plan with yearly salary increases. Promotions and salary increases are based upon your successful performance and supervisory approval.",2025-09-29,2026-09-28,GG,79735.0,126275.0,Full-Time,False
848470100,data scientist,ENGINEER/SCIENTIST,Naval Sea Systems Command,Department of the Navy,Dahlgren,Virginia,"This is a public notice flyer to notify interested applicants of anticipated vacancies. Applications will not be accepted through this flyer. Interested applicants must follow the directions in the ""How to Apply"" section of this flyer to be considered. There may or may not be actual vacancies filled from this flyer. Notice of Result letters will not be sent to applicants who respond to this flyer.",2025-10-21,2026-10-20,ND,69923.0,156755.0,Full-Time,False
849215100,data scientist,ENGINEER/SCIENTIST,Naval Sea Systems Command,Department of the Navy,Dahlgren,Virginia,"This is a public notice flyer to notify interested applicants of anticipated vacancies. Applications will not be accepted through this flyer. Interested applicants must follow the directions in the ""How to Apply"" section of this flyer to be considered. There may or may not be actual vacancies filled from this flyer. Notice of Result letters will not be sent to applicants who respond to this flyer.",2025-11-03,2026-11-02,ND,101401.0,156755.0,Full-Time,False
849247100,data scientist,ENGINEER/SCIENTIST,Naval Sea Systems Command,Department of the Navy,Dahlgren,Virginia,"This is a public notice flyer to notify interested applicants of anticipated vacancies. Applications will not be accepted through this flyer. Interested applicants must follow the directions in the ""How to Apply"" section of this flyer to be considered. There may or may not be actual vacancies filled from this flyer. Notice of Result letters will not be sent to applicants who respond to this flyer.",2025-11-04,2026-11-03,ND,101401.0,156755.0,Full-Time,False
857832800,data scientist,ENGINEER/SCIENTIST,Naval Sea Systems Command,Department of the Navy,Dahlgren,Virginia,"This is a public notice flyer to notify interested applicants of anticipated vacancies. Applications will not be accepted through this flyer. Interested applicants must follow the directions in the ""How to Apply"" section of this flyer to be considered. There may or may not be actual vacancies filled from this flyer. Notice of Result letters will not be sent to applicants who respond to this flyer.",2026-02-17,2027-02-15,ND,46610.0,158322.0,Full-Time,False
876580600,data scientist,Physical Scientist,Bureau of Safety and Environmental Enforcement,Department of the Interior,Jefferson,Louisiana,"This position is located within the Department of the Interior, Bureau of Safety and Environmental Enforcement, Oil Spill Preparedness Division, Gulf of America Section, Jefferson, LA.",2026-07-15,2026-08-14,GS,61722.0,138370.0,Full-Time,False
876593000,data scientist,Physical Scientist,Bureau of Safety and Environmental Enforcement,Department of the Interior,Jefferson,Louisiana,"This position is located within the Department of the Interior, Bureau of Safety and Environmental Enforcement, Oil Spill Preparedness Division (OSPD), Gulf of America Section. The incumbent will serve as a Preparedness Analyst, physically located in Jefferson, LA.",2026-07-15,2026-08-14,GS,74678.0,138370.0,Full-Time,False
877068200,data scientist,PHYSICAL SCIENTIST,Defense Threat Reduction Agency,Department of Defense,Kirtland AFB,New Mexico,"This position is part of the Defense Threat Reduction Agency, Defense Threat Reduction Agency.",2026-07-17,2026-08-10,GS,107592.0,139871.0,Full-Time,False
877265600,data scientist,ENGINEER/SCIENTIST,Naval Sea Systems Command,Department of the Navy,Dahlgren,Virginia,"You will serve as the SPY-6 Lead Software Engineer in the Advanced Radars Systems Division, Electromagnetic & Sensor Systems Department of NAVSURFWARCENDLD. The official title of this interdisciplinary position is ENGINEER or SCIENTIST, depending on the series. This position is part of the Warfare Centers Personnel Demonstration Project. The full performance level of ND-05 pay band encompasses positions equivalent to the GS-14 and GS-15.",2026-07-23,2026-08-05,ND,143913.0,197200.0,Full-Time,False
877273100,data scientist,ENGINEER/SCIENTIST,Naval Sea Systems Command,Department of the Navy,Dahlgren,Virginia,"This position is part of the Warfare Centers Personnel Demonstration Project. The ND-5 pay band encompasses positions equivalent to GS-14 and GS-15. You will serve as the Gun Computer System (GCS) Software Systems Engineering and Test Lead in the Integrated Engagement Systems Department, Gun Weapon Systems Division (E30), GCS Software Design and Development Branch (Code E35) of the Naval Surface Warfare Center Dahlgren Division.",2026-07-24,2026-08-06,ND,143913.0,197200.0,Full-Time,False
877375100,data scientist,ENGINEER/SCIENTIST,Naval Sea Systems Command,Department of the Navy,Dahlgren,Virginia,"You will serve as a High Power Microwave Vulnerability and Mission Analysis Lead in the High Power Microwave Weapon Systems Division, Integrated Engagement Systems Department of NAVSURFWARCENDLD. The official title of this position is ENGINEER or SCIENTIST, depending on the series. This position is part of the Warfare Centers Personnel Demonstration Project. The full performance level of ND-05 pay band encompasses positions equivalent to the GS-14 and GS-15.",2026-07-22,2026-08-04,ND,143913.0,197200.0,Full-Time,False
877533800,data scientist,Computer Scientist,Naval Air Systems Command,Department of the Navy,Lakehurst,New Jersey,"You will serve as a Computer Scientist in the Specialty Cyber Branch in the Digital Engineering Division, at NAWCAD NAVAIRWARCENADLKE.",2026-07-24,2026-08-03,GS,125431.0,163062.0,Full-Time,False
877578300,data scientist,ENGINEER/SCIENTIST,Naval Sea Systems Command,Department of the Navy,Crane,Indiana,"You will serve as an ENGINEER/SCIENTIST in the Rapid Mission Integration & Interoperability Department (MX), Advanced EMSO Applied Research & Rapid Capabilities Division (MXN) of NAVAL SURFACE WARFARE CENTER. This is a RE-ADVERTISEMENT of Announcement Number: ST-12996982-26-NMS. Applicants that have previously applied NEED to re-apply to this announcement.",2026-07-22,2026-08-03,ND,125776.0,192331.0,Full-Time,False
877769300,data scientist,Physical Scientist,National Park Service,Department of the Interior,Homestead,Florida,"This position is located within the Department of the Interior, National Park Service, National Park Service - Southeast, Office of Natural Science Studies located in Homestead, Florida. This is a temporary promotion not to exceed 1 year, and can be extended up to 5 years. Salary Range GS-9: $65,735 - $85,460 per annum *First time hires to the federal government typically start at the beginning salary in the range for their respective grade level.",2026-07-23,2026-08-21,GS,65735.0,85460.0,Full-Time,False
878226500,data scientist,Computer Scientist,National Institutes of Health,Department of Health and Human Services,Montgomery County,Maryland,"The positions apply advanced technologies, including AI and machine learning, to develop secure, scalable, and intelligent systems that protect biomedical data and support NLM's public mission. They design advanced information retrieval, automation, and AI-enabled solutions, evaluate emerging technologies, and strengthen information access, service quality, cybersecurity, and operational efficiency in support of Presidential priorities for secure, customer-focused digital services.",2026-08-01,2026-08-10,GS,121785.0,158322.0,Full-Time,False
878227800,data scientist,Computer Scientist,National Institutes of Health,Department of Health and Human Services,Montgomery County,Maryland,"The positions apply advanced technologies, including AI and machine learning, to develop secure, scalable, and intelligent systems that protect biomedical data and support NLM's public mission. They design advanced information retrieval, automation, and AI-enabled solutions, evaluate emerging technologies, and strengthen information access, service quality, cybersecurity, and operational efficiency in support of Presidential priorities for secure, customer-focused digital services.",2026-08-01,2026-08-10,GS,121785.0,158322.0,Full-Time,False
878398400,data scientist,PHYSICAL SCIENTIST,Defense Threat Reduction Agency,Department of Defense,Fort Belvoir,Virginia,"This position is part of the Defense Threat Reduction Agency, Defense Threat Reduction Agency.",2026-07-29,2026-08-17,GS,121785.0,158322.0,Full-Time,False
878451500,data scientist,Computer Scientist,Federal Aviation Administration,Department of Transportation,Washington,District of Columbia,"The incumbent serves as a Computer Scientist within the Safety Support Tools Team, AJl-3340.",2026-07-30,2026-08-10,FV,103604.0,160571.0,Full-Time,False
876697200,data scientist,Clinical Lab Scientist,Veterans Health Administration,Department of Veterans Affairs,Indianapolis,Indiana,"This position is eligible for the Education Debt Reduction Program (EDRP), a student loan payment reimbursement program. You must meet specific individual eligibility requirements in accordance with VHA policy and submit your EDRP application within four months of appointment. Program Approval, award amount (up to $200,000) and eligibility period (one to five years) are determined by the VHA Education Loan Repayment Services program office after complete review of the EDRP application.",2026-07-16,2026-08-14,GS,62116.0,117324.0,Full-Time,False
878794700,data scientist,Clinical Lab Scientist,Veterans Health Administration,Department of Veterans Affairs,Cleveland,Ohio,"The incumbent serves as a Clinical Laboratory Scientist (CLS) Point of Care facilitator within the Pathology and Laboratory Medicine Service at the Louis Stokes Cleveland VA Medical Center, performing key duties in the clinical laboratory. Duties include oversight in disciplines such as, but not limited to, Chemistry, Coagulation, Urinalysis, and Molecular Microbiology.",2026-07-31,2026-08-08,GS,73849.0,142089.0,Full-Time,False
873602200,data scientist,Lead Clinical Lab Scientist,Veterans Health Administration,Department of Veterans Affairs,Oklahoma City,Oklahoma,"This is an OPEN CONTINUOUS ANNOUNCEMENT and will remain open until September 17th, 2026 or until all positions are filled. The Oklahoma City VA Health Care System is hiring for one Lead Clinical Lab Scientist for the Oklahoma City VA Medical Center.",2026-06-18,2026-09-17,GS,105817.0,137565.0,Full-Time,False
873602700,data scientist,Lead Clinical Lab Scientist,Veterans Health Administration,Department of Veterans Affairs,Oklahoma City,Oklahoma,"This is an OPEN CONTINUOUS ANNOUNCEMENT and will remain open until September 17th, 2026 or until all positions are filled. The Oklahoma City VA Health Care System is hiring for one Lead Clinical Lab Scientist for the Oklahoma City VA Medical Center.",2026-06-18,2026-09-17,GS,105817.0,137565.0,Full-Time,False
878088600,data scientist,Lead Clinical Lab Scientist,Veterans Health Administration,Department of Veterans Affairs,Albany,New York,"This position is eligible for the Education Debt Reduction Program (EDRP), a student loan payment reimbursement program. You must meet specific individual eligibility requirements in accordance with VHA policy and submit your EDRP application within four months of appointment. Program Approval, award amount (up to $200,000) and eligibility period (one to five years) are determined by the VHA Education Loan Repayment Services program office after complete review of the EDRP application.",2026-07-27,2026-08-03,GS,101260.0,131641.0,Full-Time,False
858210400,data scientist,Clinical Laboratory Scientist,Veterans Health Administration,Department of Veterans Affairs,Pensacola,Florida,"This position is eligible for the Education Debt Reduction Program (EDRP), a student loan payment reimbursement program. You must meet specific individual eligibility requirements in accordance with VHA policy and submit your EDRP application within four months of appointment. Program Approval, award amount (up to $200,000) and eligibility period (one to five years) are determined by the VHA Education Loan Repayment Services program office after complete review of the EDRP application.",2026-02-19,2026-09-30,GS,61004.0,117374.0,Full-Time,False
866588900,data scientist,Clinical Laboratory Scientist,Military Treatment Facilities under DHA,Department of Defense,Fort Polk,Louisiana,"About the Position: This position is located at Fort Polk, Louisiana. This is a Direct Hire Solicitation. Up to two years experience with microbiology preferred. Salary negotiation may be available for those candidates who are new to Federal service. Non-Federal work experience may be creditable for leave purposes. A recruitment incentive may be authorized. A relocation incentive may be authorized.",2026-04-25,2026-10-23,GS,74678.0,97087.0,Full-Time,False
876503400,data scientist,Clinical Laboratory Scientist,Military Treatment Facilities under DHA,Department of Defense,Fort Polk,Louisiana,"About the Position: This position is located at the Bayne-Jones Army Community Hospital at Fort Polk, Louisiana. This is a Direct Hire Solicitation. Non-Federal work experience may be creditable for leave purposes. Salary negotiation may be available for those candidates who are new to Federal service. A recruitment or relocation incentive may be authorized.",2026-07-16,2026-12-31,GS,61722.0,80243.0,Full-Time,False
876697100,data scientist,Clinical Laboratory Scientist,Military Treatment Facilities under DHA,Department of Defense,Fort Leonard Wood,Missouri,"About the Position: This position is located at General Leonard Wood Community Hospital in Fort Leonard Wood, Missouri. This is a Direct Hire Solicitation. A recruitment or relocation incentive may be authorized. Salary negotiation may be available for those candidates who are new to Federal service.",2026-07-17,2026-08-04,GS,71856.0,93419.0,Full-Time,False
877116400,data scientist,Clinical Laboratory Scientist,Military Treatment Facilities under DHA,Department of Defense,Minot,North Dakota,"About the Position: This position is located at 5th Medical Group Minot Air Force Base, in North Dakota. This is a Direct Hire Solicitation",2026-07-18,2026-08-07,GS,74678.0,97087.0,Full-Time,False
877474400,data scientist,Clinical Laboratory Scientist,Veterans Health Administration,Department of Veterans Affairs,Los Angeles,California,"This position is eligible for the Education Debt Reduction Program (EDRP), a student loan payment reimbursement program. You must meet specific individual eligibility requirements in accordance with VHA policy and submit your EDRP application within four months of appointment. Program Approval, award amount (up to $200,000) and eligibility period (one to five years) are determined by the VHA Education Loan Repayment Services program office after complete review of the EDRP application.",2026-07-21,2026-10-21,GS,118659.0,154265.0,Full-Time,False
877691400,data scientist,Clinical Laboratory Scientist,Veterans Health Administration,Department of Veterans Affairs,Providence,Rhode Island,"This position is eligible for the Education Debt Reduction Program (EDRP), a student loan payment reimbursement program. You must meet specific individual eligibility requirements in accordance with VHA policy and submit your EDRP application within four months of appointment. Program Approval, award amount (up to $200,000) and eligibility period (one to five years) are determined by the VHA Education Loan Repayment Services program office after complete review of the EDRP application.",2026-07-23,2026-08-04,GS,62008.0,117565.0,Full-Time,False
877692900,data scientist,Clinical Laboratory Scientist,Military Treatment Facilities under DHA,Department of Defense,Jacksonville Naval Hospital,Florida,"About the Position: This position is located at Naval Hospital Jacksonville, Florida in the Clinical Laboratory Section working in a single occupant office and with attached microbiology section. This is a Direct Hire Authority (DHA) solicitation utilizing DHA for Certain Personnel of the DoD A recruitment or relocation incentive may be authorized. Advance Leave Accrual/ salary negotiation may be available for those candidates who qualify.",2026-07-27,2026-08-03,GS,74678.0,97087.0,Full-Time,False
877874500,data scientist,Clinical Laboratory Scientist,Military Treatment Facilities under DHA,Department of Defense,Fort Wainwright,Alaska,"About the Position: This is a Clinical Laboratory Scientist position at Bassett Army Community Hospital located in Fort Wainwright, Alaska. This is a Direct Hire Solicitation Salary negotiation may be available for those candidates who are new to Federal service. A recruitment or relocation incentive may be authorized. Federal employees in Alaska are currently entitled to receive a 1.49% Cost of Living Allowance (COLA) in addition to the base salary. This is subject to change.",2026-07-24,2026-08-06,GS,89587.0,116470.0,Full-Time,False
877904800,data scientist,Clinical Laboratory Scientist,Veterans Health Administration,Department of Veterans Affairs,Gainesville,Florida,"This position is eligible for the Education Debt Reduction Program (EDRP), a student loan payment reimbursement program. You must meet specific individual eligibility requirements in accordance with VHA policy and submit your EDRP application within four months of appointment. Program Approval, award amount (up to $200,000) and eligibility period (one to five years) are determined by the VHA Education Loan Repayment Services program office after complete review of the EDRP application.",2026-07-24,2026-08-31,GS,55740.0,106451.0,Full-Time,False
877905800,data scientist,Clinical Laboratory Scientist,Veterans Health Administration,Department of Veterans Affairs,Gainesville,Florida,"This position is eligible for the Education Debt Reduction Program (EDRP), a student loan payment reimbursement program. You must meet specific individual eligibility requirements in accordance with VHA policy and submit your EDRP application within four months of appointment. Program Approval, award amount (up to $200,000) and eligibility period (one to five years) are determined by the VHA Education Loan Repayment Services program office after complete review of the EDRP application.",2026-07-24,2026-08-31,GS,81881.0,106451.0,Full-Time,False
877912200,data scientist,Clinical Laboratory Scientist,Military Treatment Facilities under DHA,Department of Defense,Bethesda,Maryland,"About the Position: This position is located at WRNMMC with the Directorate for Clinical Support, Department of Pathology, Core Lab in Bethesda, MD. Full time position, 3rd shift 11:00pm-7:30am (2300-0730). Requires occasional rotating shifts and weekends/holidays to meet mission needs. No travel/on-call. Not eligible for telework. This is a Direct Hire Solicitation.",2026-07-27,2026-08-03,GS,85447.0,111087.0,Full-Time,False
878077100,data scientist,Clinical Laboratory Scientist,Veterans Health Administration,Department of Veterans Affairs,Augusta,Maine,"The Clinical Laboratory Scientist position is in the Pathology and Lab Services at the VA Maine Healthcare System located at the Augusta, ME location. This position consists of Intermittent hours.",2026-07-27,2026-08-17,GS,72272.0,139054.0,Intermittent,False
878077600,data scientist,Clinical Laboratory Scientist,Veterans Health Administration,Department of Veterans Affairs,Augusta,Maine,"The Clinical Laboratory Scientist position is in the Pathology and Lab Services at the VA Maine Healthcare System located at the Augusta, ME location. This position consists of Intermittent hours.",2026-07-27,2026-08-17,GS,72272.0,139054.0,Intermittent,False
878442800,data scientist,Clinical Laboratory Scientist,Veterans Health Administration,Department of Veterans Affairs,Beckley,West Virginia,"This position is eligible for the Education Debt Reduction Program (EDRP), a student loan payment reimbursement program. You must meet specific individual eligibility requirements in accordance with VHA policy and submit your EDRP application within four months of appointment. Program Approval, award amount (up to $200,000) and eligibility period (one to five years) are determined by the VHA Education Loan Repayment Services program office after complete review of the EDRP application.",2026-07-29,2026-08-07,GS,52727.0,101450.0,Part-Time,False
878663600,data scientist,Clinical Laboratory Scientist,Military Treatment Facilities under DHA,Department of Defense,Keesler AFB,Mississippi,"About the Position: This position is located at Keesler Medical Group at Keesler Air Force Base in Biloxi, Mississippi. This is a Direct Hire Solicitation",2026-07-31,2026-08-10,GS,61722.0,80243.0,Full-Time,False
878781100,data scientist,Clinical Laboratory Scientist,Veterans Health Administration,Department of Veterans Affairs,Little Rock,Arkansas,"This position is eligible for the Education Debt Reduction Program (EDRP), a student loan payment reimbursement program. You must meet specific individual eligibility requirements in accordance with VHA policy and submit your EDRP application within four months of appointment. Program Approval, award amount (up to $200,000) and eligibility period (one to five years) are determined by the VHA Education Loan Repayment Services program office after complete review of the EDRP application.",2026-07-31,2026-08-10,GS,57857.0,111319.0,Full-Time,False
878821600,data scientist,Clinical Laboratory Scientist,Veterans Health Administration,Department of Veterans Affairs,Lebanon,Pennsylvania,This position is located at Lebanon VA Medical Center within the Pathology and Laboratory service line.,2026-07-31,2026-08-10,GS,70052.0,134783.0,Full-Time,False
876291300,data scientist,Supervisory Physical Scientist,Library of Congress,Legislative Branch,Washington,District of Columbia,"The Library of Congress shares its vast collections of books, manuscripts, photographs, maps, audiovisual materials, and priceless artifacts to cultivate curiosity and spark imagination. We engage, inspire, and inform Congress and the American people with a universal and enduring source of knowledge and creativity. We seek highly talented professionals to join a vibrant and collaborative community. Your work here will have lasting impact on the Library and its users well into the future.",2026-07-13,2026-08-04,GS,143913.0,187093.0,Full-Time,False
877523800,data scientist,Supervisory Physical Scientist,U.S. Coast Guard,Department of Homeland Security,Norfolk,Virginia,"This vacancy is for a GS-1301-15, Supervisory Physical Scientist located in the Department of Homeland Security, U.S. Coast Guard, ENVIRONMENTAL MANAGEMENT DIVISION in NORFOLK, Virginia.",2026-07-22,2026-08-04,GS,150144.0,195190.0,Full-Time,False
878478500,data scientist,SUPERVISORY COMPUTER SCIENTIST,U.S. Marine Corps,Department of the Navy,Orlando,Florida,"This is a public notice flyer to notify interested applicants of anticipated vacancies. Applications will not be accepted through this flyer. Interested applicants must follow the directions in the ""How to Apply"" section of this flyer to be considered. There may or may not be actual vacancies filled from this flyer. Notice of Result letters will not be sent to applicants who respond to this flyer.",2026-07-29,2026-08-31,NH,125776.0,192331.0,Full-Time,False
878592600,data scientist,Senior Quantum Research Scientist,National Institute of Standards and Technology,Department of Commerce,Boulder,Colorado,NIST is seeking a Senior Quantum Research Physicist to join the Advanced Microwave Photonics Group within the Applied Physics Division. This position focuses on experimental research in quantum information science and quantum computing using superconducting circuits and related devices. This notice is issued under direct-hire authority to recruit new talent to occupations for which NIST has a severe shortage of candidates.,2026-07-31,2026-08-07,ZP,118675.0,182316.0,Full-Time,False
878669100,data scientist,Lead Clinical Laboratory Scientist,Veterans Health Administration,Department of Veterans Affairs,Brockton,Massachusetts,"This position is eligible for the Education Debt Reduction Program (EDRP), a student loan payment reimbursement program. You must meet specific eligibility requirements per VHA policy and submit your EDRP application within four months of appointment. Program Approval, award amount (up to $200,000) & eligibility period (one to five years) are determined by the VHA Education Loan Repayment Services program office after review of the EDRP application. Former EDRP participants ineligible to apply.",2026-07-30,2026-08-13,GS,111781.0,145319.0,Full-Time,False
878669400,data scientist,Lead Clinical Laboratory Scientist,Veterans Health Administration,Department of Veterans Affairs,Brockton,Massachusetts,"This position is eligible for the Education Debt Reduction Program (EDRP), a student loan payment reimbursement program. You must meet specific individual eligibility requirements in accordance with VHA policy and submit your EDRP application within four months of appointment. Program Approval, award amount (up to $200,000) and eligibility period (one to five years) are determined by the VHA Education Loan Repayment Services program office after complete review of the EDRP application.",2026-07-30,2026-08-13,GS,111781.0,145319.0,Full-Time,False
878803200,data scientist,INTERDISCIPLINARY STAFF SCIENTIST,Food Safety and Inspection Service,Department of Agriculture,Athens,Georgia,"Join USDA's Food Safety and Inspection Service as an Interdisciplinary Scientist. You will provide public health leadership by developing risk assessment protocols to evaluate microbial and chemical hazards in meat, poultry, and egg products. Working in a multi-disciplinary team, you will analyze foodborne data, oversee national sampling programs, and recommend mitigation strategies that form the basis of federal food safety policies.",2026-07-31,2026-08-06,GS,112556.0,146325.0,Full-Time,False
850081600,data scientist,BIOLOGICAL SCIENTIST (ENVIRONMENTAL),Air Force Civilian Career Training,Department of the Air Force,Elmendorf AFB,Alaska,"Click on ""Learn more about this agency"" button below for IMPORTANT additional information. The primary purpose of this position is: Under the direct guidance of a higher grade environmental professional, to serve in a developmental capacity in biological science, performing management, execution, and operations for an assigned program element(s). This is a formal Air Force intern position, established under the PALACE Acquire (PAQ) program.",2025-11-14,2026-09-30,GS,56490.0,89826.0,Full-Time,False
877335100,data scientist,Biologist (Biosafety Staff Scientist),Geological Survey,Department of the Interior,Madison,Wisconsin,"What General Information Do I Need To Know About This Position? The Government Wide direct hire authority for GS-0401 Biological Sciences is being used to fill this position. Salary: $89,117.00 Per Year (Step 01) to $138,370.00 (Step 10); NOTE: First time hires to the Federal Government are typically hired at the Step 01. Relocation expenses are authorized.",2026-07-23,2026-08-05,GS,89117.0,138370.0,Full-Time,False
874477700,data scientist,INTERDISCIPLINARY ENGINEER/SCIENTIST,Naval Air Systems Command,Department of the Navy,Patuxent River,Maryland,"This is a public notice flyer to notify interested applicants of anticipated vacancies through the Bachelor's Degree Candidates at Science and Technology Reinvention Labs Direct Hire Authority. Interested applicants must follow the directions in the ""How to Apply"" section of this flyer to be considered. There may or may not be actual vacancies filled from this flyer. Notice of Result letters will not be sent to applicants who respond to this flyer.",2026-06-25,2026-12-24,DP,143913.0,197200.0,Full-Time,False
878483500,data scientist,INTERDISCIPLINARY ENGINEER/ SCIENTIST,Naval Air Systems Command,Department of the Navy,Patuxent River,Maryland,You will serve as an INTERDISCIPLINARY ENGINEER/ SCIENTIST (GENERAL ENGINEER/ ELECTRICAL ENGINEER/ ELECTRONICS ENGINEER/ COMPUTER SCIENTIST) in the Battlespace Division of NAVAIRWARCENAC DIV.,2026-07-30,2026-08-05,DP,143913.0,197200.0,Full-Time,False
878497900,data scientist,Supervisory Research Health Scientist,Centers for Disease Control and Prevention,Department of Health and Human Services,Decatur,Georgia,"This position is located in the Department of Health and Human Services, National Center for HIV, Viral Hepatitis, STD, and TB Prevention, headquartered in Atlanta, Georgia. This announcement will close at 11:59 PM, on the day that 75 applications have been received or the closing date of the announcement, whichever comes first.",2026-07-30,2026-08-10,GS,156451.0,197200.0,Full-Time,False
878619700,data scientist,Clinical Laboratory Scientist - Blood Bank,Veterans Health Administration,Department of Veterans Affairs,Houston,Texas,"This position is eligible for the Education Debt Reduction Program (EDRP), a student loan payment reimbursement program. You must meet specific individual eligibility requirements in accordance with VHA policy and submit your EDRP application within four months of your start date. Approval, award amount (up to $200,000) and eligibility period (one to five years) are determined by the VHA Education Loan Repayment Services program office after complete review of the EDRP application.",2026-07-30,2026-08-05,GS,67931.0,130702.0,Full-Time,False
878826000,data scientist,COMPUTER SCIENTIST (AI TEST AND EVALUATION),Defense Threat Reduction Agency,Department of Defense,Fort Belvoir,Virginia,"This position may be filled using Direct Hire Authority: Z5CAV/Direct-Hire Authority (Certain DoD Personnel) PL 118-31, Sec 125OB (i)(2), 12/22/2023.This position is being filled under the memorandum from the Under Secretary of Defense for Personnel and Readiness (USD(P&R)) ""Expansion of Direct Hire Authority for Certain Personnel of the Department of Defense,"" dated August 12,2024. This position is part of the Defense Threat Reduction Agency,",2026-07-31,2026-08-17,GS,121785.0,158322.0,Full-Time,False
866226500,data scientist,Clinical Laboratory Scientist - Generalist,Veterans Health Administration,Department of Veterans Affairs,Grand Junction,Colorado,"This position is eligible for the Education Debt Reduction Program (EDRP), a student loan payment reimbursement program. You must meet specific individual eligibility requirements in accordance with VHA policy and submit your EDRP application within four months of appointment. Program Approval, award amount (up to $200,000) and eligibility period (one to five years) are determined by the VHA Education Loan Repayment Services program office after complete review of the EDRP application.",2026-04-22,2026-08-31,GS,72849.0,140165.0,Full-Time,False
877606000,data scientist,Clinical Laboratory Scientist - Toxicology,Veterans Health Administration,Department of Veterans Affairs,Minneapolis,Minnesota,"This position is eligible for the Education Debt Reduction Program (EDRP), a student loan payment reimbursement program. You must meet specific individual eligibility requirements in accordance with VHA policy and submit your EDRP application within four months of appointment. Program Approval, award amount (up to $200,000) and eligibility period (one to five years) are determined by the VHA Education Loan Repayment Services program office after complete review of the EDRP application.",2026-07-22,2026-08-03,GS,70879.0,117026.0,Full-Time,False
878030900,data scientist,Clinical Laboratory Scientist - Generalist,Veterans Health Administration,Department of Veterans Affairs,Muskogee,Oklahoma,"This position is eligible for the Education Debt Reduction Program (EDRP), a student loan payment reimbursement program. You must meet specific individual eligibility requirements in accordance with VHA policy and submit your EDRP application within four months of appointment. Program Approval, award amount (up to $200,000) and eligibility period (one to five years) are determined by the VHA Education Loan Repayment Services program office after complete review of the EDRP application.",2026-07-27,2026-08-06,GS,59292.0,114081.0,Full-Time,False
878031000,data scientist,Clinical Laboratory Scientist - Generalist,Veterans Health Administration,Department of Veterans Affairs,Muskogee,Oklahoma,"This position is eligible for the Education Debt Reduction Program (EDRP), a student loan payment reimbursement program. You must meet specific individual eligibility requirements in accordance with VHA policy and submit your EDRP application within four months of appointment. Program Approval, award amount (up to $200,000) and eligibility period (one to five years) are determined by the VHA Education Loan Repayment Services program office after complete review of the EDRP application.",2026-07-27,2026-08-06,GS,59292.0,114081.0,Full-Time,False
878338100,data scientist,Forensic Social Scientist Program Manager,National Institute of Standards and Technology,Department of Commerce,Gaithersburg,Maryland,NIST is seeking a Forensic Social Scientist Program Manager. This role leads key operations and applies behavioral science principles to expand access to scientific data and drive information sharing. This notice is issued under direct-hire authority to recruit new talent to occupations for which NIST has a severe shortage of candidates.,2026-07-29,2026-08-04,ZP,169279.0,197200.0,Full-Time,False
878199600,data scientist,Supervisory Scientist/Engineer (Detail Only),National Science Foundation,Other Agencies and Independent Organizations,Alexandria,Virginia,The U.S. National Science Foundation (NSF) is seeking qualified candidates for Supervisory (Interdisciplinary) Scientist/Engineer positions. These positions may be established within any NSF Directorate/Office. Please visit www.nsf.gov for more information about the Foundation.,2026-07-28,2026-08-04,AD,202542.0,209600.0,Full-Time,False
878240400,data scientist,Supervisory Clinical Laboratory Scientist,Indian Health Service,Department of Health and Human Services,Mescalero,New Mexico,"This position is located at the Mescalero Service Unit in Mescalero, New Mexico, a scenic mountain community known for its rich culture, outdoor recreation, and exceptional quality of life. The Supervisory Clinical Laboratory Scientist provides administrative and technical leadership for all laboratory operations, ensuring high-quality, compliant, and efficient laboratory services. A REAL ID will be required beginning May 7, 2025, in accordance with 6 C.F.R. 37.5 (2021).",2026-07-28,2026-08-17,GS,123870.0,161034.0,Full-Time,False
869368600,data scientist,Intermittent Clinical Laboratory Scientist,Veterans Health Administration,Department of Veterans Affairs,East Orange,New Jersey,"This Open Continuous Announcement is for Intermittent Clinical Laboratory Scientist positions at the East Orange VA, part of the New Jersey VA Health Care System. As generalists, selected candidates will rotate through various laboratory sections, perform complex diagnostic testing, validate results, maintain laboratory instruments, and ensure accuracy and quality in patient care.",2026-05-14,2026-09-30,GS,101849.0,132411.0,Intermittent,False
874670700,data scientist,Clinical Laboratory Scientist (Evening Shift),Veterans Health Administration,Department of Veterans Affairs,Phoenix,Arizona,"This position is eligible for the Education Debt Reduction Program (EDRP), a student loan payment reimbursement program. You must meet specific eligibility requirements per VHA policy and submit your EDRP application within four months of appointment. Program Approval, award amount (up to $200,000) & eligibility period (one to five years) are determined by the VHA Education Loan Repayment Services program office after review of the EDRP application. Former EDRP participants ineligible to apply.",2026-06-29,2026-10-01,GS,107814.0,161034.0,Full-Time,False
878535800,data scientist,Clinical Lab Scientist (Technical Specialist),Veterans Health Administration,Department of Veterans Affairs,Nashville,Tennessee,"This position is eligible for the Education Debt Reduction Program (EDRP), a student loan payment reimbursement program. You must meet specific individual eligibility requirements in accordance with VHA policy and submit your EDRP application within four months of appointment. Program Approval, award amount (up to $200,000) and eligibility period (one to five years) are determined by the VHA Education Loan Repayment Services program office after complete review of the EDRP application.",2026-07-29,2026-08-06,GS,124222.0,161492.0,Full-Time,False
878619600,data scientist,Clinical Laboratory Scientist - Microbiology,Veterans Health Administration,Department of Veterans Affairs,Houston,Texas,"This position is eligible for the Education Debt Reduction Program (EDRP), a student loan payment reimbursement program. You must meet specific individual eligibility requirements in accordance with VHA policy and submit your EDRP application within four months of your start date. Approval, award amount (up to $200,000) and eligibility period (one to five years) are determined by the VHA Education Loan Repayment Services program office after complete review of the EDRP application.",2026-07-30,2026-08-05,GS,67931.0,130702.0,Full-Time,False
878380800,data scientist,Supervisory Clinical Lab Scientist (Blood Bank),Veterans Health Administration,Department of Veterans Affairs,East Orange,New Jersey,"This position is eligible for the Education Debt Reduction Program (EDRP), a student loan payment reimbursement program. You must meet specific individual eligibility requirements in accordance with VHA policy and submit your EDRP application within four months of appointment. Program Approval, award amount (up to $200,000) and eligibility period (one to five years) are determined by the VHA Education Loan Repayment Services program office after complete review of the EDRP application.",2026-07-29,2026-08-05,GS,118135.0,153579.0,Full-Time,False
878867700,data scientist,Lead Clinical Laboratory Scientist - Chemistry,Veterans Health Administration,Department of Veterans Affairs,Hines,Illinois,"The Lead Clinical Laboratory Scientist position is located at the Edward Hines, Jr. VA Hospital, 5000 S 5th Ave Hines, IL 60141.",2026-07-31,2026-08-10,GS,109770.0,142704.0,Full-Time,False
876682200,data scientist,Clinical Laboratory Scientist (Quality Assurance),Military Treatment Facilities under DHA,Department of Defense,Scott AFB,Illinois,"About the Position: This position is located at 375th Medical Group at Scott Air Force Base, Illinois. A recruitment or relocation incentive may be authorized. Salary negotiation may be available for those candidates who are new to Federal service. Student Loan repayment may be authorized. Non-Federal work experience may be creditable for leave purposes. This is a Direct Hire Solicitation",2026-07-16,2026-08-03,GS,76573.0,99550.0,Full-Time,False
878115400,data scientist,INTERDISCIPLINARY PHYSICAL SCIENTIST/OCEANOGRAPHER,United States Fleet Forces Command,Department of the Navy,Stennis Space Center,Mississippi,"You will serve as a INTERDISCIPLINARY PHYSICAL SCIENTIST/OCEANOGRAPHER in the OCEAN INSTRUMENTATION BRANCH, DATA COLLECTION DIVISION, OCEANOGRAPHIC DEPARTMENT of NAVOCEANO BAY ST LOUIS",2026-07-28,2026-08-03,GS,89508.0,116362.0,Full-Time,False
878789900,data scientist,Clinical Laboratory Scientist (Medical Technologist),Bureau of Prisons/Federal Prison System,Department of Justice,Butner Federal Correctional Complex,North Carolina,Corrections professionals who foster a humane and secure environment and ensure public safety by preparing individuals for successful reentry into our communities.,2026-07-31,2026-08-07,GS,59719.0,85943.0,Full-Time,False
866112800,data scientist,"Clinical Laboratory Scientist, Evening/Night Generalist",Veterans Health Administration,Department of Veterans Affairs,Aurora,Colorado,"This position is eligible for the Education Debt Reduction Program (EDRP), a student loan payment reimbursement program. You must meet specific eligibility requirements per VHA policy and submit your EDRP application within four months of appointment. Program Approval, award amount (up to $200,000) & eligibility period (one to five years) are determined by the VHA Education Loan Repayment Services program office after review of the EDRP application. Former EDRP participants ineligible to apply.",2026-04-21,2026-09-30,GS,64379.0,123868.0,Full-Time,False
877673200,data scientist,INTERDISCIPLINARY ENGINEER/SCIENTIST (PROGRAM MANAGER),Naval Air Systems Command,Department of the Navy,China Lake,California,You will serve as the SSM (Surface to Surface Missiles) Technical Project Office's (TPO) Deputy Director in the Targeting and Kinetic Effects Group (TAKE-G) of NAVAIRWARCENWPNDIV CHINA LAKE.,2026-07-28,2026-08-03,DP,104349.0,161313.0,Full-Time,False
865557400,data scientist,Clinical Laboratory Scientist (Ancillary Testing Coordinator),Veterans Health Administration,Department of Veterans Affairs,Providence,Rhode Island,"This position is eligible for the Education Debt Reduction Program (EDRP), a student loan payment reimbursement program. You must meet specific individual eligibility requirements in accordance with VHA policy and submit your EDRP application within four months of appointment. Program Approval, award amount (up to $200,000) and eligibility period (one to five years) are determined by the VHA Education Loan Repayment Services program office after complete review of the EDRP application.",2026-04-16,2026-09-30,GS,107583.0,139861.0,Full-Time,False
872447800,data scientist,Clinical Laboratory Scientist (Laboratory Information Manager),Veterans Health Administration,Department of Veterans Affairs,Phoenix,Arizona,"This position is eligible for the Education Debt Reduction Program (EDRP), a student loan payment reimbursement program. You must meet specific eligibility requirements per VHA policy and submit your EDRP application within four months of appointment. Program Approval, award amount (up to $200,000) & eligibility period (one to five years) are determined by the VHA Education Loan Repayment Services program office after review of the EDRP application. Former EDRP participants ineligible to apply.",2026-06-10,2026-08-12,GS,123870.0,161034.0,Full-Time,False
874028300,data scientist,Supervisory Clinical Laboratory Scientist (Laboratory Manager),Veterans Health Administration,Department of Veterans Affairs,Walla Walla,Washington,"The Supervisory Clinical Laboratory Scientist (CLS) Laboratory Manager is part of the Pathology and Laboratory Medicine Service (P&LMS). The Laboratory Manager exercises a full range of supervisory responsibilities to plan, direct, and assess work of subordinate staff. The Laboratory Manager supervises a contingent of laboratory personnel and plans and assigns work based on priorities, requirements of assignments, and abilities of employees.",2026-06-23,2026-09-30,GS,140934.0,183216.0,Full-Time,False
877625800,data scientist,Supervisory Clinical Laboratory Scientist (Laboratory Manager),Veterans Health Administration,Department of Veterans Affairs,Columbia,South Carolina,The Supervisory Clinical Laboratory Scientist serves as the Laboratory Manager (Lab Manager) and shares with the Chief of Pathology & Laboratory Medicine Service (P&LMS)full responsibility for managing and supervising all phases of laboratory operations in a complexity level index group 1 laboratory that performs at least 1 million standard billable tests annually and supervises a large staff of nonsupervisory personnel and supervisory personnel including at least one GS-13 subordinate.,2026-07-23,2026-08-03,GS,150210.0,195278.0,Full-Time,False
878027000,data scientist,Supervisory Clinical Laboratory Scientist (Laboratory Manager),Veterans Health Administration,Department of Veterans Affairs,Hampton,Virginia,"This position is eligible for the Education Debt Reduction Program (EDRP), a student loan payment reimbursement program. You must meet specific eligibility requirements per VHA policy and submit your EDRP application within four months of appointment. Program Approval, award amount (up to $200,000) & eligibility period (one to five years) are determined by the VHA Education Loan Repayment Services program office after review of the EDRP application. Former EDRP participants ineligible to apply.",2026-07-27,2026-08-05,GS,161169.0,209526.0,Full-Time,False
878068000,data scientist,INTERDISCIPLINARY ENVIRONMENTAL ENGINEER/PHYSICAL SCIENTIST,Naval Facilities Engineering Systems Command,Department of the Navy,Washington Navy Yard,District of Columbia,You will serve as an ENVIRONMENTAL ENGINEER or PHYSICAL SCIENTIST in the Environmental Division of Naval Facilities Engineering Systems Command (NAVFAC) Headquarters of NAVFAC OSF.,2026-07-27,2026-08-03,GS,143913.0,187093.0,Full-Time,False
878237200,data scientist,Lead Clinical Laboratory Scientist (Transfusion SVCS/Tissue MGR),Military Treatment Facilities under DHA,Department of Defense,Tacoma,Washington,"About the Position: This position is located at Madigan Army Medical Center, Tacoma Washington. A recruitment or relocation incentive may be authorized. Salary negotiation may be available for those candidates who are new to Federal service. This is a Direct Hire Solicitation",2026-07-28,2026-08-05,GS,97606.0,126895.0,Full-Time,False
878497400,data scientist,INTERDISCIPLINARY ENVIRONMENTAL ENGINEER/PHYSICAL SCIENTIST,"Commander, Navy Installations Command",Department of the Navy,China Lake,California,"This is a public notice flyer to notify interested applicants of anticipated vacancies. Applications will not be accepted through this flyer. Interested applicants must follow the directions in the ""How to Apply"" section of this flyer to be considered. There may or may not be actual vacancies filled from this flyer. Notice of Result letters will not be sent to applicants who respond to this flyer.",2026-07-30,2026-08-10,GS,124085.0,161313.0,Full-Time,False
878732300,data scientist,INTERDISCIPLINARY ENVIRONMENTAL ENGINEER/PHYSICAL SCIENTIST,"Commander, Navy Installations Command",Department of the Navy,Pearl Harbor,Hawaii,You will serve as a Environmental Engineer/Physical Scientist in the Environmental Division of NAVAL STATION.,2026-07-31,2026-08-07,GS,95994.0,124031.0,Full-Time,False
878388100,data scientist,Supervisory Research Health Scientist (Field Studies Branch Chief),Centers for Disease Control and Prevention,Department of Health and Human Services,Morgantown,West Virginia,"This position is located in the Department of Health and Human Services, Centers for Disease Control and Prevention, National Institute for Occupational Safety and Health (NIOSH). This position is located in Morgantown,WV- NIOSH is headquartered in Atlanta, Georgia and Washington D.C. This announcement will close at 11:59 PM, on the day that 50 applications have been received or the closing date of the announcement, whichever comes first.",2026-07-30,2026-08-05,GS,147945.0,192331.0,Full-Time,False
877953500,data scientist,Supervisory Interdisciplinary Physical Scientist/General Engineer,Defense Threat Reduction Agency,Department of Defense,Kirtland AFB,New Mexico,"This position is being filled under the memorandum from the Under Secretary of Defense for Personnel and Readiness (USD(P&R)) ""Expansion of Direct Hire Authority for Certain Personnel of the Department of Defense,"" dated August 12,2024. This position is part of the Defense Threat Reduction Agency.",2026-07-27,2026-08-10,GS,127141.0,165288.0,Full-Time,False
878566200,data scientist,Clinical Laboratory Scientist (Pathology & Laboratory Medicine Service),Veterans Health Administration,Department of Veterans Affairs,Viera,Florida,"This position is eligible for the Education Debt Reduction Program (EDRP), a student loan payment reimbursement program. You must meet specific individual eligibility requirements in accordance with VHA policy and submit your EDRP application within four months of appointment. Program Approval, award amount (up to $200,000) and eligibility period (one to five years) are determined by the VHA Education Loan Repayment Services program office after complete review of the EDRP application.",2026-07-31,2026-08-14,GS,86710.0,112729.0,Full-Time,False
876901700,data scientist,INTERDISCIPLINARY BIOLOGIST/ENVIRONMENTAL ENGINEER/PHYSICAL SCIENTIST,"Commander, Navy Installations Command",Department of the Navy,Pearl Harbor,Hawaii,"This is a public notice flyer to notify interested applicants of anticipated vacancies. Applications will not be accepted through this flyer. Interested applicants must follow the directions in the ""How to Apply"" section of this flyer to be considered. There may or may not be actual vacancies filled from this flyer. Notice of Result letters will not be sent to applicants who respond to this flyer. For 401/1301 Series: GS-12: $93,445 - $121,482 pa For 819 Series: GS-12: $95,994 - $124,031 pa",2026-07-20,2026-08-03,GS,93445.0,124031.0,Full-Time,False
878735300,data scientist,Supervisory Veterinary Medical Officer/Biological Scientist (CVB IC Director),Animal and Plant Health Inspection Service,Department of Agriculture,Ames,Iowa,"As Director for the Center for Veterinary Biologics-Inspection and Compliance (IC) you are responsible for ensuring the agency is in full compliance with the Virus Serum Toxin Act (VSTA) including the issuance, suspension, or revocation of product and establishment licenses and for permits for importation of biological products for distribution and sale. Recruitment incentives may be authorized but not guaranteed.",2026-07-31,2026-08-06,GS,149146.0,193892.0,Full-Time,False
878177000,data scientist,Research Scientist / Computer Systems Researcher - Mid to Experienced Level (Maryland),National Security Agency/Central Security Service,Department of Defense,Fort Meade,Maryland,"NSA is in search of Computer Science professionals to solve complex problems, test innovative approaches and research new solutions to storing, manipulating, and presenting information. We are looking for you to apply your computer science expertise to projects that seek to create new standards for the transformation of information. If you want to develop technologies and tools and be a part of cutting edge innovations; join our team of experts!",2026-07-27,2026-08-17,GG,105262.0,192764.0,Full-Time,False
870477600,data scientist,Clinical Laboratory Scientist (Quality Manager/Back-up Contracting Officer Representative),Veterans Health Administration,Department of Veterans Affairs,Aurora,Colorado,"Position is eligible for the Education Debt Reduction Program (EDRP), a student loan payment reimbursement program. You must meet specific eligibility requirements per VHA policy and submit your EDRP application within four months of appointment. Program approval, award amount (up to $200,000) and eligibility period (one to five years) are determined by the VHA Education Loan Repayment Services program office after review of the EDRP application. Former EDRP participants are ineligible to apply.",2026-05-22,2026-09-30,GS,110252.0,143331.0,Full-Time,False
870477900,data scientist,Clinical Laboratory Scientist (Quality Manager/Back-up Contracting Officer Representative),Veterans Health Administration,Department of Veterans Affairs,Aurora,Colorado,"Position is eligible for the Education Debt Reduction Program (EDRP), a student loan payment reimbursement program. You must meet specific eligibility requirements per VHA policy and submit your EDRP application within four months of appointment. Program approval, award amount (up to $200,000) and eligibility period (one to five years) are determined by the VHA Education Loan Repayment Services program office after review of the EDRP application. Former EDRP participants are ineligible to apply.",2026-05-22,2026-09-30,GS,110252.0,143331.0,Full-Time,False
878037200,data scientist,ENVIRONMENTAL ENGINEER/PHYSICAL SCIENTIST/COMMUNITY PLANNER/SCIENTIFIC RESOURCES MANAGER,United States Fleet Forces Command,Department of the Navy,Norfolk,Virginia,You will serve as an Environmental Engineer/Physical Scientist/Community Planner/Scientific Resources Manager in the Environmental Readiness Branch of COMMANDER US FLEET FORCES COMMAND.,2026-07-28,2026-08-03,GS,127646.0,165945.0,Full-Time,False
876279000,data engineer,ENGINEER,Naval Sea Systems Command,Department of the Navy,Panama City Naval Surface Warfare Center,Florida,"This is a public notice flyer to notify interested applicants of anticipated vacancies. Applications will not be accepted through this flyer. Interested applicants must follow the directions in the ""How to Apply"" section of this flyer to be considered. There may or may not be actual vacancies filled from this flyer. Notice of Result letters will not be sent to applicants who respond to this flyer.",2026-07-14,2026-08-13,ND,40736.0,138370.0,Full-Time,False
876381400,data engineer,ENGINEER,Naval Sea Systems Command,Department of the Navy,Dahlgren,Virginia,"This is a public notice flyer to notify interested applicants of anticipated vacancies. Applications will not be accepted through this flyer. Interested applicants must follow the directions in the ""How to Apply"" section of this flyer to be considered. There may or may not be actual vacancies filled from this flyer. Notice of Result letters will not be sent to applicants who respond to this flyer.",2026-07-15,2026-08-04,ND,102415.0,158322.0,Full-Time,False
878051400,data engineer,ENGINEER,Naval Sea Systems Command,Department of the Navy,Ford Island,Hawaii,"You will serve as a ENGINEER in the TEST AND EVALUATION DEPARTMENT, FLEET WARFIGHTING READINESS AND OPERATIONS DIVISION, UNDERSEA WARFARE SHIP TEST AND EVALUATION BRANCH of NAVUNSEAWARCENDIV KEYPORT WA.",2026-07-28,2026-08-06,ND,64438.0,144457.0,Full-Time,False
878683800,data engineer,General Engineer (Lead Engineer),Federal Aviation Administration,Department of Transportation,Memphis,Tennessee,"Serves as a General Engineer (Lead) in the Engineering Services, EnRoute Construction Center.",2026-07-31,2026-08-13,FV,111779.0,173292.0,Full-Time,False
878046000,data engineer,Healthcare Engineer-Project Engineer,Veterans Health Administration,Department of Veterans Affairs,Fort Meade,South Dakota,"The position serves as a Project Engineer at the Black Hills Veterans Affairs (VA) Healthcare System. This position performs project planning, produces designs, manages designs, manages construction, and provides construction administration for Minor Construction Projects, Non-Recurring Maintenance (NRM) Projects, Station Level Projects, and Leases.",2026-07-27,2026-08-03,GS,99402.0,129225.0,Full-Time,False
855855200,data engineer,Healthcare Engineer - Electrical Engineer,Veterans Health Administration,Department of Veterans Affairs,Northport,New York,"The position serves as a Healthcare Engineer - Electrical Engineer specializing in electrical engineering and providing construction administration for Minor Construction Projects, Non-Recurring Maintenance (NRM) Projects, Station Level Projects, and Leases, including all areas and aspects (architectural, electrical, life safety, mechanical, civil, structural, etc.) at the Northport NY VA Medica Center and associated Community Based Outpatient Clinic (CBOC)'s.",2026-07-24,2026-08-07,GS,130369.0,169484.0,Full-Time,False
856552100,data engineer,Kafka Engineer,Social Security Administration,Other Agencies and Independent Organizations,Woodlawn,Maryland,"IT Specialist (APPSW) Kafka Engineer positions are being filled through the Office of Personnel Management's delegated Direct Hire Authority, open to all U.S. citizens. Selections made under this bulletin will be processed as new appointments to the civil service. Current civil service employees would, therefore, be given new appointments to the civil service. Under the provisions of the Direct Hire Authority, Veterans Preference and the ""Rule of Many"" do not apply.",2026-02-05,2026-08-04,GS,143913.0,197200.0,Full-Time,False
876281900,data engineer,CIVIL ENGINEER,Air National Guard Units,Department of the Air Force,Kirtland AFB,New Mexico,"THIS IS A NATIONAL GUARD TITLE 5 EXCEPTED SERVICE POSITION. NEW MEXICO AIR NATIONAL GUARD This is an indefinite position that will not exceed 5 years. This National Guard position is for a CIVIL ENGINEER, Position Description Number T5904800 and is part of the NM 150th SOW Civil Engineer Squadron, National Guard.",2026-07-13,2026-08-06,GS,90479.0,117625.0,Full-Time,False
877167600,data engineer,Civil Engineer,U.S. Army Corps of Engineers,Department of the Army,Memphis,Tennessee,"This is a DHA for Certain Personnel of the DoD Workforce solicitation to recruit qualified candidates to positions in the competitive service. About the Position: At the full performance level, you will serve as a senior engineer of the Civil Design Section. You will oversee project planning and design, including reviewing the work of other professional engineers and technicians and providing liaison with other government agencies, local and private interests.",2026-07-20,2026-08-03,GS,56039.0,116362.0,Full-Time,False
877199000,data engineer,Civil Engineer,ARMY TRANSPORTATION,Department of the Army,Scott AFB,Illinois,"About the Position: The Senior Engineer is responsible for the research, analysis, scope, content, and accuracy of installation out loading capability studies, ports for national defense studies, OCONUS ports, and special joint operational and strategic mobility planning studies.",2026-07-20,2026-08-10,GS,109137.0,141880.0,Full-Time,False
877199500,data engineer,Civil Engineer,ARMY TRANSPORTATION,Department of the Army,Scott AFB,Illinois,"This is a Direct Hire Authority (DHA) solicitation utilizing the DHA for Certain Personnel of the DoD Workforce to recruit and appoint qualified candidates to positions in the competitive service. About the Position: The Senior Engineer is responsible for the research, analysis, scope, content, and accuracy of installation out loading capability studies, ports for national defense studies, OCONUS ports, and special joint operational and strategic mobility planning studies.",2026-07-20,2026-08-10,GS,109137.0,141880.0,Full-Time,False
877207100,data engineer,Civil Engineer,Federal Aviation Administration,Department of Transportation,Washington,District of Columbia,"This position serves as a Senior Civil Engineer for airport and heliport design within the Office of Airports Safety and Standards, Airports Engineering Division, AAS-100. The incumbent serves as a principal technical specialist responsible for the application of civil engineering principles as they relate to the development of standards, specifications, criteria and guidelines for airport/heliport design, construction, techniques, quality control, maintenance and management.",2026-07-21,2026-08-04,FV,127898.0,198281.0,Full-Time,False
877320200,data engineer,Civil Engineer,U.S. Army Corps of Engineers,Department of the Army,Memphis,Tennessee,"This is a Direct Hire Authority (DHA) solicitation utilizing the DHA for Certain Personnel of the DoD Workforce to recruit and appoint qualified candidates to positions in the competitive service. About the Position: at the full performance level, you will serve as a senior civil engineer. You will be responsible for individual soil investigations as well as coordinating the work of lower level engineers in soil investigation analysis.",2026-07-21,2026-08-04,GS,56039.0,116362.0,Full-Time,False
877340200,data engineer,Civil Engineer,U.S. Army Corps of Engineers,Department of the Army,Wilmington,North Carolina,"This is a public notice flyer to notify interested applicants of anticipated vacancies. Applications will NOT be accepted through this flyer. Interested applicants should review the ""How to Apply"" section of this flyer for more information on how to be considered. This flyer will be used as positions become available. There may or may not be actual vacancies filled from this flyer.",2026-07-21,2026-08-05,GS,74678.0,116362.0,Full-Time,False
878079700,data engineer,Civil Engineer,Bureau of Reclamation,Department of the Interior,Pueblo,Colorado,"Reclamation is seeking a career professional looking for an opportunity to capitalize on their expertise as a Civil Engineer. Make a difference in the West by assisting with managing, developing, and protecting water and related resources in an environmentally and economically sound manner in the interest of the American public. Duty Location: Pueblo, Colorado For living conditions",2026-07-27,2026-08-06,GS,104502.0,127443.0,Full-Time,False
878083300,data engineer,Civil Engineer,United States Army Installation Management Command,Department of the Army,Fort Bliss,Texas,"This is a Direct Hire Authority (DHA) solicitation utilizing the DHA for Certain Personnel of the DoD Workforce to recruit and appoint qualified candidates to positions in the competitive service. About the Position: Serves as a Civil Engineer, performing professional engineering work in the preparation of civil, structural, and architectural designs, drawings, and specifications for construction.",2026-07-28,2026-08-10,GS,89508.0,116362.0,Full-Time,False
878090600,data engineer,Civil Engineer,United States Army Installation Management Command,Department of the Army,Dugway Proving Ground,Utah,"This is a Direct Hire Authority (DHA) solicitation utilizing the DHA for Domestic Defense Industrial Base Facilities and Major Range and Test Facilities Base to recruit and appoint qualified candidates to positions in the competitive service. About the Position: This position is located at Dugway Proving Ground, Utah.",2026-07-28,2026-08-05,GS,106437.0,138370.0,Full-Time,False
878223600,data engineer,Civil Engineer,US Army Civilian Human Resources Agency,Department of the Army,Concord,Massachusetts,"About the Position: The Army Fellows Program provides an exciting opportunity to embark on a developmental, accelerated career path as an Army Civilian including continued training and educational opportunities, with no military obligation. Fellows may also receive paid training, certifications, and rotational assignments. Apply now to start your Civilian Army career today! 1st Year Salary $57150-$74297 2nd Year Salary $69905-$90882 3rd Year Salary $84579-$109959 4th Year Salary $101375-$131790",2026-07-31,2026-08-10,GS,57150.0,131790.0,Full-Time,False
878249300,data engineer,Civil Engineer,United States Army Installation Management Command,Department of the Army,Natick,Massachusetts,This is a Direct Hire Authority (DHA) solicitation utilizing the DHA for Certain Personnel of the DoD Workforce to recruit and appoint qualified candidates to positions in the competitive service. About the Position: Serves as project manager and provides construction oversight and quality assurance for civil engineering related projects.,2026-07-28,2026-08-10,GS,101375.0,131790.0,Full-Time,False
878328200,data engineer,CIVIL ENGINEER,U.S. Marine Corps,Department of the Navy,Cherry Point,North Carolina,"This is a public notice flyer to notify interested applicants of anticipated vacancies. Applications will not be accepted through this flyer. Interested applicants must follow the directions in the ""How to Apply"" section of this flyer to be considered. There may or may not be actual vacancies filled from this flyer. Notice of Result letters will not be sent to applicants who respond to this flyer.",2026-07-29,2026-08-04,GS,89508.0,116362.0,Full-Time,False
878336800,data engineer,Civil Engineer,Bureau of Reclamation,Department of the Interior,Billings,Montana,"Reclamation is seeking a career professional looking for an opportunity to capitalize on their expertise as a Civil Engineer. Make a difference in the West by assisting with managing, developing, and protecting water and related resources in an environmentally and economically sound manner in the interest of the American public. Duty Location: Billings, Montana",2026-07-29,2026-08-19,GS,118204.0,145483.0,Full-Time,False
878339000,data engineer,Civil Engineer,"Agriculture, Rural Development",Department of Agriculture,Dallas,Texas,"This position is located in the Rural Utilities Service (RUS), Water and Environmental Programs, Water Programs Division. The purpose of this position is to provide leadership, develop policy, and monitor implementation of various engineering disciplines.",2026-07-29,2026-08-05,GS,115711.0,150426.0,Full-Time,False
878444700,data engineer,Civil Engineer,U.S. Army Corps of Engineers,Department of the Army,Albuquerque,New Mexico,"This is a Direct Hire Authority (DHA) solicitation utilizing the DHA for Certain Personnel of the DoD Workforce to recruit and appoint qualified candidates to positions in the competitive service. About the Position: Incumbent provides general civil engineering expertise and deliverables in support of Civil Works, Operations, Military Construction, Interagency & International Services, Emergency Operations, and Environmental programs in support of the Albuquerque District.",2026-07-30,2026-08-10,GS,104502.0,127443.0,Full-Time,False
878553900,data engineer,CIVIL ENGINEER,Naval Air Systems Command,Department of the Navy,Patuxent River,Maryland,"YOU WILL SERVE AS A CIVIL ENGINEER IN THE DIGITAL ANALYSTICS INFRASTRUCTURE AND TECH ADVANCEMENT GROUP, INFRASTRUCTURE SAFETY AND ENVIROMENTAL DEPARTMENT, INFRASTRUCTURE ENGINEERING AND PLANNING DIVISION OF NAVAIRWARCENAC DIV.",2026-07-31,2026-08-06,DP,102415.0,158322.0,Full-Time,False
877769100,data engineer,Safety Engineer,U.S. Army Communications Electronics Command,Department of the Army,Tobyhanna,Pennsylvania,This position will be filled using the Direct Hiring Authority (DHA) for Domestic Defense Industrial Base (DIB) & Major Range and Test Facilities Base (MRTFB) in Department of Defense (DoD). About the Position: This Safety Engineer position will be filled at the GS-12 level. This position provides a variety of safety engineering services for all activities covered by the Depot's safety and occupational health program.,2026-07-24,2026-08-03,GS,105481.0,137128.0,Full-Time,False
759402100,data engineer,Utility Engineer,Central Intelligence Agency,Other Agencies and Independent Organizations,Washington,District of Columbia,Utility Engineers oversee industrial utility systems and infrastructure deployed at Agency data centers worldwide.,2026-06-01,2026-09-30,GS,75332.0,133142.0,Full-Time,False
874818100,data engineer,Network Engineer,U.S. Courts,Judicial Branch,Washington,District of Columbia,"The Network Engineer provides operational support and monitoring for Cisco, Cisco Meraki, and Microsoft infrastructure products. The incumbent performs routine network administration and assists other IT staff with system administration in a virtualized environment.",2026-06-22,2027-06-21,CL,81906.0,158334.0,Full-Time,False
875160100,data engineer,GENERAL ENGINEER,U.S. Marine Corps,Department of the Navy,Quantico,Virginia,"This is a public notice flyer to notify interested applicants of anticipated vacancies. Applications will not be accepted through this flyer. Interested applicants must follow the directions in the ""How to Apply"" section of this flyer to be considered. There may or may not be actual vacancies filled from this flyer. Notice of Result letters will not be sent to applicants who respond to this flyer.",2026-07-01,2026-09-01,NH,143913.0,197200.0,Full-Time,False
875207600,data engineer,GENERAL ENGINEER,U.S. Marine Corps,Department of the Navy,Stafford,Virginia,"This is a public notice flyer to notify interested applicants of anticipated vacancies. Applications will not be accepted through this flyer. Interested applicants must follow the directions in the ""How to Apply"" section of this flyer to be considered. There may or may not be actual vacancies filled from this flyer. Notice of Result letters will not be sent to applicants who respond to this flyer.",2026-07-02,2026-09-02,NH,102415.0,158322.0,Full-Time,False
876336700,data engineer,General Engineer ,Federal Aviation Administration,Department of Transportation,College Park,Georgia,Serves as Service Area focal point during Implementation Plan development for F&E funded NAS programs.,2026-07-14,2026-08-03,FV,118206.0,183255.0,Full-Time,False
876810700,data engineer,General Engineer,United States Army Installation Management Command,Department of the Army,Fort McCoy,Wisconsin,"This is a Direct Hire Authority (DHA) solicitation utilizing the DHA for Certain Personnel of the DoD Workforce to recruit and appoint qualified candidates to positions in the competitive service. About the Position: Works under the general supervision of the Chief, Engineering Division, Directorate of Public Works, who assigns projects in terms of goals or results expected.",2026-07-16,2026-08-03,GS,89508.0,116362.0,Full-Time,False
877118200,data engineer,General Engineer,United States Army Installation Management Command,Department of the Army,Fort Richardson,Alaska,"This is a Direct Hire Authority (DHA) solicitation utilizing the DHA for Certain Personnel of the DoD Workforce to recruit and appoint qualified candidates to positions in the competitive service. About the Position: Serves as a General Engineer Project Manager requiring a multidisciplinary familiarity in building architecture, civil and industrial engineering.",2026-07-18,2026-08-03,GS,103755.0,134120.0,Full-Time,False
877128000,data engineer,GENERAL ENGINEER,STRATEGIC SYSTEMS PROGRAMS (SSP),Department of the Navy,Kings Bay,Georgia,"This is a public notice flyer to notify interested applicants of anticipated vacancies. Applications will not be accepted through this flyer. Interested applicants must follow the directions in the ""How to Apply"" section of this flyer to be considered. There may or may not be actual vacancies filled from this flyer. Notice of Result letters will not be sent to applicants who respond to this flyer.",2026-07-20,2026-08-03,NH,89508.0,138370.0,Full-Time,False
877208600,data engineer,GENERAL ENGINEER,Naval Air Systems Command,Department of the Navy,Lakehurst,New Jersey,"You will serve as a GENERAL ENGINEER in the Strategic Technologies Branch (BL33500) of the Digital Engineering Division, Mission Operations and Integration Dept of NAVAIRWARCENADLKE.",2026-07-24,2026-08-03,DP,148222.0,197200.0,Full-Time,False
877314700,data engineer,GENERAL ENGINEER,Naval Air Systems Command,Department of the Navy,Patuxent River,Maryland,"This position serves as the United States Coast Guard (USCG) Assistant Program Manager for Systems Engineering (APMSE) assigned to PMA-299. Primary responsibility is for the technical management and direction of all engineering and coordination of the development, test, and production of this MH-60 variant. You will serve as a General Engineer in the Systems Engineering Department, Air Platform Systems Engineering Division of NAVAIRWARCENAC DIV.",2026-07-27,2026-08-03,DP,143913.0,197200.0,Full-Time,False
877354500,data engineer,GENERAL ENGINEER,Naval Air Systems Command,Department of the Navy,Lakehurst,New Jersey,"You will serve as a General Engineer in the Strategic Technologies Branch (BL33500) of the Digital Engineering Division, Mission Operations and Integration Dept of NAVAIRWARCENADLKE",2026-07-24,2026-08-03,GS,125431.0,163062.0,Full-Time,False
877406900,data engineer,General Engineer,Missile Defense Agency,Department of Defense,Orchard Park,New York,"This position is part of the Department of War (DoW), Missile Defense Agency (MDA). The incumbent will be responsible for: Directs, reviews, coordinates, and implements broad strategies, policies and procedures for programming, planning, developing, acquisition, and execution of the quality, mission assurance, and assurance integration programs.",2026-07-21,2026-08-04,NH,131525.0,197200.0,Full-Time,False
877455100,data engineer,GENERAL ENGINEER,Naval Air Systems Command,Department of the Navy,Patuxent River,Maryland,"This position serves as the PMA-201 Precision Strike Weapons Advanced Systems Assistant Program Manager for Systems Engineering (APMSE). You will be responsible for supporting PMA-201 strategic planning, advanced technology development, execution of existing capabilities, support for long range fires and the systems engineering efforts to start new programs. You will serve as a GENERAL ENGINEER in the AIR PLATFORM SYSTEMS ENGINEERING DIV, SYSTEMS ENGINEERING DEPT of NAVAIRWARCENAC DIV.",2026-07-27,2026-08-03,DP,143913.0,197200.0,Full-Time,False
877467400,data engineer,NUCLEAR ENGINEER,U.S. Pacific Fleet,Department of the Navy,San Diego,California,"You will serve as a NUCLEAR ENGINEER in the Nuclear Test Engineering Division, Nuclear Engineering and Planning Department of Puget Sound Naval Shipyard and Intermediate Maintenance Facility (PSNS & IMF) San Diego Detachment.",2026-07-21,2026-08-03,GS,121585.0,158062.0,Full-Time,False
877541000,data engineer,GENERAL ENGINEER,"Headquarters, Air Force Reserve Command",Department of the Air Force,Dobbins AFB,Georgia,"Click on ""Learn more about this agency"" button below to view Eligibilities being considered and other IMPORTANT information. Air Reserve Technicians are full-time civilian employees who are also members of the Air Force Reserve unit in which they are employed. In addition to their civilian assignments, they are assigned to equivalent positions in the Reserve organization with a Reserve military rank or grade. Appointee's civilian assignments will consist of the following duties.",2026-07-23,2026-08-05,GS,112556.0,146325.0,Full-Time,False
877759100,data engineer,Nuclear Engineer,Geological Survey,Department of the Interior,Lakewood,Colorado,"These positions serve as a Nuclear Engineer, GS-0840-11/12 with the Department of the Interior, U.S. Geological Survey, Rocky Mountain Region, U.S. TRIGA Reactor.",2026-07-24,2026-08-06,GS,83265.0,129742.0,Full-Time,False
877828200,data engineer,GENERAL ENGINEER,Naval Air Systems Command,Department of the Navy,Patuxent River,Maryland,"You will serve as a GENERAL ENGINEER in the AIR PLATFORM SYSTEMS ENGINEERING PROGRAM BRANCH of NAVAIRWARCENAC DIV. You will be the PMA-261 Assistant Program Manager for Systems Engineering for the In-Service H-53E or H-53K. Scope for these positions include the Navy MH-53E, the Marine Corps CH-53E, and the Marine Corps CH-53K. The primary responsibilities are management and oversight of all engineering technical disciplines and major modernization and sustainment initiatives for each platform.",2026-07-27,2026-08-03,DP,143913.0,197200.0,Full-Time,False
877863700,data engineer,General Engineer,United States Army Installation Management Command,Department of the Army,Wheeler Army Airfield,Hawaii,"This is a Direct Hire Authority (DHA) solicitation utilizing the DHA for Certain Personnel of the DoD Workforce to recruit and appoint qualified candidates to positions in the competitive service. About the Position: Hawaii is a beautiful state, but has a high cost of living. Hawaii has many outdoor activities all year round including surfing, paddling, diving, fishing, and hiking.",2026-07-24,2026-08-03,GS,111119.0,144457.0,Full-Time,False
877870300,data engineer,General Engineer,National Highway Traffic Safety Administration,Department of Transportation,Princeton,New Jersey,The position is in the Advanced and Emerging Technologies Division (AETD) in the Office of Enforcement. Your daily work will include pre-investigative and investigative work to identify potential safety defects and hazards affecting the motoring public including studying interactions of vehicle design and human performance.,2026-07-24,2026-08-03,GS,143913.0,192694.0,Full-Time,False
877903400,data engineer,General Engineer,Defense Logistics Agency,Department of Defense,Richmond,Virginia,See below for important information regarding this job.,2026-07-24,2026-08-02,GS,93499.0,121551.0,Full-Time,False
877906400,data engineer,GENERAL ENGINEER,U.S. Marine Corps,Department of the Navy,Quantico,Virginia,"This is a public notice flyer to notify interested applicants of anticipated vacancies. Applications will not be accepted through this flyer. Interested applicants must follow the directions in the ""How to Apply"" section of this flyer to be considered. There may or may not be actual vacancies filled from this flyer. Notice of Result letters will not be sent to applicants who respond to this flyer.",2026-07-24,2026-08-03,GS,121785.0,154263.0,Full-Time,False
877906700,data engineer,General Engineer,Federal Aviation Administration,Department of Transportation,Washington,District of Columbia,"This position is located in the Air Traffic Organization (ATO), Safety Service Unit, Policy & Performance Directorate, Safety Performance Group (AJl-3400). This group creates and manages safety performance metrics and incorporates human performance management programs, data, and efforts to maximize safety performance.",2026-07-25,2026-08-07,FV,127898.0,198281.0,Full-Time,False
878075400,data engineer,General Engineer,Defense Contract Management Agency,Department of Defense,Sedro Woolley,Washington,See below for important information regarding this job. Additional vacancies may be filled from this announcement.,2026-07-27,2026-09-04,NH,101694.0,155521.0,Full-Time,False
878152400,data engineer,General Engineer,Washington Headquarters Services,Department of Defense,Fairfield,Pennsylvania,"The position serves as a General Engineer within the Raven Rock Mountain Complex (RRMC) Engineering Plans and Services Division. The position primarily involves the management and execution of major design, renovation, and construction projects in support of the RRMC Mission. The incumbent will also assist with the long-range management and planning of projects and programs funded through facility maintenance and Military Construction (MILCON) funding streams.",2026-07-27,2026-08-07,GS,121785.0,158322.0,Full-Time,False
878262000,data engineer,GENERAL ENGINEER,Naval Facilities Engineering Systems Command,Department of the Navy,Panama City Naval Surface Warfare Center,Florida,"This is a public notice flyer to notify interested applicants of anticipated vacancies. Applications will not be accepted through this flyer. Interested applicants must follow the directions in the ""How to Apply"" section of this flyer to be considered. There may or may not be actual vacancies filled from this flyer. Notice of Result letters will not be sent to applicants who respond to this flyer.",2026-07-28,2026-10-26,GS,89508.0,116362.0,Full-Time,False
878266100,data engineer,General Engineer,United States Army Installation Management Command,Department of the Army,Fort Hood,Texas,This is a Direct Hire Authority (DHA) solicitation utilizing the DHA for Certain Personnel of the DoD Workforce to recruit and appoint qualified candidates to positions in the competitive service. About the Position: The installation rests in the beautiful 'hill and lake' country of Central Texas between Killeen and Copperas Cove and is approximately 60 miles north of the capital city of Austin.,2026-07-30,2026-08-13,GS,89508.0,116362.0,Full-Time,False
878352700,data engineer,General Engineer,National Nuclear Security Administration,Department of Energy,Albuquerque,New Mexico,"Located within the Office of Projects and Acquisition under the Defense Nuclear Nonproliferation Front Office (NA-20). This General Engineer position focuses on formulating and executing acquisition strategies, lifecycle evaluations, and program delivery. The incumbent actively manages and supports a diverse portfolio of domestic and international programs, ensuring all projects and acquisition instruments directly align with and strategically advance the critical NA-20 nonproliferation mission.",2026-07-28,2026-08-03,NN,143913.0,197200.0,Full-Time,False
878393500,data engineer,General Engineer,ARMY TRANSPORTATION,Department of the Army,Southport,North Carolina,"This is a Direct Hire Authority (DHA) solicitation utilizing the DHA for Certain Personnel of the DoD Workforce to recruit and appoint qualified candidates to positions in the competitive service. About the Position: Incumbent provides professional engineering guidance and manages all project phases, from planning and design to inspection and quality control. The role also involves developing maintenance programs, managing budgets and data systems, and driving process improvements.",2026-07-29,2026-08-03,GS,74678.0,116362.0,Full-Time,False
878393600,data engineer,General Engineer,ARMY TRANSPORTATION,Department of the Army,Southport,North Carolina,"About the Position: Incumbent provides professional engineering guidance and manages all project phases, from planning and design to inspection and quality control. The role also involves developing maintenance programs, managing budgets and data systems, and driving process improvements.",2026-07-29,2026-08-03,GS,74678.0,116362.0,Full-Time,False
878425900,data engineer,Engineer Towboat,U.S. Army Corps of Engineers,Department of the Army,Peoria,Illinois,"This is a Direct Hire Authority (DHA) solicitation utilizing the DHA for Certain Personnel of the DoD Workforce to recruit and appoint qualified candidates to positions in the competitive service. About the Position: This is a vacancy for either an Engineer Towboat XH-09 target Chief Engineer Towboat XH-11 in the Maintenance Section located in Peoria, IL.",2026-07-29,2026-08-07,XH,87609.59999999999,108284.8,Full-Time,False
878510800,data engineer,General Engineer,National Nuclear Security Administration,Department of Energy,Kansas City,Missouri,"A successful candidate in this position will serve as a General Engineer, assuring the administration, guidance, compliance, and execution of departmental and contractor programs for facilities.",2026-07-29,2026-08-07,EN,127829.0,204488.0,Full-Time,False
878549000,data engineer,GENERAL ENGINEER,U.S. Marine Corps,Department of the Navy,Quantico,Virginia,"This is a public notice flyer to notify interested applicants of anticipated vacancies. Applications will not be accepted through this flyer. Interested applicants must follow the directions in the ""How to Apply"" section of this flyer to be considered. There may or may not be actual vacancies filled from this flyer. Notice of Result letters will not be sent to applicants who respond to this flyer.",2026-07-29,2026-09-30,NH,102415.0,158322.0,Full-Time,False
878599000,data engineer,NUCLEAR ENGINEER,U.S. Pacific Fleet,Department of the Navy,Bremerton,Washington,"This position is a bridge program designed for giving employees the opportunity to gain the competencies necessary to qualify for a position in Nuclear Engineering 0840 occupational series. If selected, you will be placed on a Detail NTE 1 Year. Eligibility for this training opportunity is limited to current ENGINEERING TECHNICIAN GS-0802-12 Please Note: There will be no change in your salary during the timeframe of this training opportunity",2026-07-30,2026-08-10,GS,0.0,0.0,Full-Time,False
878606900,data engineer,General Engineer,Naval Air Systems Command,Department of the Navy,Tucson,Arizona,"This is a public notice flyer to notify interested applicants of anticipated vacancies. Applications will not be accepted through this flyer. Interested applicants must follow the directions in the ""How to Apply"" section of this flyer to be considered. There may or may not be actual vacancies filled from this flyer. Notice of Result letters will not be sent to applicants who respond to this flyer.",2026-07-30,2026-08-28,DP,91205.0,140994.0,Full-Time,False
878650800,data engineer,NUCLEAR ENGINEER,U.S. Pacific Fleet,Department of the Navy,Bremerton,Washington,"This is a public notice flyer to notify interested applicants of anticipated vacancies. Applications will not be accepted through this flyer. Interested applicants must follow the directions in the ""How to Apply"" section of this flyer to be considered. There may or may not be actual vacancies filled from this flyer. Notice of Result letters will not be sent to applicants who respond to this flyer.",2026-07-31,2026-09-18,GS,114695.0,149106.0,Full-Time,False
878795500,data engineer,General Engineer,U.S. Coast Guard,Department of Homeland Security,Washington,District of Columbia,"This vacancy is for a GS-0801-13, General Engineer located in the Department of Homeland Security, U.S. Coast Guard, OFFICE OF ACQ SUPT and SYS ENG POLICY and PROCESSES -CG-924 CG-SID-9 in WASHINGTON, District of Columbia.",2026-07-31,2026-08-09,GS,121785.0,158322.0,Full-Time,False
877885200,data engineer,Supervisory Healthcare Engineer (Chief Engineer),Veterans Health Administration,Department of Veterans Affairs,New York,New York,"This position serves as the Chief, Engineering Service with responsibility for the professional Engineering programs such as Maintenance and Repair, Utility Plant Operations, Energy Management and Conservation Program, Safety, Fire Prevention, Industrial Hygiene, Disaster Preparedness, Green Environmental Management, Vehicle Fleet, Grounds, Capital Planning, and Construction Project Management section at affiliated VA Medical Centers, including outlying Community Based Outpatient Clinics.",2026-07-24,2026-08-03,GS,174922.0,227406.0,Full-Time,False
858364100,data engineer,AEROSPACE ENGINEER,Naval Air Systems Command,Department of the Navy,Naval Air Station San Diego,California,"This is a public notice flyer to notify interested applicants of anticipated vacancies. Applications will not be accepted through this flyer. Interested applicants must follow the directions in the ""How to Apply"" section of this flyer to be considered. There may or may not be actual vacancies filled from this flyer. Notice of Result letters will not be sent to applicants who respond to this flyer.",2026-02-24,2027-02-23,GS,46533.0,132923.0,Full-Time,False
872858900,data engineer,AEROSPACE ENGINEER,Naval Air Systems Command,Department of the Navy,Patuxent River,Maryland,"This is a public notice flyer to notify interested applicants of anticipated vacancies through the STRL Mission Support Direct Hire Authority. Interested applicants must follow the directions in the ""How to Apply"" section of this flyer to be considered. There may or may not be actual vacancies filled from this flyer. Notice of Result letters will not be sent to applicants who respond to this flyer.",2026-06-16,2026-10-19,DP,102415.0,158322.0,Full-Time,False
876950300,data engineer,AEROSPACE ENGINEER,STRATEGIC SYSTEMS PROGRAMS (SSP),Department of the Navy,Littleton,Colorado,"This is a public notice flyer to notify interested applicants of anticipated vacancies. Applications will not be accepted through this flyer. Interested applicants must follow the directions in the ""How to Apply"" section of this flyer to be considered. There may or may not be actual vacancies filled from this flyer. Notice of Result letters will not be sent to applicants who respond to this flyer.",2026-07-20,2026-08-03,NH,99800.0,154280.0,Full-Time,False
878058800,data engineer,LEAD CIVIL ENGINEER,U.S. Army Corps of Engineers,Department of the Army,New Orleans,Louisiana,About the Position: Serves as the Engineering Technical Lead for assigned projects and/or programs and all sub-projects/individual contract reaches as the primary interface between Engineering Division and all other offices.,2026-07-28,2026-08-11,GS,118203.0,153665.0,Full-Time,False
848058700,data engineer,Healthcare Engineer,Veterans Health Administration,Department of Veterans Affairs,Memphis,Tennessee,"Serves as a Project Engineer at an assigned Department of Veterans Affairs (VA) Healthcare System at Memphis Tennessee. This position performs project planning, produces designs, manages designs, manages construction, and provides construction administration for Minor Construction Projects, Non-Recurring Maintenance (NRM) Projects, Station Level Projects, and Leases at an assigned medical center and associated Community Based Outpatient Clinic (CBOC)'s.",2025-10-14,2026-09-28,GS,57617.0,127949.0,Full-Time,False
856018900,data engineer,INDUSTRIAL ENGINEER,Naval Air Systems Command,Department of the Navy,Naval Air Station San Diego,California,"This is a public notice flyer to notify interested applicants of anticipated vacancies. Applications will not be accepted through this flyer. Interested applicants must follow the directions in the ""How to Apply"" section of this flyer to be considered. There may or may not be actual vacancies filled from this flyer. Notice of Result letters will not be sent to applicants who respond to this flyer.",2026-02-03,2027-02-02,GS,46533.0,132923.0,Full-Time,False
862395500,data engineer,Healthcare Engineer,Veterans Health Administration,Department of Veterans Affairs,Little Rock,Arkansas,"This is an OPEN CONTINUOUS ANNOUNCEMENT and will remain open until September 2, 2026. Qualified applicants will be considered and referred as vacancies become available or until positions are filled.",2026-03-24,2026-09-02,GS,58193.0,129225.0,Full-Time,False
873918800,data engineer,Healthcare Engineer,Veterans Health Administration,Department of Veterans Affairs,Indianapolis,Indiana,"The position serves as a Project Engineer to perform project planning, produce designs, manages designs, manages construction, and provide construction administration for Minor Construction Projects, Non-Recurring Maintenance (NRM) Projects, Station Level Projects, and Leases, including all areas & aspects (architectural, electrical, life safety, mechanical, civil, structural, etc.). This is Not a Biomedical Technician position where the focus is maintenance and repair of medical equipment.",2026-06-23,2026-09-23,GS,88581.0,161034.0,Full-Time,False
874451600,data engineer,ELECTRICAL ENGINEER,U.S. Marine Corps,Department of the Navy,Quantico,Virginia,"This is a public notice flyer to notify interested applicants of anticipated vacancies. Applications will not be accepted through this flyer. Interested applicants must follow the directions in the ""How to Apply"" section of this flyer to be considered. There may or may not be actual vacancies filled from this flyer. Notice of Result letters will not be sent to applicants who respond to this flyer.",2026-06-25,2026-08-24,GS,121785.0,158322.0,Full-Time,False
876738500,data engineer,Electrical Engineer,United States Army Installation Management Command,Department of the Army,Wheeler Army Airfield,Hawaii,"This is a Direct Hire Authority (DHA) solicitation utilizing the DHA for Certain Personnel of the DoD Workforce to recruit and appoint qualified candidates to positions in the competitive service. About the Position: Hawaii has many outdoor activities all year-round including surfing, fishing, and hiking.",2026-07-16,2026-08-06,GS,101092.0,129129.0,Full-Time,False
876921800,data engineer,Healthcare Engineer,Veterans Health Administration,Department of Veterans Affairs,Fort Harrison,Montana,"The position serves as a Healthcare Engineer at the Department of Veterans Affairs Healthcare System, Ft Harrison VA Healthcare System. This position performs project planning, produces designs, manages designs, manages construction, and provides construction administration for Minor Construction Projects, Non-Recurring Maintenance (NRM) Projects, Station Level Projects, and Leases, including all areas and aspects at an assigned medical center and associated Community Based Outpatient Clinic.",2026-07-16,2026-08-18,GS,62504.0,139166.0,Full-Time,False
876921900,data engineer,Healthcare Engineer,Veterans Health Administration,Department of Veterans Affairs,Fort Harrison,Montana,"The position serves as a Healthcare Engineer at the Department of Veterans Affairs Healthcare System, Ft Harrison VA Healthcare System. This position performs project planning, produces designs, manages designs, manages construction, and provides construction administration for Minor Construction Projects, Non-Recurring Maintenance (NRM) Projects, Station Level Projects, and Leases, including all areas and aspects at an assigned medical center and associated Community Based Outpatient Clinic.",2026-07-16,2026-08-18,GS,107048.0,139166.0,Full-Time,False
877353800,data engineer,Electrical Engineer,U.S. Army Corps of Engineers,Department of the Army,Rufus,Oregon,"This is a Direct Hire Authority (DHA) solicitation utilizing the DHA for Certain Personnel of the DoD Workforce to recruit and appoint qualified candidates to positions in the competitive service. About the Position: Serves as technical expert at a multi-purpose hydroelectric facility in the Engineering and Contracts Section. Responsible for a variety of functions in support of the large hydropower plant, fish passage systems, navigation lock, and spillway.",2026-07-21,2026-08-11,GS,104502.0,127443.0,Full-Time,False
877409600,data engineer,Electrical Engineer,United States Army Installation Management Command,Department of the Army,Fort Sill,Oklahoma,"This is a Direct Hire Authority (DHA) solicitation utilizing the DHA for Certain Personnel of the DoD Workforce to recruit and appoint qualified candidates to positions in the competitive service. About the Position: The position is located at the Directorate of Public Works (DPW), Fort Sill, OK.",2026-07-22,2026-08-10,GS,89508.0,116362.0,Full-Time,False
877477300,data engineer,Electrical Engineer,Bureau of Reclamation,Department of the Interior,Folsom,California,"Reclamation is seeking a career professional looking for an opportunity to capitalize on their expertise as a Electrical Engineer. You can make a difference in the West by assisting in meeting increasing water demands while protecting the environment. Duty Location: Folsom, California",2026-07-21,2026-08-04,GS,119796.0,142737.0,Full-Time,False
877498100,data engineer,Electrical Engineer,US Army Civilian Human Resources Agency,Department of the Army,Seattle,Washington,"About the Position: The Army Fellows Program provides an exciting opportunity to embark on a developmental, accelerated career path as an Army Civilian including continued training and educational opportunities, with no military obligation. Fellows may also receive paid training, certifications, and rotational assignments. Apply now to start your Civilian Army career today! 1st Year Salary $56715-$73731 2nd Year Salary $69373-$90190 3rd Year Salary $83935-$109122 4th Year Salary $100602-$130786",2026-07-28,2026-08-06,GS,56715.0,130786.0,Full-Time,False
877649700,data engineer,Biomedical Engineer,Veterans Health Administration,Department of Veterans Affairs,Iowa City,Iowa,"Biomedical Engineer The incumbent will provide professional engineering support to a complex, highly technical, and service oriented Biomedical Engineering Program. The Biomedical Program includes medical technology assessment, strategic planning, acquisition support, implementation, coordination, equipment management, and ongoing maintenance support.",2026-07-27,2026-08-04,GS,64443.0,133539.0,Full-Time,False
877650300,data engineer,Biomedical Engineer,Veterans Health Administration,Department of Veterans Affairs,Iowa City,Iowa,"Biomedical Engineer The incumbent will provide professional engineering support to a complex, highly technical, and service oriented Biomedical Engineering Program. The Biomedical Program includes medical technology assessment, strategic planning, acquisition support, implementation, coordination, equipment management, and ongoing maintenance support.",2026-07-27,2026-08-04,GS,64443.0,133539.0,Full-Time,False
877667600,data engineer,Electrical Engineer,U.S. Army Corps of Engineers,Department of the Army,Pomeroy,Washington,"This is a Direct Hire Authority (DHA) solicitation utilizing the DHA for Certain Personnel of the DoD Workforce to recruit and appoint qualified candidates to positions in the competitive service. About the Position: This position is located at Lower Granite Project, operated by the US Army Corps of Engineers and situated on the Snake River, 32-river miles downstream from Clarkston, Washington.",2026-07-23,2026-08-06,GS,99954.0,127443.0,Full-Time,False
877748300,data engineer,ELECTRICAL ENGINEER,"Commander, Navy Installations Command",Department of the Navy,Kauai Island,Hawaii,"This is a public notice flyer to notify interested applicants of anticipated vacancies. Applications will not be accepted through this flyer. Interested applicants must follow the directions in the ""How to Apply"" section of this flyer to be considered. There may or may not be actual vacancies filled from this flyer. Notice of Result letters will not be sent to applicants who respond to this flyer.",2026-07-24,2026-08-03,GS,65613.0,99596.0,Full-Time,False
877796500,data engineer,Healthcare Engineer,Veterans Health Administration,Department of Veterans Affairs,Leeds,Massachusetts,"These Healthcare Engineer positions are in the Facilities Management services at the Edward P. Boland VA Medical Center, located Leeds, MA. The positions are full-time at 40 hours per week.",2026-07-24,2026-08-07,GS,66814.0,154076.0,Full-Time,False
877842200,data engineer,Electrical Engineer,United States Army Installation Management Command,Department of the Army,Rock Island,Illinois,This is a Direct Hire Authority (DHA) solicitation utilizing the DHA for Certain Personnel of the DoD Workforce (F) to recruit and appoint qualified candidates to positions in the competitive service. About the Position: This is an Electrical Engineer position is located in Rock Island Illinois.,2026-07-24,2026-08-10,GS,108137.0,140580.0,Full-Time,False
878053400,data engineer,ELECTRICAL ENGINEER,Naval Air Systems Command,Department of the Navy,Naval Air Station San Diego,California,"You will serve as a ELECTRICAL ENGINEER in the Facility & Infrastructure Mgmt Dept, Facility & Plant Maintenance Division of FLEET READINESS CENTER SOUTHWEST.",2026-07-27,2026-08-03,GS,102246.0,132923.0,Full-Time,False
878078100,data engineer,Healthcare Engineer,Veterans Health Administration,Department of Veterans Affairs,Martinsburg,West Virginia,"The Healthcare Engineer performs project planning, produces designs, manages designs, manages construction, and provides construction administration for Minor Construction Projects, Non-Recurring Maintenance (NRM) Projects, Station Level Projects, and Leases, including all areas and aspects (architectural, electrical, life safety, mechanical, civil, structural, etc.) at an assigned medical center and associated Community Based Outpatient Clinic (CBOC)'s.",2026-07-27,2026-08-04,GS,108577.0,141154.0,Full-Time,False
878078500,data engineer,Healthcare Engineer,Veterans Health Administration,Department of Veterans Affairs,Martinsburg,West Virginia,"The Healthcare Engineer performs project planning, produces designs, manages designs, manages construction, and provides construction administration for Minor Construction Projects, Non-Recurring Maintenance (NRM) Projects, Station Level Projects, and Leases, including all areas and aspects (architectural, electrical, life safety, mechanical, civil, structural, etc.) at an assigned medical center and associated Community Based Outpatient Clinic (CBOC)'s.",2026-07-27,2026-08-04,GS,62504.0,141154.0,Full-Time,False
878187200,data engineer,Biomedical Engineer,Veterans Health Administration,Department of Veterans Affairs,Loma Linda,California,"The Biomedical Engineer (BME) position provides professional engineering support to a complex, highly technical, and service oriented Biomedical Engineering Service. The Biomedical Engineering Program includes medical technology assessment, strategic planning, acquisition support, implementation, coordination, equipment management, and ongoing maintenance support. The 2-page Resume requirement does not apply to this occupational series. For more information, refer to Required Documents below.",2026-07-28,2026-08-06,GS,72849.0,167993.0,Full-Time,False
878411300,data engineer,GENERAL ENGINEERING,Air National Guard Units,Department of the Air Force,Buckley AFB,Colorado,"THIS IS A NATIONAL GUARD TITLE 5 EXCEPTED SERVICE POSITION. This National Guard position is for a GENERAL ENGINEERING, Position Description Number T5904800 and is part of the CO 140 CES, National Guard.",2026-07-29,2026-08-03,GS,99800.0,129742.0,Full-Time,False
878417700,data engineer,Biomedical Engineer,Veterans Health Administration,Department of Veterans Affairs,Tulsa,Oklahoma,"Join us in shaping the future at the brand-new James Mountain Inhofe VA Medical Center! We're seeking talented Allied Health professional to make a difference in Veteran care. This is an OPEN CONTINUOUS ANNOUNCEMENT and will remain open until September 30,2026 or until all positions are filled",2026-07-29,2026-09-30,GS,71125.0,139166.0,Full-Time,False
878418500,data engineer,Biomedical Engineer,Veterans Health Administration,Department of Veterans Affairs,Tulsa,Oklahoma,"Join us in shaping the future at the brand-new James Mountain Inhofe VA Medical Center! We're seeking talented Allied Health professional to make a difference in Veteran care. This is an OPEN CONTINUOUS ANNOUNCEMENT and will remain open until September 30,2026 or until all positions are filled",2026-07-29,2026-09-30,GS,107048.0,139166.0,Full-Time,False
878436800,data engineer,Electrical Engineer,U.S. Army Corps of Engineers,Department of the Army,Kahlotus,Washington,"This is a Direct Hire Authority (DHA) solicitation utilizing the DHA for Certain Personnel of the DoD Workforce to recruit and appoint qualified candidates to positions in the competitive service. About the Position: This position is located at Lower Monumental Lock & Dam which is located on the Lower Snake River near the rural community of Kahlotus, WA. The project lies within commuting distance from several other communities of varying sizes.",2026-07-30,2026-08-12,GS,99954.0,127443.0,Full-Time,False
878660300,data engineer,Biomedical Engineer,Centers for Medicare & Medicaid Services,Department of Health and Human Services,Woodlawn,Maryland,"This position is located in the Department of Health & Human Services (HHS), Centers for Medicare & Medicaid Services (CMS), Durable Medical Equipment, Prosthetics, Orthotics, & Supplies (DMEPOS), Technology, Coding and Pricing Group (TCPG). As a Biomedical Engineer, GS-0858-14, you will influence policy and regulations, advise on legislative matters in Medicare and health care, set program criteria, evaluate effectiveness, and analyze complex issues.",2026-07-31,2026-08-06,GS,143913.0,187093.0,Full-Time,False
878698900,data engineer,ELECTRICAL ENGINEER,U.S. Marine Corps,Department of the Navy,Camp Lejeune,North Carolina,"This is a public notice flyer to notify interested applicants of anticipated vacancies. Applications will not be accepted through this flyer. Interested applicants must follow the directions in the ""How to Apply"" section of this flyer to be considered. There may or may not be actual vacancies filled from this flyer. Notice of Result letters will not be sent to applicants who respond to this flyer.",2026-07-31,2026-08-31,GS,89508.0,116362.0,Full-Time,False
878777400,data engineer,Healthcare Engineer,Veterans Health Administration,Department of Veterans Affairs,Providence,Rhode Island,"The Healthcare Engineer position is within the Facilities Management Services at the Providence VA Healthcare System, located in Providence, RI. It is permanent and full-time at 40 hours per week.",2026-07-31,2026-08-10,GS,129207.0,167973.0,Full-Time,False
878864000,data engineer,Healthcare Engineer,Veterans Health Administration,Department of Veterans Affairs,Iowa City,Iowa,"The position serves as Energy Manager and Staff Engineer at an assigned Department of Veterans Affairs (VA) Healthcare System. This position performs project planning, produces designs, manages designs, manages construction, and provides project administration for construction projects and leases.",2026-07-31,2026-08-10,GS,99402.0,129225.0,Full-Time,False
861227200,data engineer,Supervisory General Engineer (Chief Engineer)- DIRECT HIRE,Great Lakes Saint Lawrence Seaway Development Corporation,Department of Transportation,Massena,New York,"This position serves as Chief Engineer under the administrative direction of the Director and is responsible for the technical direction of GLS engineering and environmental related activities. This position directs a variety of activities related to capital improvements, engineering and technical developments to achieve a reliable and safe navigation system. The employee is responsible for developing comprehensive programs for existing facilities and directs engineers and staff for this work.",2026-03-16,2026-08-14,GS,125776.0,163514.0,Full-Time,False
878705000,data engineer,Instrumentation and Test Engineer Electronics Engineer,National Institute of Standards and Technology,Department of Commerce,Boulder,Colorado,"NIST is seeking an Electronics Engineer to advance spectrum science and strengthen the reliability of next-generation wireless communications through innovative RF measurement systems, test automation, and electromagnetic compatibility research. This notice is issued under direct-hire authority to recruit new talent to occupations for which NIST has a severe shortage of candidates.",2026-07-31,2026-08-13,ZP,83265.0,129742.0,Full-Time,False
846773700,data engineer,ELECTRONICS ENGINEER,Air Force Civilian Career Training,Department of the Air Force,Lackland AFB,Texas,"The PALACE Acquire Program offers you a permanent position upon completion of your formal training plan. As a Palace Acquire Intern you will experience both personal and professional growth while dealing effectively and ethically with change, complexity, and problem solving. The program offers a 3-year formal training plan with yearly salary increases. Promotions and salary increases are based upon your successful performance and supervisory approval.",2025-09-29,2026-09-28,GG,79737.0,120604.0,Full-Time,False
853555300,data engineer,CIVIL ENGINEER (TITLE 5),Air National Guard Units,Department of the Air Force,Peoria,Illinois,"THIS IS A NATIONAL GUARD TITLE 5 EXCEPTED SERVICE POSITION. This National Guard position is for a CIVIL ENGINEER (TITLE 5), Position Description Number T5904800 and is part of the IL 182 AW, National Guard.",2026-01-07,2027-01-06,GS,89508.0,116362.0,Full-Time,False
862494000,data engineer,ELECTRONICS ENGINEER,Naval Air Systems Command,Department of the Navy,Naval Air Station San Diego,California,"This is a public notice flyer to notify applicants of anticipated vacancies through the DHA for Domestic Defense Industrial Base Facilities and the Major Range and Test Facilities Base in the DoD. Applications will not be accepted through this flyer. Applicants must follow the directions in the ""How to Apply"" section of this flyer to be considered. There may or may not be actual vacancies filled from this flyer. Notice of Result letters will not be sent to applicants who respond to this flyer.",2026-03-26,2027-03-25,GS,46533.0,132923.0,Full-Time,False
877524300,data engineer,Electronics Engineer,Defense Microelectronics Activity,Department of Defense,McClellan,California,"The position(s) covered by this vacancy announcement is in the Department of Defense (DoD) Acquisition Workforce Personnel Demonstration Project (AcqDemo). For more information please see: AcqDemo This position is being filled under AcqDemo Direct Hiring Authority (DHA). This position is part of the Defense Microelectronics Activity. The incumbent will be responsible for development, coordination and implementation of cross discipline product development activities.",2026-07-22,2026-08-24,NH,99218.0,153382.0,Full-Time,False
877532100,data engineer,Electronics Engineer,Federal Communications Commission,Other Agencies and Independent Organizations,Washington,District of Columbia,"This position is in located at various Bureaus/Offices at Federal Communications Commission (FCC) located in Washington, DC. RELOCATION EXPENSES WILL NOT BE PAID. THIS VACANCY ANNOUNCEMENT MAY BE USED TO FILL ADDITIONAL POSITIONS WITHIN 90 DAYS. SELECTED CANDIDATES MAY BE APPOINTED AT THE WIRELESS TELECOMMUNICATIONS BUREAU (WTB) OR THE OFFICE OF ENGINEERING & TECHNOLOGY (OET).",2026-07-22,2026-08-12,GS,85447.0,158322.0,Full-Time,False
877537200,data engineer,Electronics Engineer,Federal Communications Commission,Other Agencies and Independent Organizations,Washington,District of Columbia,"This position is at various Bureaus/Offices at the Federal Communications Commission (FCC) located in Washington, DC. RELOCATION EXPENSES WILL NOT BE PAID. THIS VACANCY ANNOUNCEMENT MAY BE USED TO FILL ADDITIONAL POSITIONS WITHIN 90 DAYS. SELECTED CANDIDATES MAY BE APPOINTED AT THE WIRELESS TELECOMMUNICATIONS BUREAU (WTB) OR THE OFFICE OF ENGINEERING & TECHNOLOGY (OET).",2026-07-22,2026-08-12,GS,143913.0,197200.0,Full-Time,False
877803300,data engineer,Electronics Engineer,US Army Civilian Human Resources Agency,Department of the Army,Fort Belvoir,Virginia,"About the Position: The Army Fellows Program provides an exciting opportunity to embark on a developmental, accelerated career path as an Army Civilian including continued training and educational opportunities, with no military obligation. Fellows may also receive paid training, certifications, and rotational assignments. Don't Wait! Apply now! 1st Year Salary $57,736-$75,059 2nd Year Salary $70,623-$91,815 3rd Year Salary $85,447-$111,087 4th Year Salary $102,415-$133,142",2026-07-28,2026-08-04,GS,57736.0,133142.0,Full-Time,False
877924200,data engineer,Electronics Engineer,Federal Aviation Administration,Department of Transportation,Washington,District of Columbia,"Serves as an Electronics Engineer within the Office of Airports, Airports Engineering Division (AAS-100) and is responsible for developing standards, guidelines, specifications and other related criteria for airfield electrical systems incorporating tested and supported applicable industry developments where evidentially feasible, and supporting FAA LOBs/SOs and partners in understanding and pursuing compliance with FAA standards.",2026-07-27,2026-08-10,FV,127898.0,198281.0,Full-Time,False
877962100,data engineer,Electronics Engineer,US Army Civilian Human Resources Agency,Department of the Army,Fort Belvoir,Virginia,"About the Position: The Army Fellows Program provides an exciting opportunity to embark on a developmental, accelerated career path as an Army Civilian including continued training and educational opportunities, with no military obligation. Fellows may also receive paid training, certifications, and rotational assignments. Don't Wait! Apply now! 1st Year Salary $57,736-$75,059 2nd Year Salary $70,623-$91,815 3rd Year Salary $85,447-$111,087 4th Year Salary $102,415-$133,142",2026-07-28,2026-08-04,GS,57736.0,133142.0,Full-Time,False
878035700,data engineer,Electronics Engineer,National Telecommunications and Information Administration,Department of Commerce,Boulder,Colorado,This vacancy is for an Electronics Engineer in the National Telecommunications and Information Administration within the Department of Commerce.,2026-07-27,2026-08-03,ZP,83265.0,182316.0,Full-Time,False
878194800,data engineer,ELECTRONICS ENGINEER,STRATEGIC SYSTEMS PROGRAMS (SSP),Department of the Navy,Cambridge,Massachusetts,"This is a public notice flyer to notify interested applicants of anticipated vacancies. Applications will not be accepted through this flyer. Interested applicants must follow the directions in the ""How to Apply"" section of this flyer to be considered. There may or may not be actual vacancies filled from this flyer. Notice of Result letters will not be sent to applicants who respond to this flyer.",2026-07-29,2026-08-12,NH,101375.0,156715.0,Full-Time,False
878213400,data engineer,Electronics Engineer,US Army Civilian Human Resources Agency,Department of the Army,Fort Huachuca,Arizona,"About the Position: The Army Fellows Program provides an exciting opportunity to embark on a developmental, accelerated career path as an Army Civilian including continued training and educational opportunities, with no military obligation. Fellows may also receive paid training, certifications, and rotational assignments. Apply now! 1st Year Salary $56,039-$68,972 2nd Year Salary $68,549-$84,371 3rd Year Salary $76,095-$98,928 4th Year Salary $91,205-$118,569",2026-07-31,2026-08-14,GS,56039.0,118569.0,Full-Time,False
878306400,data engineer,ELECTRONICS ENGINEER,Office of Naval Research,Department of the Navy,Naval Research Laboratory,District of Columbia,"You will serve as an Electronics Engineer within the Naval Research Laboratory. This is a public notice flyer to notify interested applicants of anticipated vacancies. Applications will not be accepted through this flyer. Interested applicants must follow the directions in the ""How to Apply"" section of this flyer to be considered. There may or may not be actual vacancies filled from this flyer. Notice of Result letters will not be sent to applicants who respond to this flyer.",2026-07-29,2026-08-12,NP,84655.0,158614.0,Full-Time,False
878454500,data engineer,Deputy Chief Engineer,Space Systems Command,Department of the Air Force,Peterson AFB,Colorado,To submit your resume for this Direct Hire opportunity click here. For additional information on other USSF direct hire opportunities visit the Air Force Civilian Careers Space Force website and follow USSF on LinkedIn.,2026-07-29,2026-08-05,NH,129096.0,197200.0,Full-Time,False
878454800,data engineer,"Lead Engineer, MD8/8STS",Space Systems Command,Department of the Air Force,Peterson AFB,Colorado,Do not email applications. To submit your resume for this Direct Hire opportunity click here. For additional information on other USSF direct hire opportunities visit the Air Force Civilian Careers Space Force website and follow USSF on LinkedIn.,2026-07-29,2026-08-05,NH,91870.0,142022.0,Full-Time,False
878520000,data engineer,SUPV GENERAL ENGINEER,U.S. Marine Corps,Department of the Navy,Marine Corps Air Station Miramar,California,You will serve as a SUPERVISORY GENERAL ENGINEER in the STAFF CIVIL ENGINEERING DEPARTMENT of MARINE CORPS AIR STATION MIRAMAR.,2026-07-29,2026-08-14,GS,121585.0,158062.0,Full-Time,False
878600600,data engineer,ELECTRONICS ENGINEER,Office of Naval Research,Department of the Navy,Naval Research Laboratory,District of Columbia,"This is a public notice flyer to notify interested applicants of anticipated vacancies. Applications will not be accepted through this flyer. Interested applicants must follow the directions in the ""How to Apply"" section of this flyer to be considered. There may or may not be actual vacancies filled from this flyer. Notice of Result letters will not be sent to applicants who respond to this flyer.",2026-07-31,2026-08-13,NP,84655.0,158614.0,Full-Time,False
878601200,data engineer,Electronics Engineer,Space Systems Command,Department of the Air Force,Peterson AFB,Colorado,To submit your resume for this Direct Hire opportunity click here. For additional information on other USSF direct hire opportunities visit the Air Force Civilian Careers Space Force website and follow USSF on LinkedIn.,2026-07-30,2026-08-06,NH,91870.0,142022.0,Full-Time,False
878861800,data engineer,Supv General Engineer,Missile Defense Agency,Department of Defense,Redstone Arsenal,Alabama,The position(s) covered by this vacancy announcement is in the Department of Defense (DoD) Acquisition Workforce Personnel Demonstration Project (AcqDemo). For more information please see: ACQDEMO,2026-07-31,2026-08-10,NH,130987.0,197200.0,Full-Time,False
875781600,data engineer,INTERDISCIPLINARY ENGINEER  - VH-92 Fleet Support Team Engineer,Naval Air Systems Command,Department of the Navy,Patuxent River,Maryland,"This is a public notice flyer to notify applicants of anticipated vacancies. Applications will not be accepted through this flyer. Interested applicants must follow the directions in the ""How to Apply"" section of this flyer to be considered. Notice of Result letters will not be sent to applicants who respond to this flyer. This flyer is recruiting Mechanical, Electronics, and Aerospace Engineers to support the Presidential Helicopter Fleet Support Team (FST).",2026-07-13,2026-10-13,GS,102415.0,133142.0,Full-Time,False
849503300,data engineer,ENGINEERING TECHNICIAN,U.S. Pacific Fleet,Department of the Navy,Bremerton,Washington,"This is a public notice flyer to notify interested applicants of anticipated vacancies. Applications will not be accepted through this flyer. Interested applicants must follow the directions in the ""How to Apply"" section of this flyer to be considered. There may or may not be actual vacancies filled from this flyer. Notice of Result letters will not be sent to applicants who respond to this flyer.",2025-11-06,2026-11-05,GS,62187.0,108029.0,Full-Time,False
868679000,data engineer,ENGINEERING TECHNICIAN,Naval Air Systems Command,Department of the Navy,Quantico,Virginia,"This is a public notice flyer to notify interested applicants of anticipated vacancies through the Domestic DIB, MRTFB Direct Hire Authority. Applications will not be accepted through this flyer. Interested applicants must follow the directions in the ""How to Apply"" section of this flyer to be considered. You will serve as an ENGINEERING TECH for the VH-92 FLEET SUPPORT TEAM",2026-05-11,2026-08-10,GS,102415.0,133142.0,Full-Time,False
875332900,data engineer,ENGINEERING TECHNICIAN,Veterans Health Administration,Department of Veterans Affairs,Reno,Nevada,"The primary purpose of the position is to plan, design, analyze, and layout of new construction as well as the conversion, remodeling, or modernization of existing VA buildings and facilities. The Engineering technician is responsible to act as a technical resource for the staff and a project engineer for complex projects at the Veterans Affairs Sierra Nevada Health Care System (VASNHCS) in Reno, NV.",2026-07-02,2026-08-26,GS,74972.0,97469.0,Full-Time,False
875774900,data engineer,ENVIRONMENTAL ENGINEER,Naval Facilities Engineering Systems Command,Department of the Navy,Naval Air Station Jacksonville,Florida,"This is a public notice flyer to notify interested applicants of anticipated vacancies. Applications will not be accepted through this flyer. Interested applicants must follow the directions in the ""How to Apply"" section of this flyer to be considered. There may or may not be actual vacancies filled from this flyer. Notice of Result letters will not be sent to applicants who respond to this flyer.",2026-07-09,2026-08-07,GS,89508.0,116362.0,Full-Time,False
876436800,data engineer,Engineering Technician,Veterans Health Administration,Department of Veterans Affairs,Salt Lake City,Utah,"The primary purpose of the Engineering Technician is to use computer­ aided software applications to plan and develop various products for projects in support of Facilities Management. The Engineering technician also updates and maintains various complex and diverse databases storing design files. Incumbents must possess a Bachelors degree in a STEM major. (Science, technology, Engineering and Mathematics), or related discipline.",2026-07-13,2026-09-30,GS,74678.0,97087.0,Full-Time,False
876993500,data engineer,Engineering Technician,Federal Aviation Administration,Department of Transportation,Oklahoma City,Oklahoma,"Serves as an independent contributor, a contributing specialist on large work activities, or as a team leader for single or small work activities. May provide formal instruction to other technicians.",2026-07-18,2026-08-03,FV,75279.0,116689.0,Full-Time,False
877207500,data engineer,Engineering Technician,Army Tank-Automotive and Armament Command (TACOM),Department of the Army,Watervliet,New York,"About the Position: This is a temporary promotion position located at Tank-Automotive and Armament Command (TACOM) Customer Programs, Quality and Logistics Directorate, Watervliet Arsenal, Watervliet NY.",2026-07-21,2026-08-04,GS,77045.0,100164.0,Full-Time,False
877207700,data engineer,Engineering Technician,Army Tank-Automotive and Armament Command (TACOM),Department of the Army,Watervliet,New York,"About the Position: This is a Term position located at Tank-Automotive and Armament Command (TACOM) Customer Programs, Quality and Logistics Directorate, Watervliet Arsenal, Watervliet NY. This announcement is NOT intended for current, permanent Army employees. Current, permanent Army employees who would like to be considered for this time-limited assignment should instead apply to Announcement # MCGM-26-13011945-MP Please see ""Conditions of Employment"" section below for further details.",2026-07-21,2026-08-04,GS,77045.0,100164.0,Full-Time,False
877389100,data engineer,ENGINEERING TECHNICIAN,Air Force Materiel Command,Department of the Air Force,Robins AFB,Georgia,"Click on ""Learn more about this agency"" button below to view Eligibilities being considered and other IMPORTANT information. The primary purpose of this position is to ensure optimal resource decisions are made and executed across activities, and data information from all shops are applied to the applicable investment and execution plans to conduct performance analysis, risk-based sustainment decision making, resource optimization, and life-cycle requirements planning.",2026-07-23,2026-08-07,NJ,61722.0,97087.0,Full-Time,False
877939100,data engineer,Engineering Technician,U.S. Army Corps of Engineers,Department of the Army,Little Rock,Arkansas,"This is a Direct Hire Authority (DHA) solicitation utilizing the DHA for Certain Personnel of the DoD Workforce to recruit and appoint qualified candidates to positions in the competitive service. About the Position: This vacancy is Engineering Technician position, GS-0802-07/08/09 with U.S. Army Corps of Engineers (USACE), Little Rock District located at Little Rock, Arkansas. This position will be filled at either GS-07, GS-08 or GS-09 grade level.",2026-07-24,2026-08-10,GS,50460.0,80243.0,Full-Time,False
878140900,data engineer,Engineering Technician,United States Army Installation Management Command,Department of the Army,Aberdeen Proving Ground,Maryland,"This is a Direct Hire Authority (DHA) solicitation utilizing the DHA for Certain Personnel to recruit and appoint qualified candidates to positions in the competitive service. About the Position: Serves as an Engineering Technician at Aberdeen Proving Ground, Maryland.",2026-07-28,2026-08-07,GS,85447.0,133142.0,Full-Time,False
878365700,data engineer,ENGINEERING TECHNICIAN,"Commander, Navy Installations Command",Department of the Navy,Millington,Tennessee,You will serve as an Engineering Technician of NVSUPPACTMID SOUTH.,2026-07-29,2026-08-04,GS,74678.0,97087.0,Full-Time,False
878455400,data engineer,ENGINEERING TECHNICIAN,Naval Facilities Engineering Systems Command,Department of the Navy,Naval Research Laboratory,District of Columbia,You will serve as an ENGINEERING TECHNICIAN in the Facilities Engineering and Acquisition Division (FEAD) of NAVAL FAC ENGINEERING CMD WASH.,2026-07-29,2026-08-05,GS,102415.0,133142.0,Full-Time,False
878540700,data engineer,ENGINEERING TECHNICIAN,U.S. Marine Corps,Department of the Navy,Camp Lejeune,North Carolina,This announcement uses the Certain Personnel of the DoD direct hire authority to recruit and appoint qualified candidates to positions in the competitive service.,2026-07-30,2026-08-05,GS,61722.0,80243.0,Full-Time,False
878579500,data engineer,ENGINEERING TECHNICIAN,Naval Air Systems Command,Department of the Navy,Naval Air Station San Diego,California,"You will serve as an ENGINEERING TECHNICIAN in the FACILITIES INFRASTRUCTURE MANAGEMENT DEPARTMENT of FLEET READINESS CENTER SOUTHWEST. Salary Range: GS-09: $70,507 - $91,664 GS-11: $85,307 - $110,905",2026-07-30,2026-08-05,GS,70507.0,110905.0,Full-Time,False
878658000,data engineer,Engineering Technician,Bureau of Prisons/Federal Prison System,Department of Justice,Duluth,Minnesota,Corrections professionals who foster a humane and secure environment and ensure public safety by preparing individuals for successful reentry into our communities.,2026-07-30,2026-08-06,GS,74678.0,97087.0,Full-Time,False
878706800,data engineer,Engineering Technician,Bureau of Prisons/Federal Prison System,Department of Justice,Grand Marsh,Wisconsin,Corrections professionals who foster a humane and secure environment and ensure public safety by preparing individuals for successful reentry into our communities.,2026-07-30,2026-08-06,GS,63780.0,90621.0,Full-Time,False
878790500,data engineer,ENGINEERING TECHNICIAN,U.S. Army Corps of Engineers,Department of the Army,Russellville,Arkansas,"About the Position: This is an Engineering Technician GS-0802-07 position with USACE Little Rock District, Operations Division. This position is located in Russellville, AR. This position can be filled at the GS-05 (with promotion potential to the GS-06 then to the GS-07), at the GS-06 (with promotion potential to the GS-07), or at the full performance GS-07. Promotion to the next grade is at the discretion of management. This position is exclusively represented by Local 2219 IBEW AFLCIO.",2026-07-31,2026-08-10,GS,40736.0,65599.0,Full-Time,False
878837100,data engineer,Environmental Engineer,U.S. Coast Guard,Department of Homeland Security,Seattle,Washington,"This vacancy is for a GS - 0819 - 13, Environmental Engineer located in the Department of Homeland Security, U.S. Coast Guard, FACILITIES DESIGN and CONSTRUCTION CENTER-SEATTLE WA in SEATTLE, Washington.",2026-07-31,2026-08-10,GS,119630.0,130786.0,Full-Time,False
878916200,data engineer,Environmental Engineer,U.S. Coast Guard,Department of Homeland Security,Seattle,Washington,"This vacancy is for a GS-0819-13, Environmental Engineer located in the Department of Homeland Security, U.S. Coast Guard, FACILITIES DESIGN and CONSTRUCTION CENTER-SEATTLE WA in SEATTLE, Washington.",2026-07-31,2026-08-10,GS,119630.0,155521.0,Full-Time,False
856707700,data engineer,Test Automation Engineer,Social Security Administration,Other Agencies and Independent Organizations,Woodlawn,Maryland,"IT Specialist (APPSW) Test Automation Engineer position(s) are being filled through the Office of Personnel Management's delegated Direct Hire Authority, open to all U.S. citizens. Selections made under this bulletin will be processed as new appointments to the civil service. Current civil service employees would, therefore, be given new appointments to the civil service. Under the provisions of the Direct Hire Authority, Veterans Preference and the ""Rule of Many"" do not apply.",2026-02-06,2026-08-05,GS,143913.0,197200.0,Full-Time,False
872330000,data engineer,Fire Protection Engineer,United States Army Installation Management Command,Department of the Army,Aberdeen Proving Ground,Maryland,"This is a Direct Hire Authority (DHA) solicitation utilizing the DHA for Certain Personnel in the DoD Workforce to recruit and appoint qualified candidates to positions in the competitive service. About the Position: Developmental position at the GS-11 or GS-12 grade level. Serves as a Fire Protection Engineer, APG , DPW, Engineering Division, Design Branch. Job is based at APG and reviews and assesses Facilities and Infrastructure at APG and Adelphi, MD.",2026-06-10,2026-08-07,GS,85447.0,133142.0,Full-Time,False
876913100,data engineer,Fire Protection Engineer,United States Army Installation Management Command,Department of the Army,Wheeler Army Airfield,Hawaii,"This is a Direct Hire Authority (DHA) solicitation utilizing the DHA for Certain Personnel of the DoD Workforce to recruit and appoint qualified candidates to positions in the competitive service. About the Position: Hawaii has many outdoor activities all year-round including surfing, fishing, and hiking.",2026-07-16,2026-08-06,GS,111119.0,144457.0,Full-Time,False
877173600,data engineer,Network Systems Engineer,House of Representatives,Legislative Branch,Washington,District of Columbia,"The Office of the Chief Administrative Officer (CAO) provides operations support services and business solutions to the community of 10,000 House Members, Officers and staff.",2026-07-20,2026-08-04,HS,108762.0,137036.0,Full-Time,False
877326500,data engineer,LEAD ELECTRICAL ENGINEER,U.S. Army Corps of Engineers,Department of the Army,Baltimore,Maryland,"About the Position: Serves as a technical expert and liaison providing specialized electrical engineering guidance to the District, field offices, other districts, Facility User/Customer, Architect-Engineers, Contractor representatives and other executive management, agencies, professional and technical personnel on complex engineering and construction matters.",2026-07-21,2026-08-04,GS,121785.0,158322.0,Full-Time,False
877518300,data engineer,CIVIL ENGINEERING (Title 5),Air National Guard Units,Department of the Air Force,Fort Smith,Arkansas,"THIS IS A NATIONAL GUARD TITLE 5 EXCEPTED SERVICE POSITION This National Guard position is for a CIVIL ENGINEERING (Title 5), Position Description Number T5904800 and is part of the AR ANG 188 CEG SQ, National Guard.",2026-07-22,2026-08-06,GS,89508.0,116362.0,Full-Time,False
877809600,data engineer,1ST ASSISTANT ENGINEER (DR),U.S. Army Corps of Engineers,Department of the Army,Memphis,Tennessee,"This is a Direct Hire Authority (DHA) solicitation utilizing the DHA for Certain Personnel of the DoD Workforce to recruit and appoint qualified candidates to positions in the competitive service. About the Position: This position is located with the U. S. Army Corps of Engineers, Memphis District, Operations Division, Navigation Branch, Dredge Hurley, Memphis, TN 38103. Duty location is wherever the Dredge Hurley is located.",2026-07-24,2026-08-03,XH,85134.4,99320.0,Full-Time,False
878668600,data engineer,"Aerospace Engineer, SLD 45",Space Systems Command,Department of the Air Force,Patrick AFB,Florida,"Do not email applications. To submit your resume for this Direct Hire opportunity, click here. For additional information on other USSF direct hire opportunities visit the Air Force Civilian Careers Space Force website and follow USSF on LinkedIn.",2026-07-30,2026-08-06,NH,90173.0,139398.0,Full-Time,False
878799100,data engineer,Healthcare Engineer- Senior Civil/Environmental Systems Engineer,Veterans Health Administration,Department of Veterans Affairs,Orlando,Florida,"The Senior Civil/Environmental Systems Engineer serves as the station-level technical authority for civil Infrastructure, site engineering, and environmental compliance programs supporting the Orlando VA Healthcare System (OVAHCS), including associated outpatient sites.",2026-07-31,2026-08-06,GS,120021.0,156029.0,Full-Time,False
867286500,data engineer,CIVIL ENGINEER (STRUCTURAL),Naval Facilities Engineering Systems Command,Department of the Navy,Naval Air Station Jacksonville,Florida,"This is a public notice flyer to notify interested applicants of anticipated vacancies. Applications will not be accepted through this flyer. Interested applicants must follow the directions in the ""How to Apply"" section of this flyer to be considered. There may or may not be actual vacancies filled from this flyer. Notice of Result letters will not be sent to applicants who respond to this flyer.",2026-04-30,2026-10-27,GS,106437.0,138370.0,Full-Time,False
872738600,data engineer,Civil Engineer (Structural),U.S. Army Corps of Engineers,Department of the Army,Mobile,Alabama,This is a Direct Hire Authority (DHA) solicitation utilizing the DHA for Certain Personnel of the DoD Workforce to recruit and appoint qualified candidates to positions in the competitive service. About the Position: To serve as a general Structural Engineer and Project Engineer.,2026-06-12,2026-08-03,GS,104502.0,127443.0,Full-Time,False
872745500,data engineer,Civil Engineer (Structural),U.S. Army Corps of Engineers,Department of the Army,Mobile,Alabama,"About the Position: To serve as a general Structural Engineer and Project Engineer. As Structural Engineer, responsibilities shall include the design and technical review of structural systems related to Civil Works and Military projects as assigned. As Project Engineer, provides leadership and serves as the principle point of contact for design teams within the Engineering Division for assigned projects or at assigned installations from design startup through construction.",2026-06-12,2026-08-03,GS,104502.0,127443.0,Full-Time,False
876227000,data engineer,CIVIL ENGINEER (STRUCTURAL),Naval Facilities Engineering Systems Command,Department of the Navy,Portsmouth Naval Shipyard,Maine,"This is a public notice flyer to notify interested applicants of anticipated vacancies. Applications will not be accepted through this flyer. Interested applicants must follow the directions in the ""How to Apply"" section of this flyer to be considered. There may or may not be actual vacancies filled from this flyer. Notice of Result letters will not be sent to applicants who respond to this flyer.",2026-07-15,2026-08-13,GS,101375.0,131790.0,Full-Time,False
876605800,data engineer,Research Highway Engineer,Federal Highway Administration,Department of Transportation,McLean,Virginia,"This position is in the Office of Research, Development, and Technology at the Turner-Fairbank Highway Research Center in McLean, Virginia. This position serves as a Communications Engineer on the Safety Design and Operations Team specializing in highway engineering research related to wireless technologies for Connected Vehicles and the application of communications to support the safe operation of emerging technologies such as automated vehicles, digital infrastructure, and AI.",2026-07-15,2026-08-05,GS,121785.0,187093.0,Full-Time,False
877054500,data engineer,Civil Engineer (Structural),US Army Civilian Human Resources Agency,Department of the Army,Elmendorf AFB,Alaska,"About the Position: The Army Fellows Program provides an exciting opportunity to embark on a developmental, accelerated career path as an Army Civilian including continued training and educational opportunities, with no military obligation. Fellows may also receive paid training, certifications, and rotational assignments. Don't wait! Apply now to start your Civilian Army career today! 1st Year Salary $69,988-$87,106 2nd Year Salary $85,611-$106,553 3rd Year Salary $92,947-$118,285",2026-07-22,2026-08-03,GS,69988.0,118285.0,Full-Time,False
877167400,data engineer,Civil Engineer (Structural),U.S. Army Corps of Engineers,Department of the Army,Memphis,Tennessee,"This is a Direct Hire Authority (DHA) solicitation utilizing the DHA for Certain Personnel of the DoD Workforce to recruit and appoint qualified candidates to positions in the competitive service. About the Position: At the full performance level, you will serve as a senior specialist, performs professional engineering work with the primary responsibility of planning, coordinating, preparing, and reviewing structural engineering design and technical specifications in support of agency projects.",2026-07-20,2026-08-03,GS,56039.0,116362.0,Full-Time,False
877697100,data engineer,Civil Engineer (Structural),U.S. Army Corps of Engineers,Department of the Army,Saint Paul,Minnesota,This is a Direct Hire Authority (DHA) solicitation utilizing the DHA for Certain Personnel of the DoD Workforce. This position is for the St Paul District.,2026-07-24,2026-08-07,GS,81415.0,126859.0,Full-Time,False
877806900,data engineer,Civil Engineer (Hydraulics),U.S. Army Corps of Engineers,Department of the Army,Rock Island,Illinois,"About the Position: Serve as a hydraulic engineer for the Rock Island District to deliver vital engineering solutions including: small and large-scale navigation improvement, small and large-scale ecosystem restoration, local and regional flood risk management, and routine water management efforts. This is a Direct Hire Authority (DHA) solicitation utilizing the DHA for Certain Personnel of DoD Workforce to recruit and appoint qualified candidates to positions in the competitive service.",2026-07-24,2026-08-04,GS,45239.0,118221.0,Full-Time,False
877845900,data engineer,Senior Materials Engineer,Nuclear Regulatory Commission,Other Agencies and Independent Organizations,Rockville,Maryland,This position is located in Division of Engineering and Risk Analysis. This job opportunity announcement may be used to fill additional vacancies within the agency. The supervisor is Meraj Rahimi This position is subject to Confidential Financial Disclosure reporting requirements. This position is subject to security ownership restriction reporting requirements.,2026-07-23,2026-08-05,GG,169279.0,197200.0,Full-Time,False
877860100,data engineer,Civil Engineer (Structural),United States Army Installation Management Command,Department of the Army,Wheeler Army Airfield,Hawaii,"This is a Direct Hire Authority (DHA) solicitation utilizing the DHA for Certain Personnel of the DoD Workforce to recruit and appoint qualified candidates to positions in the competitive service. About the Position: Hawaii has many outdoor activities all year-round including surfing, fishing, and hiking.",2026-07-24,2026-08-07,GS,95994.0,124031.0,Full-Time,False
878090700,data engineer,Civil Engineer (Hydraulics),U.S. Army Corps of Engineers,Department of the Army,Memphis,Tennessee,"This is a Direct Hire Authority solicitation utilizing the DHA for Certain Personnel of the DoD Workforce to recruit and appoint qualified candidates to positions in the competitive service. About the Position: At the full performance level, you will serve as a senior level engineer. You will conduct hydrologic, hydraulic, and sediment transport studies of flood control projects involving dams, debris basins, levees, and channels.",2026-07-27,2026-08-10,GS,74678.0,116362.0,Full-Time,False
878125200,data engineer,Computer Systems Engineer,Congressional Budget Office,Legislative Branch,Washington,District of Columbia,The Congressional Budget Office is a small nonpartisan agency that provides economic and budgetary analysis to the Congress. The Information Resource Management and Technology Services Unit seeks a self-motivated Computer Systems Engineer with a strong work ethic to oversee CBO's IT (information technology) systems. The successful candidate will report to the Chief Information Officer as part of a 13-person IT shop.,2026-07-24,2026-08-07,AD,120000.0,155000.0,Full-Time,False
878142700,data engineer,CIVIL ENGINEER (STRUCTURAL),U.S. Army Corps of Engineers,Department of the Army,New Orleans,Louisiana,"About the Position: Provide expertise in essential areas pertaining to the study, design, construction, operation, investigation, and repair of new or existing Hydraulic Steel Structures such as fabrication, fasteners, materials, and welding, for both complex and non-complex civil works projects to Engineering Division, Operations Division, and Construction Division, as well as other districts and Architect-Engineer (AE) firms.",2026-07-28,2026-08-11,GS,99402.0,129225.0,Full-Time,False
878312400,data engineer,Research General Engineer,U.S. Coast Guard,Department of Homeland Security,New London,Connecticut,"This vacancy is for a GS-0801-13, Research General Engineer located in the Technical Division, USCG Research and Development Center, U.S. Coast Guard, Department of Homeland Security in New London, CT.",2026-07-31,2026-08-10,GS,120094.0,156124.0,Full-Time,False
878461500,data engineer,CIVIL ENGINEER (STRUCTURAL),Naval Facilities Engineering Systems Command,Department of the Navy,Ventura,California,"This is a public notice flyer to notify interested applicants of anticipated vacancies. Applications will not be accepted through this flyer. Interested applicants must follow the directions in the ""How to Apply"" section of this flyer to be considered. There may or may not be actual vacancies filled from this flyer. Notice of Result letters will not be sent to applicants who respond to this flyer.",2026-07-30,2026-09-28,GS,124085.0,161313.0,Full-Time,False
878642400,data engineer,Electrical Engineer (CYBER),U.S. Coast Guard,Department of Homeland Security,Portsmouth,Virginia,"This vacancy is for a GS - 0850 - 13, Electrical Engineer (CYBER) located in the Department of Homeland Security, U.S. Coast Guard, C5I, COMMUNICATIONS AND SENSORS ENGINEERING BRANCH in PORTSMOUTH, Virginia.",2026-07-30,2026-08-10,GS,108019.0,140426.0,Full-Time,False
878643100,data engineer,Electrical Engineer (CYBER),U.S. Coast Guard,Department of Homeland Security,Portsmouth,Virginia,"This vacancy is for a GS-0850-13, Electrical Engineer (CYBER) located in the Department of Homeland Security, U.S. Coast Guard, C5ISC RADIO FREQUENCY COMMUNICATIONS BRANCH in PORTSMOUTH, Virginia.",2026-07-30,2026-08-07,GS,108019.0,140426.0,Full-Time,False
847094000,data architect,ARCHITECT/ENGINEER (Title 32),Air National Guard Units,Department of the Air Force,Peoria,Illinois,"THIS IS A NATIONAL GUARD TITLE 32 EXCEPTED SERVICE POSITION. This National Guard position is for a ARCHITECT/ENGINEER (Title 32), Position Description Number D1551000 and is part of the IL 182 AW, National Guard.",2025-10-06,2026-10-05,GS,89508.0,116362.0,Full-Time,False
874686700,data engineer,FLIGHT ENGINEER (INSTRUCTOR),Army National Guard Units,Department of the Army,Forbes AFB,Kansas,"THIS IS A NATIONAL GUARD TITLE 32 EXCEPTED SERVICE POSITION. This National Guard position is for a FLIGHT ENGINEER (INSTRUCTOR), Position Description Number D0606000 and is part of the KS AASF 1, National Guard.",2026-06-29,2026-08-31,GS,68395.0,88910.0,Full-Time,False
878011800,data engineer,Senior Systems Engineer #243,Senate,Legislative Branch,Washington,District of Columbia,The Senate Sergeant at Arms is seeking a Senior Systems Engineer #243. The complete vacancy announcement and application can be found on the United States Senate Career Page at https://sen.gov/1VNZQ. This vacancy announcement closes at 11:59pm EST on the closing date. Late applications will not be accepted.,2026-07-24,2026-08-07,AD,102745.0,173959.0,Full-Time,False
878278700,data engineer,Supervisory Civil Engineer,Bureau of Reclamation,Department of the Interior,Lakewood,Colorado,"Reclamation is seeking a career professional looking for an opportunity to capitalize on their expertise as a Supervisory Civil Engineer. You can make a difference in the West by assisting in meeting increasing water demands while protecting the environment. Duty Location: Lakewood, Colorado",2026-07-30,2026-08-13,GS,140239.0,182316.0,Full-Time,False
856990600,data engineer,INTERDISCIPLINARY ENGINEER,U.S. Pacific Fleet,Department of the Navy,Bremerton,Washington,"This is a public notice flyer to notify interested applicants of anticipated vacancies. Applications will not be accepted through this flyer. Interested applicants must follow the directions in the ""How to Apply"" section of this flyer to be considered. There may or may not be actual vacancies filled from this flyer. Notice of Result letters will not be sent to applicants who respond to this flyer.",2026-02-09,2027-02-08,GS,45785.0,73731.0,Full-Time,False
860240500,data engineer,Infrastructure Engineer - DHA,Social Security Administration,Other Agencies and Independent Organizations,Woodlawn,Maryland,"IT Specialist (APPSW) Infrastructure Engineer positions are being filled through the Office of Personnel Management's delegated Direct Hire Authority, open to all U.S. citizens. Selections made under this bulletin will be processed as new appointments to the civil service. Current civil service employees would, therefore, be given new appointments to the civil service. Under the provisions of the Direct Hire Authority, Veterans Preference and the ""Rule of Many"" do not apply.",2026-03-09,2026-09-04,GS,121785.0,158322.0,Full-Time,False
869353200,data engineer,Healthcare Engineer - Network,Veterans Health Administration,Department of Veterans Affairs,Lexington,Kentucky,"The incumbent serves as the authoritative technical expert responsible for the architecture, engineering, cybersecurity, and sustained operation of special purpose networked systems that are mission-critical to patient care, life safety, and regulatory compliance within a complex medical center environment. The position plans, designs, implements, integrates, and maintains high-availability server and network infrastructures supporting clinical, environmental, and compliance-driven systems.",2026-05-14,2026-09-25,GS,105366.0,136979.0,Full-Time,False
874614300,data engineer,Civil Engineer (Geotechnical),U.S. Army Corps of Engineers,Department of the Army,Portland,Oregon,"Direct Hire for DoD As a Geotechnical Engineer you will coordinate planning and design for a team of engineers, scientists and other professionals for a variety of project designs, unique one-time projects, and improvements to existing projects. You'll apply advanced knowledge of geotechnical engineering and general knowledge of structural, hydraulic and civil engineering to define the nature and scope of work, and to project assumptions and derive criteria from inconclusive or variable data.",2026-07-01,2026-08-03,GS,117247.0,140188.0,Full-Time,False
874614600,data engineer,Civil Engineer (Geotechnical),U.S. Army Corps of Engineers,Department of the Army,Portland,Oregon,"As a Geotechnical Engineer you will coordinate planning and design for a multi-discipline team of engineers, scientists and other professionals for a variety of project designs, unique one-time projects, and improvements to existing projects. You'll apply advanced knowledge of geotechnical engineering and general knowledge of structural, hydraulic and civil engineering to define the nature and scope of work, and to project assumptions and derive criteria from inconclusive or variable data.",2026-07-01,2026-08-03,GS,117247.0,140188.0,Full-Time,False
876305600,data engineer,INTERDISCIPLINARY ENGINEER,Naval Air Systems Command,Department of the Navy,Patuxent River,Maryland,"This is a public notice flyer to notify interested applicants of anticipated vacancies. Applications will not be accepted through this flyer. Interested applicants must follow the directions in the ""How to Apply"" section of this flyer to be considered. There may or may not be actual vacancies filled from this flyer. Notice of Result letters will not be sent to applicants who respond to this flyer.",2026-07-14,2026-08-14,DP,143913.0,197200.0,Full-Time,False
876363900,data engineer,General Engineer - DIRECT HIRE,National Highway Traffic Safety Administration,Department of Transportation,Washington,District of Columbia,"The position serves as a technical expert within one of three divisions of the Office of Automation Safety. These divisions work closely to plan, initiate, coordinate, and lead a regulatory program for the safe governance of vehicles equipped with automated technologies by: developing and maintaining guidance, standards, and regulations; managing exemption mechanisms; and developing and executing a robust vehicle automation research program.",2026-07-14,2026-08-03,GS,102415.0,187093.0,Full-Time,False
876707200,data engineer,INTERDISCIPLINARY ENGINEER,Naval Air Systems Command,Department of the Navy,Patuxent River,Maryland,"This is a public notice flyer to notify interested applicants of anticipated vacancies through the DHA for STRL Bachelor or Advanced Degree Candidates at STRL. Applicatons will not be accepted through this flyer. Interested applicants must follow the directions in the ""How to Apply"" section of this flyer to be considered. There may or may not be actual vacancies filled from this flyer. Notice of Result letters will not be sent to applicants who respond to this flyer.",2026-07-15,2027-01-13,DP,102415.0,158322.0,Full-Time,False
877556700,data engineer,General Engineer - DIRECT HIRE,Federal Transit Administration,Department of Transportation,Atlanta,Georgia,This is a public notice for an authorized General Engineer 0801 position open to U.S. Citizens. The position is announced for GS-09-13 to support the FTA's Region 4 Office of Program Management and Project Oversight.,2026-07-22,2026-08-11,GS,65271.0,158322.0,Full-Time,False
877590400,data engineer,Interdisciplinary Engineer,Defense Microelectronics Activity,Department of Defense,McClellan,California,"The position(s) covered by this vacancy announcement is in the Department of Defense (DoD) Acquisition Workforce Personnel Demonstration Project (AcqDemo). For more information please see: AcqDemo This position is part of the Defense Microelectronics Activity. The incumbent serves as a technical expert responsible for the independent planning and execution of radiation effects testing, facility compliance, and the mentorship of junior staff.",2026-07-22,2026-08-24,NH,45155.0,153382.0,Full-Time,False
877697900,data engineer,Civil/Agricultural Engineer,Natural Resources Conservation Service,Department of Agriculture,Jackson,Mississippi,"This position is located in the Natural Resources Conservation Service (NRCS), Mississippi State Office. The incumbent assists the area/zone or similar engineer and is responsible for providing technical guidance and in-the overall planning, design, installation, and maintenance of the engineering phases of soil and water conservation practices.",2026-07-23,2026-08-04,GS,61722.0,116362.0,Full-Time,False
877713000,data engineer,State Conservation Engineer,Natural Resources Conservation Service,Department of Agriculture,Warwick,Rhode Island,"This position is located in the U.S. Department of Agriculture (USDA), Farm Production and Conservation (FPAC) Natural Resources Conservation Service (NRCS), Rhode Island State Office and reports to the State Conservationist. Provides staff leadership in engineering programs of NRCS in Rhode Island, including formulation of standards, specifications, engineering planning, design and construction; analyzes engineering work and training to recommend training and placement of engineering personnel.",2026-07-23,2026-08-05,GS,120548.0,156715.0,Full-Time,False
878135400,data engineer,INTERDISCIPLINARY ENGINEER,"Commander, Navy Installations Command",Department of the Navy,Bangor,Washington,"You will serve as a INTERDISCIPLINARY ENGINEER/PHYSICAL SCIENTIST in the Environmental Department Of Commander, Navy Region Northwest (CNRNW) of COMMANDER, NAVY REGION NORTHWEST.",2026-07-28,2026-08-06,GS,119630.0,155521.0,Full-Time,False
878245600,data engineer,General Engineer (Direct hire),Federal Aviation Administration,Department of Transportation,Atlantic City,New Jersey,"This position is located in ANG-1 Assistant Administrator, NextGen / ANG-E, Aviation Research Division, Airport Technology Research and Development Branch, ANG-E261 Airport Safety R&D Section.",2026-07-29,2026-08-11,FV,99775.0,154637.0,Full-Time,False
878246100,data engineer,General Engineer (Direct hire),Federal Aviation Administration,Department of Transportation,Atlantic City,New Jersey,"This position is located in ANG-1 Assistant Administrator, NextGen / ANG-E, Aviation Research Division, Airport Technology Research and Development Branch, ANG-E261 Airport Safety R&D Section.",2026-07-29,2026-08-11,FV,99775.0,154637.0,Full-Time,False
878514400,data engineer,ODSC Astronautical Engineer,United States Space Force Forces,Department of the Air Force,Peterson AFB,Colorado,"Do not email application. To submit your resume for this Direct Hire opportunity, click here. For additional information on other USSF direct hire opportunities visit the Air Force Civilian Careers Space Force website and follow USSF on LinkedIn.",2026-07-29,2026-08-06,NH,41396.0,98653.0,Full-Time,False
878544700,data engineer,ODSC Astronautical Engineer,United States Space Force Forces,Department of the Air Force,Peterson AFB,Colorado,"Do not email application. To submit your resume for this Direct Hire opportunity, click here. For additional information on other USSF direct hire opportunities visit the Air Force Civilian Careers Space Force website and follow USSF on LinkedIn.",2026-07-29,2026-08-06,NH,91870.0,142022.0,Full-Time,False
878610100,data engineer,General Engineer - DIRECT HIRE,National Highway Traffic Safety Administration,Department of Transportation,Washington,District of Columbia,"NHTSA is seeking positions in the Fuel Economy Division of the Office of International Policy, Fuel Economy and Consumer Programs. The Division provides national leadership under Title V of the Motor Vehicle Information and Cost Savings Act in the planning, development and issuance of regulations for Corporate Average Fuel Economy (CAFE) and Medium and Heavy-Duty fuel efficiency programs including management and implementation of those regulations.",2026-07-30,2026-08-10,GS,121785.0,187093.0,Full-Time,False
878615400,data engineer,Chief Engineer MILSATCOM FMS,Space Systems Command,Department of the Air Force,Los Angeles,California,To submit your resume for this Direct Hire opportunity click here. For additional information on other USSF direct hire opportunities visit the Air Force Civilian Careers Space Force website and follow USSF on LinkedIn.,2026-07-30,2026-08-06,NH,146632.0,197200.0,Full-Time,False
865979200,data engineer,Civil Engineer (Highway) (Claims),Federal Highway Administration,Department of Transportation,Lakewood,Colorado,"The Claims Engineer is located in the Construction Branch of Central Federal Lands Highway Division's (CFLHD's) and leads the Claims Review Team. The ideal candidate is a technical expert in highway construction contract administration, Federal highway and bridge construction specifications, and Federal contract law with a strong technical background in all aspects of highway design and construction, and experience resolving contractor claims and requests for equitable adjustments.",2026-04-21,2026-10-19,GS,118675.0,154280.0,Full-Time,False
875211400,data engineer,SUPERVISORY GENERAL ENGINEER,U.S. Marine Corps,Department of the Navy,Stafford,Virginia,"This is a public notice flyer to notify interested applicants of anticipated vacancies. Applications will not be accepted through this flyer. Interested applicants must follow the directions in the ""How to Apply"" section of this flyer to be considered. There may or may not be actual vacancies filled from this flyer. Notice of Result letters will not be sent to applicants who respond to this flyer.",2026-07-02,2026-09-02,NH,143913.0,197200.0,Full-Time,False
875570200,data engineer,Supervisory General Engineer,United States Army Installation Management Command,Department of the Army,Fort Leonard Wood,Missouri,"This is a Direct Hire Authority (DHA) solicitation utilizing the DHA for Certain Personnel of the DoD Workforce to recruit and appoint qualified candidates to positions in the competitive service. About the Position: The purpose of the position is to ensure effective and efficient management of service contracts, privatized utility contracts, and base grounds services.",2026-07-07,2026-08-10,GS,89508.0,116362.0,Full-Time,False
877144500,data engineer,SUPERVISORY GENERAL ENGINEER,Naval Air Systems Command,Department of the Navy,Lakehurst,New Jersey,"You will serve as a Division Head (Supervisory General Engineer) in the NAWCAD Lakehurst, ALRE Department, Ford Class Launch & Recovery Division of NAVAIRWARCENADLKE.",2026-07-21,2026-08-03,NM,148222.0,197200.0,Full-Time,False
877215200,data engineer,Supervisory General Engineer,United States Army Installation Management Command,Department of the Army,Fort Richardson,Alaska,"About the Position: Serves as Deputy Director, Directorate of Public Works (DPW), and a professional engineering advisor to the DPW and installation staff, with responsibility for planning, directing, and coordinating engineering activities associated with the missions of the DPW, as prescribed in AR 420-1 and related directives through subordinate supervisors.",2026-07-21,2026-08-04,GS,120348.0,156455.0,Full-Time,False
877215300,data engineer,Supervisory General Engineer,United States Army Installation Management Command,Department of the Army,Fort Richardson,Alaska,"About the Position: Serves as Deputy Director, Directorate of Public Works (DPW), and a professional engineering advisor to the DPW and installation staff, with responsibility for planning, directing, and coordinating engineering activities associated with the missions of the DPW, as prescribed in AR 420-1 and related directives through subordinate supervisors.",2026-07-21,2026-08-04,GS,120348.0,156455.0,Full-Time,False
877226800,data engineer,Supervisory General Engineer,United States Army Installation Management Command,Department of the Army,Fort Wainwright,Alaska,"About the Position: Serves as the Chief of the Operations and Maintenance Division at a large multi-mission installation, which has been designated as a most optimized strategically responsive (MOSR) garrison within the Installation Management Command (IMCOM).",2026-07-21,2026-08-04,GS,142216.0,184886.0,Full-Time,False
877289700,data engineer,SUPERVISORY NUCLEAR ENGINEER,U.S. Pacific Fleet,Department of the Navy,Bremerton,Washington,You will serve as a SUPERVISORY NUCLEAR ENGINEER in the Nuclear Engineering and Planning Department of PSNS and IMF.,2026-07-23,2026-08-05,GS,131841.0,171396.0,Full-Time,False
877404600,data engineer,Supervisory General Engineer,Bureau of Reclamation,Department of the Interior,Redding,California,"Reclamation is seeking a career professional looking for an opportunity to capitalize on their expertise as a Supervisory General Engineer. You can make a difference in the West by assisting in meeting increasing water demands while protecting the environment. Duty Location: Redding, California",2026-07-21,2026-08-03,GS,132520.0,164758.0,Full-Time,False
877411600,data engineer,Supervisory General Engineer,Indian Health Service,Department of Health and Human Services,Gallup,New Mexico,"Position located at Gallup Indian Medical Center in Gallup, New Mexico. The primary purpose of this position is to serve as the supervising official providing oversight for Facilities Construction Control. Responsible for overall administrative and technical direction of operation and maintenance of all plant and equipment. This may include construction, improvement, and repair of construction projects. A REAL ID will be required beginning May 7, 2025, in accordance with 6 C.F.R. 37.5 (2021).",2026-07-21,2026-08-19,GS,107592.0,139871.0,Full-Time,False
877975300,data engineer,Supervisory General Engineer,United States Army Installation Management Command,Department of the Army,Fort Drum,New York,"About the Position: Fort Drum, home to the 10th Mountain Division (Light Infantry), is located in Northern New York, It offers bountiful outdoor recreational opportunities. It is approximately 30 miles from Canada, with the Great Lakes to the west, Adirondack Mountains to the east, and St. Lawrence River and Thousand Islands in between.",2026-07-27,2026-08-03,GS,147945.0,192331.0,Full-Time,False
878049000,data engineer,Supervisory General Engineer,Defense Contract Management Agency,Department of Defense,El Segundo,California,See below for important information regarding this job. Additional vacancies may be filled from this announcement.,2026-07-27,2026-08-28,NH,147805.0,199052.0,Full-Time,False
878061900,data engineer,Engineering Technician (Civil),U.S. Army Corps of Engineers,Department of the Army,Memphis,Tennessee,"This is a Direct Hire Authority (DHA) solicitation utilizing the DHA for Certain Personnel of the DoD Workforce to recruit and appoint qualified candidates to positions in the competitive service. About the Position: at the full performance level, you will serve as a Engineering Technician (Civil). You will perform work involving the gathering, processing, analyzing, and evaluating of hydrographic and related survey data.",2026-07-27,2026-08-10,GS,37193.0,52957.0,Full-Time,False
878111300,data engineer,Supervisory General Engineer,Bureau of Engraving and Printing,Department of the Treasury,Washington,District of Columbia,"This position is located at Bureau of Engraving and Printing, within the Equipment Engineering Division DCF (Washington, DC). As a Supervisory General Engineer, you will manage a staff of engineers supporting the 2 BEP manufacturing facilities. You will have experience in product or process development in a factory environment, manage interdisciplinary project teams, and possess an excellent analytical and systematic problem-solving skillset. You must be able to develop technical resources.",2026-07-28,2026-08-10,GS,143913.0,187093.0,Full-Time,False
878286100,data engineer,SUPERVISORY GENERAL ENGINEER,Naval Sea Systems Command,Department of the Navy,Washington Navy Yard,District of Columbia,"You will serve as a SUPERVISORY GENERAL ENGINEER in the Frigate FF(X) Program Office (PMS 410), in the Deputy Portfolio Acquisition Executive Combatants (DPAE Combatants) component of Portfolio Acquisition Executive (PAE) Maritime of DPAE COMBATANTS.",2026-07-29,2026-08-04,NH,143913.0,197200.0,Full-Time,False
878362200,data engineer,SUPERVISORY GENERAL ENGINEER,Naval Sea Systems Command,Department of the Navy,Washington Navy Yard,District of Columbia,"This is a public notice flyer to notify interested applicants of anticipated vacancies. Applications will not be accepted through this flyer. Interested applicants must follow the directions in the ""How to Apply"" section of this flyer to be considered. There may or may not be actual vacancies filled from this flyer. Notice of Result letters will not be sent to applicants who respond to this flyer.",2026-07-30,2026-08-13,NH,143913.0,197200.0,Full-Time,False
878378200,data engineer,ENGINEERING TECHNICIAN (CIVIL),Natural Resources Conservation Service,Department of Agriculture,Las Animas,Colorado,"This position is located in the Natural Resources Conservation Service (NRCS), Las Animas Field Office. The incumbent will provide engineering assistance to landowners, groups, and units of government pertaining to numerous NRCS programs, through evaluating, surveying, planning, designing, constructing, and quality controlling various engineering systems, processed, materials, etc. .",2026-07-29,2026-08-05,GS,40736.0,80243.0,Full-Time,False
878432000,data engineer,SUPERVISORY GENERAL ENGINEER,Naval Sea Systems Command,Department of the Navy,Kittery,Maine,You will serve as an Executive Director of SUBMEPP ACTIVITY.,2026-07-30,2026-08-12,NH,142452.0,197200.0,Full-Time,False
878485300,data engineer,Supervisory General Engineer,United States Army Installation Management Command,Department of the Army,Schofield Barracks,Hawaii,"This is a Direct Hire Authority (DHA) solicitation utilizing the DHA for Certain Personnel of the DoD Workforce to recruit and appoint qualified candidates to positions in the competitive service. About the Position: Hawaii is a beautiful state, but has a high cost of living. Hawaii has many outdoor activities all year round including surfing, paddling, diving, fishing, and hiking.",2026-07-30,2026-08-10,GS,154454.0,197200.0,Full-Time,False
878764000,data engineer,Supervisory General Engineer,Mine Safety and Health Administration,Department of Labor,Pittsburgh,Pennsylvania,"This position is with Department of Labor, Mine Safety and Health Administration (MSHA), Technical Support, Mine Emergency Operations (MEO) Division. MSHA works to prevent death, illness and injury from mining; promote safe and healthful workplaces for U.S. miners. MSHA carries out the provisions of the Federal Mine Safety and Health Act of 1977 (Mine Act) as amended by the Mine Improvement and New Emergency Response (MINER) Act of 2006.",2026-07-31,2026-08-14,GS,152963.0,197200.0,Full-Time,False
878764200,data engineer,Supervisory General Engineer,Mine Safety and Health Administration,Department of Labor,Pittsburgh,Pennsylvania,"This position is with Department of Labor, Mine Safety and Health Administration (MSHA), Technical Support, Mine Emergency Operations (MEO) Division. MSHA works to prevent death, illness and injury from mining; promote safe and healthful workplaces for U.S. miners. MSHA carries out the provisions of the Federal Mine Safety and Health Act of 1977 (Mine Act) as amended by the Mine Improvement and New Emergency Response (MINER) Act of 2006.",2026-07-31,2026-08-14,GS,152963.0,197200.0,Full-Time,False
878878600,data engineer,Supervisory General Engineer,United States Army Installation Management Command,Department of the Army,Fort Rucker,Alabama,"This is a Direct Hire Authority (DHA) solicitation utilizing the DHA for Certain Personnel of the DoD Workforce to recruit and appoint qualified candidates to positions in the competitive service. About the Position: This position is located at Ft. Rucker, Alabama, home of the United States Army Aviation Center of Excellence, in the ""Wiregrass"" area in Southeast Alabama, surrounded by Enterprise, Ozark and Daleville. The geography and climate are ideal for year round military training.",2026-07-31,2026-08-10,GS,106437.0,138370.0,Full-Time,False
864483900,data engineer,Supervisory Civil Engineer (Highway) (Construction Operations Engineer) - SME,Federal Highway Administration,Department of Transportation,Lakewood,Colorado,"This position is located in the Federal Highway Administration's (FHWA) Federal Lands Highway (FLH) Division and supports the Division as an expert in construction operations. Supervises a staff of engineers and technicians in administering contracts related to highway construction projects. The projects occur primarily on Federal Lands managed by other Federal agencies, such as the National Park Service and U.S. Forest Service and include a multi-state area.",2026-04-09,2026-10-06,GS,118675.0,154280.0,Full-Time,False
877919400,data engineer,"Supervisory General Engineer, AST, Technical Engineer Operations Management",Langley Research Center,National Aeronautics and Space Administration,Hampton,Virginia,"Serves as Assistant Branch Head of either the Exploration Space Mission Analysis Branch or the Science & Technology Space Mission Analysis Branch within the Systems Analysis and Concepts Directorate. In either role, you will support the Branch Head and assist with supervision and management of an engineering branch supporting decision-makers across the breadth of NASA's human exploration portfolio or NASA's science and technology portfolio, respectively.",2026-07-31,2026-08-06,GS,150144.0,195190.0,Full-Time,False
874268600,data engineer,ENVIRONMENTAL ENGINEER (Title 5),Air National Guard Units,Department of the Air Force,Sioux Falls,South Dakota,"This National Guard position is for an ENVIRONMENTAL ENGINEER, Position Description Number NGT5210000 and is part of 114 CES in Sioux Falls, SD. This is a Title 5, excepted service position. AREA(S) OF CONSIDERATION: - U.S. Citizens",2026-06-24,2026-08-14,GS,89508.0,116362.0,Full-Time,False
876261600,data engineer,ENVIRONMENTAL ENGINEER (TITLE 5),Air National Guard Units,Department of the Air Force,Louisville,Tennessee,"THIS IS A NATIONAL GUARD TITLE 5 EXCEPTED SERVICE POSITION. This National Guard position is for a ENVIRONMENTAL ENGINEER (TITLE 5), Position Description Number NGT5210000 and is part of the TN 134th ARW Air National Guard.",2026-07-01,2026-08-09,GS,89508.0,116362.0,Full-Time,False
877714600,data engineer,FLIGHT TEST ENGINEER (AEROSPACE),STRATEGIC SYSTEMS PROGRAMS (SSP),Department of the Navy,Titusville,Florida,"This is a public notice flyer to notify interested applicants of anticipated vacancies. Applications will not be accepted through this flyer. Interested applicants must follow the directions in the ""How to Apply"" section of this flyer to be considered. There may or may not be actual vacancies filled from this flyer. Notice of Result letters will not be sent to applicants who respond to this flyer.",2026-07-24,2026-08-07,NH,90173.0,139398.0,Full-Time,False
878238900,data engineer,LEAD CIVIL ENGINEER (STRUCTURAL),U.S. Army Corps of Engineers,Department of the Army,New Orleans,Louisiana,"About the Position: Serves as the Technical Lead for the assigned projects and/or programs and as the primary interface between Engineering Division and all other offices. Directs and coordinates the engineering activities of the project in the oversight, review, and documentation of designs prepared by in-house staff, other USACE Districts, A-E consultants, and non-federal sponsors.",2026-07-30,2026-08-13,GS,118203.0,153665.0,Full-Time,False
874354800,data architect,SUPERVISORY ARCHITECT/ENGINEER,Air National Guard Units,Department of the Air Force,March AFB,California,"This SUPERVISORY ARCHITECT/ENGINEER position, is located in the ANG Base Engineering Division and is part of the CA 163 ATKW. This position is concurrently announced with AGR A26-233. Only one of the announced positions will be filled. Referral and selection will be IAWCNGFPR335.",2026-06-26,2026-08-14,GS,124085.0,161313.0,Full-Time,False
878126000,data engineer,ENGINEERING TECHNICIAN (NUCLEAR),United States Fleet Forces Command,Department of the Navy,Kittery,Maine,You will serve as an ENGINEERING TECHNICIAN (NUCLEAR) in the Nuclear Quality Division of PORTSMOUTH NAVAL SHIPYARD.,2026-07-28,2026-08-06,GS,101375.0,131790.0,Full-Time,False
878128100,data engineer,SUPERVISORY AEROSPACE ENGINEER,Naval Air Systems Command,Department of the Navy,Naval Air Station San Diego,California,You will serve as a Supervisory Aerospace Engineer in the Mechanical Subsystems Division within the F/A-18 & EA-18G Fleet Support Team (FST) at FLEET READINESS CENTER SOUTHWEST.,2026-07-28,2026-08-11,GS,143677.0,186785.0,Full-Time,False
878414900,data engineer,2ND ASST ENGINEER DIESEL TOWBOAT,U.S. Army Corps of Engineers,Department of the Army,Memphis,Tennessee,This is a Direct Hire Authority (DHA) solicitation utilizing the DHA for Certain Personnel of the DoD Workforce in Competitive Serviceto recruit and appoint qualified candidates to positions in the competitive service. About the Position: Serves as a 2nd Assistant Engineer on the Motor Vessel Mississippi towboat operating in inland waters of the US. Stands a shift watch and supervises the work of the crew on the shift composed of employees in any of several trade occupations.,2026-07-30,2026-08-10,XH,73507.20000000001,85737.59999999999,Full-Time,False
878662800,data engineer,ENGINEERING TECHNICIAN (NUCLEAR),U.S. Pacific Fleet,Department of the Navy,Bremerton,Washington,"This is a public notice flyer to notify interested applicants of anticipated vacancies. Applications will not be accepted through this flyer. Interested applicants must follow the directions in the ""How to Apply"" section of this flyer to be considered. There may or may not be actual vacancies filled from this flyer. Notice of Result letters will not be sent to applicants who respond to this flyer.",2026-07-31,2026-09-18,GS,100602.0,130786.0,Full-Time,False
877325100,data engineer,Healthcare Engineer (Deputy Chief),Veterans Health Administration,Department of Veterans Affairs,Tomah,Wisconsin,"This position serves as the Deputy (Assistant Chief), Engineering Service as the full alter ego of the Chief with responsibility for the professional Engineering programs such as Maintenance and Repair, Utility Plant Operations, Energy Management and Conservation Program, Safety, Fire Prevention, Industrial Hygiene, Emergency Preparedness, Green Environmental Management, Vehicle Fleet, Grounds, Capital Planning, and Construction Project Management section.",2026-07-21,2026-08-03,GS,106437.0,138370.0,Full-Time,False
877326900,data engineer,Healthcare Engineer (Deputy Chief),Veterans Health Administration,Department of Veterans Affairs,Tomah,Wisconsin,"This position serves as the Deputy (Assistant Chief), Engineering Service as the full alter ego of the Chief with responsibility for the professional Engineering programs such as Maintenance and Repair, Utility Plant Operations, Energy Management and Conservation Program, Safety, Fire Prevention, Industrial Hygiene, Emergency Preparedness, Green Environmental Management, Vehicle Fleet, Grounds, Capital Planning, and Construction Project Management section.",2026-07-21,2026-08-03,GS,106437.0,138370.0,Full-Time,False
878081600,data engineer,2nd ASSISTANT ENGINEER PLD CLASS I,U.S. Army Corps of Engineers,Department of the Army,Memphis,Tennessee,"This is a Direct Hire Authority (DHA) solicitation utilizing the DHA for Certain Personnel of the DoD Workforce to recruit and appoint qualified candidates to positions in the competitive service. About the Position: Serves as a 2nd Assistant Engineer on a Class I diesel/electric powered pipeline dredge (18"" discharge and over). The incumbent will be responsible for the operation, maintenance, and repair of all engine room.",2026-07-28,2026-08-07,XH,73507.20000000001,90251.2,Full-Time,False
878137700,data engineer,Supervisory Biomedical Engineer,Veterans Health Administration,Department of Veterans Affairs,Prescott,Arizona,"The Chief Healthcare Technology Manager (HTM) service line Chief (Chief HTM) is responsible for the professional and administrative management at a Level III complexity Northern Arizona VA Health Care System (NAVAHCS). He/she has responsibility for supervising technical staff including Biomedical Engineers, Biomedical Engineering Support Specialists, and other technical staff such as interns, trainees, and master's degree students. Up to 20% Relocation/Recruitment Incentives may be authorized",2026-07-27,2026-08-07,GS,145052.0,188573.0,Full-Time,False
878212500,data engineer,General Engineer (Project Manager),Army Tank-Automotive and Armament Command (TACOM),Department of the Army,Watervliet,New York,"This is a Direct Hire Authority (DHA) solicitation utilizing the DHA for Domestic Defense Industrial Base (DIB) & MRTFB in DoD to recruit and appoint qualified candidates to positions in the competitive service. About the Position: The Watervliet Arsenal is an Army-owned and operated manufacturing center located in New York. It is the oldest, continuously active arsenal in the United States having begun operations in 1813.",2026-07-29,2026-08-17,GS,77045.0,120050.0,Full-Time,False
878442700,data engineer,General Engineer (Project Manager),Office of the Secretary,Department of Veterans Affairs,Washington,District of Columbia,"The incumbent serves as a Project Manager at National Region in Washington, DC., and is responsible for the management and acquisition processes for the design and construction of national cemeteries through the major capital facilities program. The Project Manager leads a team comprised of a matrix of engineering and architectural specialties partnered to prepare and complete accurate and fully coordinated documents to comply with VA criteria, standards, and all appropriate codes.",2026-07-29,2026-08-10,GS,143913.0,187093.0,Full-Time,False
878642100,data engineer,Supervisory Healthcare Engineer,Veterans Health Administration,Department of Veterans Affairs,Syracuse,New York,"This position serves as the the Associate Chief Engineer, Maintenance and Operations (M&O) with responsibility for the Operations and Maintenance section at a multi-faceted and affiliated VA Medical Center, including outlying Community Based Outpatient Clinics. The Associate Chief Engineer (M&O) utilizes expertise in engineering, maintenance, operations, construction, contract management, accounting, personnel management to enhance the medical center's safe and reliable heathcare environment.",2026-07-31,2026-08-17,GS,121230.0,157601.0,Full-Time,False
863450600,data engineer,Lead Civil Engineer - DIRECT HIRE SME,Federal Highway Administration,Department of Transportation,Bismarck,North Dakota,"The candidate serves as a team leader for FHWA office with responsibility for administering the Federal-aid Highway Program within the State. The program include participation in activities related to planning, environment, design, construction, and financing of projects. The candidate provide leadership to assigned staff, serve as a member of a cross-functional team supporting program and project delivery, and represent FHWA in contact with the State DOT, other agencies, and the public.",2026-04-02,2026-09-04,GS,106437.0,138370.0,Full-Time,False
863467600,data engineer,ENGINEERING TECHNICIAN (AEROSPACE),Naval Air Systems Command,Department of the Navy,Fort Worth,Texas,"This is a public notice flyer to notify interested applicants of anticipated vacancies. Applications will not be accepted through this flyer. Interested applicants must follow the directions in the ""How to Apply"" section of this flyer to be considered. There may or may not be actual vacancies filled from this flyer. Notice of Result letters will not be sent to applicants who respond to this flyer.",2026-04-02,2026-08-03,GS,97307.0,126502.0,Full-Time,False
875894000,data engineer,Civil Engineer (Highway) - DIRECT HIRE,Federal Highway Administration,Department of Transportation,Ashburn,Virginia,"This position is located within the Highway Design Branch for the Eastern Federal Lands Highway Division (EFLHD), Federal Highway Administration (FHWA) in Ashburn, Virginia. The incumbent supports the Division as a designer with responsibility for the development of plans, specifications, and estimates (PS&E) packages relative to the design of highways and bridges.",2026-07-09,2026-08-10,GS,57736.0,91815.0,Full-Time,False
878013900,data engineer,Civil Engineer (Highway)  - DIRECT HIRE,Federal Highway Administration,Department of Transportation,Raleigh,North Carolina,"The employee is responsible for managing and promoting assigned Federal highway programs within the State or, as a shared resource, in multiple states. Provides engineering stewardship and oversight at various junctures of project and program delivery of Federal aid infrastructure projects within the state(s). The employee has the authority to commit the agency to actions on behalf of the Division Office(s) represented in line with delegations of authority.",2026-07-27,2026-08-05,GS,111147.0,144493.0,Full-Time,False
878329700,data engineer,SUPERVISORY ELECTRONICS ENGINEER,Defense Information Systems Agency,Department of Defense,Scott AFB,Illinois,This position is being recruited under 10 USC 1599f into the Cyber Excepted Service and does NOT convey eligibility to be converted to the Competitive Service. It has been identified as a position necessary to carry out and support the mission of the US Cyber Command. It is in the Supervision/Management Work Category at the Senior Work Level within the CES Occupational Structure. It is located in the DISA OC/DISA GLOBAL (RN42).,2026-07-29,2026-08-07,GG,128967.0,167663.0,Full-Time,False
878733500,data engineer,RF Photonics Electronics Engineer,National Institute of Standards and Technology,Department of Commerce,Boulder,Colorado,"NIST is seeking an Electronics Engineer to advance electro-optic measurement science for high-frequency electronics, enabling more accurate characterization of next-generation devices and strengthening the Nation's measurement capabilities. This notice is issued under direct-hire authority to recruit new talent to occupations for which NIST has a severe shortage of candidates.",2026-07-31,2026-08-13,ZP,83265.0,129742.0,Full-Time,False
864695500,data engineer,Materials Engineer (6 Month Register),Defense Logistics Agency,Department of Defense,Fort Belvoir,Virginia,"This is an open-continuous announcement with an established initial cut-off date of April 30, 2026. Please see the ""How You Will Be Evaluated"" section for more information. See below for important information regarding this job.",2026-04-10,2026-10-12,GS,121785.0,158322.0,Full-Time,False
877399000,data engineer,FLIGHT ENGINEER (INSTRUCTOR) (TITLE 32),Army National Guard Units,Department of the Army,Jacksonville,Florida,"This National Guard position is for a FLIGHT ENGINEER (INSTRUCTOR) (TITLE 32), Position Description Number D0606000 and is part of the FL AASF 1, National Guard.",2026-07-21,2026-08-05,GS,67970.0,88356.0,Full-Time,False
877708100,data engineer,Electrical Engineering Technician,Public Buildings Service,General Services Administration,Washington,District of Columbia,"As an Electrical Engineering Technician, you will work in a Power Generation Plant operating and performing technical support and maintenance of the operation of back-up power and cooling plants and their distribution systems. The Office of Facilities Management is responsible for providing facilities related solutions and services to Federal tenants across the nation. We are currently filling four vacancies, but additional vacancies may be filled as needed.",2026-07-24,2026-08-07,GS,70623.0,133142.0,Full-Time,False
877709100,data engineer,Electrical Engineering Technician,Public Buildings Service,General Services Administration,Washington,District of Columbia,"As an Electrical Engineering Technician, you will work in a Power Generation Plant operating and performing technical support and maintenance of the operation of back-up power and cooling plants and their distribution systems. The Office of Facilities Management is responsible for providing facilities related solutions and services to Federal tenants across the nation. We are currently filling four vacancies, but additional vacancies may be filled as needed.",2026-07-24,2026-08-07,GS,70623.0,133142.0,Full-Time,False
878224900,data engineer,FLIGHT ENGINEER (INSTRUCTOR) (Title 32),Army National Guard Units,Department of the Army,Tulsa,Oklahoma,"THIS IS A NATIONAL GUARD TITLE 32 EXCEPTED SERVICE POSITION. This National Guard position is for a FLIGHT ENGINEER (INSTRUCTOR) (Title 32), Position Description Number D0606000 and is part of the OK AASF 2, Oklahoma Army National Guard.",2026-07-29,2026-08-27,GS,67970.0,88356.0,Full-Time,False
877527400,data engineer,Supervisory Environmental Engineer,U.S. Coast Guard,Department of Homeland Security,Norfolk,Virginia,"This vacancy is for a GS-0819-15, Supervisory Environmental Engineer located in the Department of Homeland Security, U.S. Coast Guard, ENVIRONMENTAL MANAGEMENT DIVISION in NORFOLK, Virginia.",2026-07-22,2026-08-04,GS,150144.0,195190.0,Full-Time,False
877555500,data engineer,Healthcare Engineer (Project Manager),Veterans Health Administration,Department of Veterans Affairs,Kansas City,Missouri,"The position serves as a Project Engineer at an assigned Department of Veterans Affairs (VA) Healthcare System. This position performs project planning, produces designs, manages designs, manages construction, and provides construction administration for Minor Construction Projects, Non-Recurring Maintenance (NRM) Projects, Station Level Projects, and Leases, including all areas and aspects (architectural, electrical, life safety, mechanical, civil, structural, etc.).",2026-07-22,2026-12-31,GS,58193.0,129225.0,Full-Time,False
877555700,data engineer,Healthcare Engineer (Project Manager),Veterans Health Administration,Department of Veterans Affairs,Kansas City,Missouri,"The position serves as a Project Engineer at an assigned Department of Veterans Affairs (VA) Healthcare System. This position performs project planning, produces designs, manages designs, manages construction, and provides construction administration for Minor Construction Projects, Non-Recurring Maintenance (NRM) Projects, Station Level Projects, and Leases, including all areas and aspects (architectural, electrical, life safety, mechanical, civil, structural, etc.).",2026-07-22,2026-12-31,GS,99402.0,129225.0,Full-Time,False
878190300,data engineer,Supervisory Environmental Engineer,United States Army Installation Management Command,Department of the Army,Schofield Barracks,Hawaii,"This is a Direct Hire Authority (DHA) solicitation utilizing the DHA for Certain Personnel of the DoD Workforce to recruit and appoint qualified candidates to positions in the competitive service. About the Position: Hawaii is a beautiful state, but has a high cost of living. Hawaii has many outdoor activities all year round including surfing, paddling, diving, fishing, and hiking.",2026-07-28,2026-08-06,GS,111119.0,144457.0,Full-Time,False
878356400,data engineer,SUPERVISORY ENGINEERING TECHNICIAN,United States Fleet Forces Command,Department of the Navy,Kittery,Maine,"You will serve as a SUPERVISORY ENGINEERING TECHNICIAN in the WATERFRONT SUPPORT DIVISION, ENGINEERING and PLANNING DEPARTMENT of PORTSMOUTH NAVAL SHIPYARD.",2026-07-29,2026-08-04,GS,120548.0,156715.0,Full-Time,False
878537600,data engineer,Supervisory Engineering Technician,U.S. Army Corps of Engineers,Department of the Army,Seattle,Washington,"About the Position: Serves as Chief, Geospatial Section. Supervises and manages the work of four units, to include BIM/CAD, GIS, Surveying, and the Unmanned Aerial Systems Program. This announcement is NOT intended for current, permanent Army employees. Current, permanent Army employees who would like to be consider for this time-limited assignment should instead apply to Announcement #CEDE-26-13023182-MP. Please see ""Additional Information"" section below for further details.",2026-07-29,2026-08-03,GS,119630.0,155521.0,Full-Time,False
878537700,data engineer,Supervisory Engineering Technician,U.S. Army Corps of Engineers,Department of the Army,Seattle,Washington,"About the Position: Serves as Chief, Geospatial Section. Supervises and manages the work of four units, to include BIM/CAD, GIS, Surveying, and the Unmanned Aerial Systems Program. This announcement is for current, permanent Army employees that would like to be considered for a time-limited promotion, reassignment or change to lower grade. External status candidates should apply to Announcement #CEDE-26-13023183-MP. Please see ""Additional Information"" section below for further details.",2026-07-29,2026-08-03,GS,119630.0,155521.0,Full-Time,False
878563800,data engineer,CIVIL ENGINEER - DIRECT HIRE AUTHORITY,Federal Energy Regulatory Commission,Department of Energy,Chicago,Illinois,"The Federal Energy Regulatory Commission (FERC) is ranked within the top 5 mid-size agencies as a ""Best Place to Work"" in the Federal government! This Civil Engineer position is located in the Office of Energy Projects. For more information visit: Office of Energy Projects (OEP) | Federal Energy Regulatory Commission.",2026-07-30,2026-08-05,GS,125776.0,182790.0,Full-Time,False
878624400,data engineer,SUPERVISORY ENGINEERING TECHNICIAN,United States Fleet Forces Command,Department of the Navy,Kittery,Maine,You will serve as a SUPERVISORY ENGINEERING TECHNICIAN in the Engineering Process Controls Division (Code 220) of the Engineering and Planning Department of PORTSMOUTH NAVAL SHIPYARD. ****TEMPORARY PROMOTION NOT TO EXCEED 1 YEAR AND MAY BECOME PERMANENT ****,2026-07-31,2026-08-03,GS,142452.0,185193.0,Full-Time,False
878585300,data engineer,Supervisory Interdisciplinary Civil/Agricultural Engineer (State Conservation Engineer),Natural Resources Conservation Service,Department of Agriculture,Portland,Oregon,"This position is located in the U.S. Department of Agriculture (USDA), Farm Production and Conservation (FPAC) Natural Resources Conservation Service (NRCS), State Office and reports to the State Conservationist. Provides staff leadership in engineering programs of NRCS in Oregon, including formulation of standards, specifications, engineering planning, design and construction; analyzes engineering work and training to recommend training. Current state professional engineering license required.",2026-07-31,2026-08-10,GS,114684.0,149091.0,Full-Time,False
861176100,data engineer,Electronics Engineer (6 Month register),Defense Logistics Agency,Department of Defense,Whitehall,Ohio,"This is an open-continuous announcement with an established initial cut-off date of 29 March 2026. Please see the ""How You Will Be Evaluated"" section for more information. See below for important information regarding this job.",2026-03-13,2026-08-16,GS,52654.0,121422.0,Full-Time,False
861196500,data engineer,Electronics Engineer (6 month Register),Defense Logistics Agency,Department of Defense,Whitehall,Ohio,"This is an open-continuous announcement with an established initial cut-off date of March 29, 2026. Please see the ""How You Will Be Evaluated"" section for more information. See below for important information regarding this job.",2026-03-13,2026-08-16,GS,52654.0,121422.0,Full-Time,False
864665200,data engineer,Civil Engineer (Structural) - DIRECT HIRE,Federal Highway Administration,Department of Transportation,Lakewood,Colorado,"This position is in the Technical Services Branch of the Central Federal Lands Highway Division and responsible for performing duties related to designing and developing plans, specifications, and estimates for bridges, large culverts, viaducts, and retaining walls on federally owned lands in a multi-state area. The incumbent serves as technical expert and project team leader by developing and applying sound inspection, design, construction, and rehabilitations related to structures.",2026-04-10,2026-10-09,GS,118675.0,154280.0,Full-Time,False
866358000,data engineer,Civil Engineer - Structural - DIRECT HIRE,Federal Highway Administration,Department of Transportation,Lakewood,Colorado,"This position is in the Technical Services Branch of the Central Federal Lands Highway Division and responsible for performing duties related to designing and developing plans, specifications, and estimates for bridges, large culverts, viaducts, and retaining walls on federally owned lands in a multi-state area. Serves as technical support and helps develop, promote, and apply sound planning, inspection, design, construction, rehabilitation, and maintenance practices related to structures.",2026-04-24,2026-10-23,GS,83265.0,129742.0,Full-Time,False
877335400,data engineer,Electrical Engineer - Mid Level (Georgia),National Security Agency/Central Security Service,Department of Defense,Fort Gordon,Georgia,"As an Operational Support professional, you will use your skills to create the systems and tools that will be used to enhance the operation of intelligence. You will advise, administer and perform projects, such as planning, designing, and constructing specialized equipment, and ensuring adherence to engineering standards and principles. The NSA offers multiple areas of focus for facilities engineers, including architectural, civil, electrical, fire protection, mechanical, and structural.",2026-07-21,2026-08-04,GG,105262.0,153082.0,Full-Time,False
878116900,data engineer,Civil Engineer (Structural) - DIRECT HIRE,Federal Highway Administration,Department of Transportation,Cheyenne,Wyoming,The employee serves as a structural engineer for the Wyoming Federal Highway Administration (FHWA) Division office with responsibility for managing and promoting the Federal highway programs applicable to bridges and other structures within Wyoming. The employee coordinates and evaluates the structural programs and assists coworkers within the office in addressing technically complex or controversial issues on project specific applications related to structures.,2026-07-28,2026-08-18,GS,89508.0,158322.0,Full-Time,False
870383000,data engineer,GENERAL ENGINEER - DIRECT HIRE AUTHORITY,Air Force Materiel Command,Department of the Air Force,Wright-Patterson AFB,Ohio,"Click on ""Learn more about this agency"" button below to view Eligibilities being considered and other IMPORTANT information. The primary purpose of this position is to serve as a senior non-supervisory Civil Engineer program manager in support of Air Force Materiel Command.",2026-05-22,2026-09-19,NH,92627.0,143192.0,Full-Time,False
873139000,data engineer,GENERAL ENGINEER - DIRECT HIRE AUTHORITY,"Air Force Elements, U.S. Strategic Command",Department of the Air Force,Dahlgren,Virginia,"Click on ""Learn more about this agency"" button below to view Eligibilities being considered and other IMPORTANT information. The primary purpose of this position is to performs professional engineering and scientific work concerned with utilizing and exploring systems principles, methods and techniques.",2026-06-16,2026-10-13,DR,62668.0,158756.0,Full-Time,False
873321000,data architect,INTERDISCIPLINARY ENGINEER/ARCHITECT,U.S. Army Corps of Engineers,Department of the Army,Troy,New York,"About the Position: This position is located with the Inland Navigation Section of Albany Field Office, Operations Division, New York District and will report to the Chief of Inland Navigation Section. The incumbent will work on civil works programs/projects to include river, harbor and coastal work.",2026-07-22,2026-08-03,GS,92344.0,120050.0,Full-Time,False
875218200,data engineer,GENERAL ENGINEER- DIRECT HIRE AUTHORITY,Air Force Materiel Command,Department of the Air Force,Hill AFB,Utah,"Click on ""Learn more about this agency"" button below to view Eligibilities being considered and other IMPORTANT information. The primary purpose of this position is to serve as a Range Safety Engineer. Provide professional engineering services to support test & training operations. Provide expert technical direction for Flight Termination System development. Help develop and manage range safety policy. Provide technical & safety assessments & consultative services related to range safety.",2026-07-02,2026-11-01,GS,89508.0,116362.0,Full-Time,False
877330800,data architect,INTERDISCIPLINARY ENGINEER/ARCHITECT,Naval Facilities Engineering Systems Command,Department of the Navy,Honolulu,Hawaii,You will serve as a INTERDISCIPLINARY ENGINEER/ARCHITECT in the Operations Division of NAVAL FACILITIES ENG COMMAND HAWAII.,2026-07-22,2026-08-05,GS,111119.0,144457.0,Full-Time,False
877662100,data engineer,Supervisory Civil Engineer (Highway) (COE),Federal Highway Administration,Department of Transportation,Sevierville,Tennessee,"This position is located in the Federal Highway Administration's (FHWA) Federal Lands Highway (FLH) Division and supports the Division as an expert in construction operations and survey matters. Supervises a staff of engineers and technicians in administering contracts related to highway and bridge construction projects. The projects occur on Federal Lands managed by other Federal agencies (e.g., National Park Service, US Forest Service) and include a multi-state area.",2026-07-22,2026-08-14,GS,106437.0,138370.0,Full-Time,False
878213100,data architect,INTERDISCIPLINARY ENGINEER / ARCHITECT,Naval Facilities Engineering Systems Command,Department of the Navy,Pearl Harbor,Hawaii,"You will serve as a ENGINEER/ARCHITECT in the Design and Construction Business Line (DCBL) Core, Construction Division (DC5), NAVFAC Pacific level of NAVAL FACILITIES ENG SYSTEMS COMMAND PAC.",2026-07-29,2026-08-04,GS,111119.0,144457.0,Full-Time,False
878462900,data engineer,"Lead Cybersecurity Engineer / ISSM, SYD 84",Space Systems Command,Department of the Air Force,Los Angeles,California,Do not email applications. To submit your resume for this Direct Hire opportunity click here. For additional information on other USSF direct hire opportunities visit the Air Force Civilian Careers Space Force website and follow USSF on LinkedIn.,2026-07-29,2026-08-05,NH,145180.0,195200.0,Full-Time,False
861936000,data engineer,General Engineer (Electrical) - DIRECT HIRE,Great Lakes Saint Lawrence Seaway Development Corporation,Department of Transportation,Massena,New York,"The Electrical Engineer performs duties involving analysis, troubleshooting, design, specification writing, drawing preparation, and cost estimating on projects/systems in the electrical, electronics and controls fields. These duties are primarily associated with the operation, maintenance and improvement of the St. Lawrence Seaway locks and related facilities owned by the U.S. DOT. Familiarity with related engineering fields, such as mechanical and civil, is also required.",2026-03-23,2026-08-20,GS,106437.0,138370.0,Full-Time,False
870021400,data engineer,CHEMICAL ENGINEER - DIRECT HIRE AUTHORITY,"Air Force Elements, U.S. Strategic Command",Department of the Air Force,Dahlgren,Virginia,"Click on ""Learn more about this agency"" button below to view Eligibilities being considered and other IMPORTANT information. The primary purpose of this position is to perform professional engineering/scientific work involving chemical processes to produce useful analytical products / systems.",2026-05-20,2026-09-16,DR,56810.0,158756.0,Full-Time,False
877599400,data engineer,"2nd Asst Engineer, Pipeline Dredge, Class I",U.S. Army Corps of Engineers,Department of the Army,Saint Louis,Missouri,"This is a Direct Hire Authority (DHA) solicitation utilizing the DHA for Certain Personnel of the DoD Workforce to recruit and appoint qualified candidates to positions in the competitive service. About the Position: Serves as a 2nd Assistant Engineer on a Class I diesel/electric powered pipeline dredge (18"" discharge and over). The incumbent will be responsible for the operation, maintenance, and repair of all engine room.",2026-07-22,2026-08-05,XH,82368.0,103854.4,Full-Time,False
877644100,data engineer,IT Specialist (Systems and Cloud Engineer),Federal Communications Commission,Other Agencies and Independent Organizations,Washington,District of Columbia,"This position is in Engineering and Operations Group, Office of the Chief Information Officer (OCIO), Office of the Managing Director (OMD), Federal Communications Commission (FCC) located in Washington, DC. RELOCATION EXPENSES WILL NOT BE PAID. THIS VACANCY ANNOUNCEMENT MAY BE USED TO FILL ADDITIONAL POSITIONS WITHIN 90 DAYS.",2026-07-22,2026-08-06,GS,143913.0,187093.0,Full-Time,False
877962200,data engineer,Supervisory Healthcare Engineer (Deputy),Veterans Health Administration,Department of Veterans Affairs,Wichita,Kansas,"The Supervisory Healthcare Engineer (Deputy) serves as the Deputy (Assistant Chief), Facilities Service at the Robert J. Dole VA Medical Center in Wichita, Kansas.",2026-07-24,2026-08-03,GS,116384.0,151301.0,Full-Time,False
877986400,data engineer,Supervisory Healthcare Engineer (Deputy),Veterans Health Administration,Department of Veterans Affairs,Phoenix,Arizona,"This position serves as the Deputy (Assistant Chief), Facilities Management Service position serves as the Deputy with responsibility for the professional Engineering programs such as Maintenance and Repair, Utility Plant Operations, Energy Management and Conservation Program, Safety, Fire Prevention, Capital Planning, and Construction Project Management section at a multi-faceted and affiliated VA Medical Center, including outlying Community Based Outpatient Clinics.",2026-07-24,2026-08-07,GS,120021.0,156029.0,Full-Time,False
878424800,data engineer,Supervisory Healthcare Engineer (Deputy),Veterans Health Administration,Department of Veterans Affairs,Oklahoma City,Oklahoma,"The Oklahoma City VA Medical Center, Facilities Management Service, is currently recruiting for one (1) Supervisory Healthcare Engineer (Deputy) in Oklahoma City, OK.",2026-07-29,2026-08-03,GS,120085.0,156112.0,Full-Time,False
878425400,data engineer,Supervisory Healthcare Engineer (Deputy),Veterans Health Administration,Department of Veterans Affairs,Oklahoma City,Oklahoma,"The Oklahoma City VA Medical Center, Facilities Management Service, is currently recruiting for one (1) Supervisory Healthcare Engineer (Deputy) in Oklahoma City, OK.",2026-07-29,2026-08-03,GS,120085.0,156112.0,Full-Time,False
878615700,data engineer,Student Trainee (Electrical Engineering),U.S. Army Communications Electronics Command,Department of the Army,Tobyhanna,Pennsylvania,About the Position: Position(s) will be filled under the Department of the Army Pathways Intern Program. Click here or more information on Pathways program participation.,2026-07-31,2026-08-06,GS,38084.799999999996,55598.4,On-Call,False
878110500,data engineer,SUPERVISORY INTERDISCIPLINARY ENGINEER,STRATEGIC SYSTEMS PROGRAMS (SSP),Department of the Navy,Pittsfield,Massachusetts,"This is a public notice flyer to notify interested applicants of anticipated vacancies. Applications will not be accepted through this flyer. Interested applicants must follow the directions in the ""How to Apply"" section of this flyer to be considered. There may or may not be actual vacancies filled from this flyer. Notice of Result letters will not be sent to applicants who respond to this flyer.",2026-07-28,2026-08-03,NH,129763.0,197200.0,Full-Time,False
878272200,data engineer,SUPERVISORY INTERDISCIPLINARY ENGINEER,STRATEGIC SYSTEMS PROGRAMS (SSP),Department of the Navy,Washington,District of Columbia,"This is a public notice flyer to notify interested applicants of anticipated vacancies. Applications will not be accepted through this flyer. Interested applicants must follow the directions in the ""How to Apply"" section of this flyer to be considered. There may or may not be actual vacancies filled from this flyer. Notice of Result letters will not be sent to applicants who respond to this flyer.",2026-07-29,2026-08-07,NH,143913.0,197200.0,Full-Time,False
873332400,data engineer,Supervisory Biomedical Engineer (Clinical),Veterans Health Administration,Department of Veterans Affairs,Montgomery,Alabama,"This is an OPEN CONTINUOUS ANNOUNCEMENT and will remain open until August 31, 2026. The initial cut-off date for referral of eligible applications will be June 30, 2026, with subsequent cut-off dates on the 1st of each month. Eligible applications received after that date will be referred at regular intervals or as additional vacancies occur on an as-needed basis until positions are filled. Note: If a selection is made before the closing date, the announcement will close before August 31, 2026.",2026-06-17,2026-09-30,GS,125776.0,163514.0,Full-Time,False
878015600,data engineer,Supervisory Healthcare Engineer ( Projects ),Veterans Health Administration,Department of Veterans Affairs,White City,Oregon,"The Supervisory Projects Engineer ensures safe, reliable, and a precisely controlled operating environment for direct patient care through management of a design and construction program to build and renovate hospital and support environments.",2026-07-24,2026-08-03,GS,116384.0,151301.0,Full-Time,False
878746200,data engineer,"CHIEF ENGINEER, PAE FOR SHORE INFRASTRUCTURE",Naval Facilities Engineering Systems Command,Department of the Navy,Washington Navy Yard,District of Columbia,"This position serves as the Chief Engineer and Senior Technical Authority for the Portfolio Acquisition Executive for Shore Infrastructure (PAE SI) at the Washington Navy Yard. Operating with full technical independence, the incumbent oversees an $11B+ annual portfolio (including $8B MILCON and $3B SRM programs). Established under the FY26 NDAA acquisition reforms, the role provides final engineering authority and strategic counsel to accelerate critical shore capabilities to the Fleet.",2026-07-31,2026-08-14,SL,186207.0,228000.0,Full-Time,False
848149900,data engineer,Marine Engineer (Assistant/Associate) Professor,Maritime Administration,Department of Transportation,Kings Point,New York,"This is a Full-Time Faculty Tenure-Track appointment in the Excepted Service, with an initial term not-to exceed two years. Reappointments to additional one- or two-year terms are possible. If Tenure is achieved (after four to six years), employment will be made permanent, provided a satisfactory performance appraisal is received annually.",2025-10-16,2026-10-16,AD,84896.0,146699.0,Full-Time,False
875500200,data engineer,Technical Information Specialist (Engineering),U.S. Army Corps of Engineers,Department of the Army,Portland,Oregon,"About the Position: You will be responsible for the management, storage, retrieval, and archiving of documents and management of electronic data. Provide guidance on archival software and data management. Maintains internal web pages for employees assigned to the Navigation Division..",2026-07-06,2026-08-10,GS,66505.0,86461.0,Full-Time,False
877638700,data engineer,SUPERVISORY HEALTH PHYSICIST/ NUCLEAR ENGINEER,U.S. Pacific Fleet,Department of the Navy,Bremerton,Washington,"You will serve as a SUPERVISORY HEALTH PHYSICIST OR NUCLEAR ENGINEER in the Radiological Monitoring Division, Radiological Control Office Code 105.3 of PSNS and IMF.",2026-07-23,2026-08-05,GS,141367.0,196954.0,Full-Time,False
878379800,data engineer,SENIOR  TECHNICAL ADVISOR FOR NUCLEAR ENGINEERING,Nuclear Regulatory Commission,Other Agencies and Independent Organizations,Rockville,Maryland,This position is located in Division of Advanced Reactor Programs. The supervisor is Ravi Penmetsa. This position is subject to Public Financial Disclosure reporting requirements.This position is subject to security ownership restriction reporting requirements.,2026-07-29,2026-08-12,SN,151661.0,209600.0,Full-Time,False
878444800,data engineer,"Aerospace Engineer, AST, Research Pilot (Direct Hire)",Armstrong Flight Research Center,National Aeronautics and Space Administration,Edwards AFB,California,"The Armstrong Flight Research Center (AFRC) is seeking a highly skilled and innovative Research Pilot to support aeronautics flight research and Earth science missions. The incumbent will conduct experimental and developmental flight tests, support complex airborne science operations, and contribute to NASA's mission to advance aerospace technology and scientific discovery flying a wide range of aircraft to include upcoming flight research on Boeing 737 and 777 aircraft.",2026-07-31,2026-08-13,GS,161169.0,197200.0,Full-Time,False
877111600,data engineer,Test and Evaluation Engineer-Direct Hire Authority,Air Force Materiel Command,Department of the Air Force,Hurlburt Field,Florida,"Veteran's preference does not apply to DHA recruitment. Click on ""Learn more about this agency"" button below for more information. The primary purpose of this position is to plan, execute, and report assigned ground, air-to-air, and air-to-ground test programs, including the creation of all test documentation.",2026-07-17,2026-08-03,NH,89508.0,138370.0,Full-Time,False
877761000,data architect,SUPERVISORY INTERDISCIPLINARY ENGINEER/ARCHITECT,"Commander, Navy Installations Command",Department of the Navy,Kauai Island,Hawaii,You will serve as a INTERDISCIPLINARY ENGINEER/ARCHITECT in the Operations Division of PACIFIC MISSILE RANGE FACILITY.,2026-07-24,2026-08-03,GS,111119.0,144457.0,Full-Time,False
877916200,data engineer,Senior Technical Advisor for Materials Engineering,Nuclear Regulatory Commission,Other Agencies and Independent Organizations,Rockville,Maryland,This position is located in Division of Advanced Reactor Science. This job opportunity announcement may be used to fill additional vacancies within the agency. The supervisor is Ravi Penmetsa. This position is subject to Public Financial Disclosure reporting requirements. This position is subject to security ownership restriction reporting requirements.,2026-07-13,2026-08-07,SN,151661.0,209600.0,Full-Time,False
848468700,data engineer,COOPERATIVE ENGAGEMENT CAPABILITY SYSTEMS ENGINEER,Naval Sea Systems Command,Department of the Navy,Dahlgren,Virginia,"This is a public notice flyer to notify interested applicants of anticipated vacancies. Applications will not be accepted through this flyer. Interested applicants must follow the directions in the ""How to Apply"" section of this flyer to be considered. There may or may not be actual vacancies filled from this flyer. Notice of Result letters will not be sent to applicants who respond to this flyer.",2025-10-21,2026-10-20,ND,69923.0,156755.0,Full-Time,False
864056200,data engineer,Civil Engineer (Highway)(Project Manager) Direct Hire -SME,Federal Highway Administration,Department of Transportation,Lakewood,Colorado,"As a Project Manager, you will lead a cross-functional team in developing and delivering road and bridge projects in our 14 state region and for partners including National Park Service, Fish & Wildlife, state and local agencies, and more. Since the 1900s, Federal Lands Highway has delivered innovative transportation solutions in complex, unique environments. Join our team and make a difference! Learn more: https://highways.dot.gov/federal-lands/careers. We work where you play!",2026-04-07,2026-10-06,GS,118675.0,154280.0,Full-Time,False
877042400,data engineer,Regulatory Scientific Reviewer (Biomedical Engineer),Food and Drug Administration,Department of Health and Human Services,Silver Spring,Maryland,"This position is being filled under a stream-lined hiring authority, Title 21 of the United States Code (21 US Code 379d-3a) as amended by the 21st Century Cures Act of 2016, section 3072 and the Consolidated Appropriations Act of 2023, Section 3624. The candidate selected for this position will serve under a career or career-conditional appointment and be paid under the provisions of this authority. This position is being recruited based on the Title 21 Pay Table 1, Band C.",2026-07-17,2026-08-07,AD,121785.0,169583.0,Full-Time,False
877043800,data engineer,Regulatory Scientific Reviewer (Biomedical Engineer),Food and Drug Administration,Department of Health and Human Services,Silver Spring,Maryland,"This position is being filled under a stream-lined hiring authority, Title 21 of the United States Code (21 US Code 379d-3a) as amended by the 21st Century Cures Act of 2016, section 3072 and the Consolidated Appropriations Act of 2023, Section 3624. The candidate selected for this position will serve under a career or career-conditional appointment and be paid under the provisions of this authority. This position is being recruited based on the Title 21 Pay Table 1, Band C.",2026-07-17,2026-08-07,AD,121785.0,169583.0,Full-Time,False
877662200,data engineer,INTERDISCIPLINARY ENVIRONMENTAL ENGINEER / GEOLOGIST,Naval Facilities Engineering Systems Command,Department of the Navy,Washington Navy Yard,District of Columbia,You will serve as a INTERDISCIPLINARY ENVIRONMENTAL ENGINEER / GEOLOGIST in the Environmental Program of NAVFAC OSF.,2026-07-27,2026-08-07,GS,143913.0,187093.0,Full-Time,False
877666800,data engineer,INTERDISCIPLINARY (RELIABILITY COMPLIANCE ENGINEER),U.S. Army Corps of Engineers,Department of the Army,Bridgeport,Washington,"This is a Direct Hire Authority (DHA) solicitation utilizing the DHA for Certain Personnel of DoD Workforce to recruit and appoint qualified candidates to positions in the competitive service. About the Position: Serves as the Reliability Compliance Engineer (RCE) for the project responsible for planning, developing, and executing a reliability compliance program.",2026-07-22,2026-08-05,GS,87887.0,127443.0,Full-Time,False
871461800,data engineer,CHIEF CIVIL ENGINEERING DIVISION - DIRECT HIRE AUTHORITY,Air Force Materiel Command,Department of the Air Force,Hickam AFB,Hawaii,"Click on ""Learn more about this agency"" button below to view Eligibilities being considered and other IMPORTANT information. The primary purpose of this position is to serve as Chief, Civil Engineer Division, AFIMSC Det 2/CE exercising second level supervisory and managerial authorities over the division and providing general engineering expertise for basing and beddowns, operations and maintenance of facilities, and housing and dormitory program management.",2026-06-02,2026-09-30,NH,131310.0,197200.0,Full-Time,False
871529300,data engineer,CIVIL ENGINEERING DIVISION CHIEF - DIRECT HIRE AUTHORITY,Air Force Materiel Command,Department of the Air Force,Randolph AFB,Texas,"Click on ""Learn more about this agency"" button below to view Eligibilities being considered and other IMPORTANT information. The primary purpose of this position is to exercise second level supervisory and managerial authorities, providing planning, directing, organizing, and exercising control over supervisory employees assigned to Air Force Installation and Mission Support Center (AFIMSC), Detachment (Det) 7, in support of Air Education and Training Command (AETC).",2026-06-04,2026-10-02,NH,107446.0,164301.0,Full-Time,False
877659800,data engineer,Interdisciplinary Engineer (Electrical or Electronics),Western Area Power Administration,Department of Energy,Lakewood,Colorado,"This position is part of the WAPA Headquarters. As an Interdisciplinary Engineer (Electrical or Electronics), you will be a trainee performing developmental duties in the planning, design, review, and coordination of control and protection systems for substations and switchyards. ***This is not a remote position. You will have to physically report to the Lakewood, CO duty location.***",2026-07-23,2026-08-03,GS,57999.0,103709.0,Full-Time,False
877894600,data engineer,Supervisory Interdisciplinary (Civil Engineer/Geologist),U.S. Army Corps of Engineers,Department of the Army,Saint Paul,Minnesota,"About the Position: This position is with the U.S. Army Corps of Engineers, St. Paul District, Engineering and Construction Division (E&C). The St. Paul District E&C designs water resource projects to benefit the people of Minnesota, western Wisconsin, northeastern North Dakota, portions of South Dakota and Iowa, and the nation. These projects support inland navigation, flood risk management, and environmental restoration. E&C also provides emergency response to disasters.",2026-07-29,2026-08-12,GS,116038.0,150852.0,Full-Time,False
877896100,data engineer,Supervisory Interdisciplinary (Civil Engineer/Geologist),U.S. Army Corps of Engineers,Department of the Army,Saint Paul,Minnesota,"About the Position: This position is with the U.S. Army Corps of Engineers, St. Paul District, Engineering and Construction Division (E&C). The St. Paul District E&C designs water resource projects to benefit the people of Minnesota, western Wisconsin, northeastern North Dakota, portions of South Dakota and Iowa, and the nation. These projects support inland navigation, flood risk management, and environmental restoration. E&C also provides emergency response to disasters.",2026-07-29,2026-08-12,GS,116038.0,150852.0,Full-Time,False
849350100,data engineer,INDUSTRIAL HYGIENIST/ CHEMICAL ENGINEER (INTERDISCIPLINARY),U.S. Pacific Fleet,Department of the Navy,Bremerton,Washington,"This is a public notice flyer to notify interested applicants of anticipated vacancies. Applications will not be accepted through this flyer. Interested applicants must follow the directions in the ""How to Apply"" section of this flyer to be considered. There may or may not be actual vacancies filled from this flyer. Notice of Result letters will not be sent to applicants who respond to this flyer. SALARY RANGES: GS-05: $45,331 - $58,925 GS-07: $56,153 - $73,003",2025-11-03,2026-11-02,GS,45331.0,73003.0,Full-Time,False
877778100,data architect,INTERDISCIPLINARY SUPERVISORY GENERAL ENGINEER / ARCHITECT,Naval Facilities Engineering Systems Command,Department of the Navy,Pearl Harbor,Hawaii,You will serve as a INTERDISCIPLINARY SUPERVISORY GENERAL ENGINEER / ARCHITECT in the NAVAL FACILITIES ENGINEERING SYSTEMS COMMAND of NAVAL FACILITIES ENG SYSTEMS COMMAND PAC.,2026-07-28,2026-08-04,GS,131310.0,170708.0,Full-Time,False
878022200,data architect,Interdisciplinary Architect/Engineer (Construction Manager),Bonneville Power Administration,Department of Energy,Portland,Oregon,"This position is located with Bonneville Power Administration, in Facilities Modification (NWMM) or Facilities Sustainment (NWMS), Facilities Planning and Projects (NWM), Facilities and Workplace Services (NW), Chief Administrative Office (N). A successful candidate in the Interdisciplinary Architect/Engineer (Construction Manager) position will serve as a Construction Manager, providing leadership and technical expertise for the development and implementation of facilities program activities.",2026-07-25,2026-08-03,GS,114684.0,157607.0,Full-Time,False
878022300,data architect,Interdisciplinary Architect/Engineer (Construction Manager),Bonneville Power Administration,Department of Energy,Portland,Oregon,"This position is located with Bonneville Power Administration, in Facilities Modification (NWMM) or Facilities Sustainment (NWMS), Facilities Planning and Projects (NWM), Facilities and Workplace Services (NW), Chief Administrative Office (N). A successful candidate in the Interdisciplinary Architect/Engineer (Construction Manager) position will serve as a Construction Manager, providing leadership and technical expertise for the development and implementation of facilities program activities.",2026-07-25,2026-08-03,GS,114684.0,157607.0,Full-Time,False
878255400,data engineer,Information Technology Project Manager (Release Train Engineer),Administrative Office of the U.S. Courts,Judicial Branch,Washington,District of Columbia,"The Information Technology Project Manager (Release Train Engineer) position in the Administrative Office of the U.S. Courts, Case Management Modernization Program Office (CMM). CMM drives change management and adoption practices to achieve delivery of a modernized, efficient, and secure case management environment.",2026-07-30,2026-08-13,AD,102415.0,191965.0,Full-Time,False
878174100,data engineer,Systems Engineer Development Program - Entry to Mid Level (Maryland),National Security Agency/Central Security Service,Department of Defense,Fort Meade,Maryland,"With ever-accelerating technological advances and growing system complexity, a highly skilled, professional workforce of Systems Engineers (SE) is essential to build, integrate, and optimize complex systems and services. These World-class, experienced, technical professionals solve challenging systems engineering problems utilizing incredibly innovative solutions.",2026-07-27,2026-08-03,GG,87362.0,136848.0,Full-Time,False
868871600,data engineer,AIRCRAFT ARRESTING SYSTEM SENIOR PRODUCTION ENGINEER - DIRECT HIRE AUTHORITY,Air Force Materiel Command,Department of the Air Force,Tyndall AFB,Florida,"Click on ""Learn more about this agency"" button below to view Eligibilities being considered and other IMPORTANT information. The primary purpose of this position is to serve as the consultant for engineering issues related to aircraft arresting systems planning/design/construction/life-cycle management of equipment and infrastructure criteria that addresses safe standards for aircraft arrestment and engagement.",2026-05-12,2026-09-09,NH,107446.0,164301.0,Full-Time,False
878165600,data engineer,Engineering and Physical Sciences Researcher- Mid to Experienced Level (Maryland),National Security Agency/Central Security Service,Department of Defense,Fort Meade,Maryland,"The NSA invites you to be part of an elite team that's making a global impact by researching and developing revolutionary ideas. As an Engineering and Physical Sciences Researcher at NSA, your creativity and that of your team is essential to investigating and implementing effective technical solutions for our Nation.",2026-07-27,2026-08-07,GG,105262.0,192764.0,Full-Time,False
878858000,data architect,"Director, Office of Shipyards and Marine Engineering (Supervisory Naval Architect)",Maritime Administration,Department of Transportation,Washington,District of Columbia,"You will serve as the Director of Shipyards and Marine Engineering within the Maritime Administration (MARAD), providing executive leadership and technical oversight for programs supporting U.S. shipbuilding, shipyard modernization, and marine engineering initiatives. Lead strategic planning, engineering evaluations, construction oversight, and stakeholder engagement while advancing innovative solutions that strengthen the nation's maritime industry and support agency priorities.",2026-07-31,2026-08-10,GS,169279.0,197200.0,Full-Time,False
859667400,business intelligence analyst,Business Intelligence Platform Developer,Social Security Administration,Other Agencies and Independent Organizations,Woodlawn,Maryland,"IT Specialist (APPSW) Business Intelligence Platform Developer positions are being filled through the Office of Personnel Management's delegated Direct Hire Authority, open to all U.S. citizens. Selections made under this bulletin will be processed as new appointments to the civil service. Current civil service employees would, therefore, be given new appointments to the civil service. Under the provisions of the Direct Hire Authority, Veterans Preference and the ""Rule of Many"" do not apply.",2026-03-04,2026-08-31,GS,143913.0,197200.0,Full-Time,False
859667500,business intelligence analyst,Business Intelligence Platform Developer,Social Security Administration,Other Agencies and Independent Organizations,Woodlawn,Maryland,"IT Specialist (APPSW) Business Intelligence Platform Developer positions are being filled through the Office of Personnel Management's delegated Direct Hire Authority, open to all U.S. citizens. Selections made under this bulletin will be processed as new appointments to the civil service. Current civil service employees would, therefore, be given new appointments to the civil service. Under the provisions of the Direct Hire Authority, Veterans Preference and the ""Rule of Many"" do not apply.",2026-03-04,2026-08-31,GS,121785.0,158322.0,Full-Time,False
878296700,business intelligence analyst,INTELLIGENCE SPECIALIST,United States Fleet Forces Command,Department of the Navy,Schofield Barracks,Hawaii,"This is a public notice flyer to notify interested applicants of anticipated vacancies. Applications will not be accepted through this flyer. Interested applicants must follow the directions in the ""How to Apply"" section of this flyer to be considered. There may or may not be actual vacancies filled from this flyer. Notice of Result letters will not be sent to applicants who respond to this flyer.",2026-07-29,2026-08-04,GG,111119.0,144457.0,Full-Time,False
878343900,business intelligence analyst,INTELLIGENCE SPECIALIST,National Air and Space Intelligence Center,Department of the Air Force,Wright-Patterson AFB,Ohio,"Click on ""Learn more about this agency"" button below for IMPORTANT additional information. The primary purpose of this position is to serve as a team lead collecting and researching Publicly and Commercially Available Information (PAI/CAI) and other open sources (OS) for information relevant to organizational information needs, with a focus on Chinese language sources.",2026-07-29,2026-08-04,GG,110401.0,143523.0,Full-Time,False
878073200,business intelligence analyst,Intelligence Specialist (ICD),U.S. Army Intelligence and Security Command,Department of the Army,Fort Belvoir,Virginia,"About the Position: This position is in the Defense Civilian Intelligence Personnel System (DCIPS). Employees occupying DCIPS positions are in the Excepted Service and must adhere to U.S. Code, Title 10, as well as Department of Defense Instruction 1400.25. This position is with the U.S. Army Intelligence and Security Command, INSCOM, Associate Chief of Staff, G-3, Force Management Division, Plans Branch located at Fort Belvoir, Virginia.",2026-07-27,2026-08-11,GG,121785.0,158322.0,Full-Time,False
863581100,data specialist,VISUAL INFORMATION SPECIALIST,U.S. Pacific Fleet,Department of the Navy,Bremerton,Washington,"***DO NOT APPLY DIRECTLY TO THIS ANNOUNCEMENT*** This is a public notice flyer to notify interested applicants of anticipated vacancies. Applications will not be accepted through this flyer. Interested applicants must follow the directions in the ""How to Apply"" section of this flyer to be considered. There may or may not be actual vacancies filled from this flyer. Notice of Result letters will not be sent to applicants who respond to this flyer.",2026-04-02,2027-04-01,GS,56715.0,109122.0,Full-Time,False
877538500,data specialist,Visual Information Specialist,U.S. Census Bureau,Department of Commerce,Suitland,Maryland,"This vacancy is for a Visual Information Specialist position in the Associate Director for Communications located at the U.S. Census Bureau Headquarters in Suitland, Maryland. The Census Bureau is accessible from the Metro Rail Green Line - Suitland Station. This Job Opportunity Announcement may be used to fill other Visual Information Specialist, 1084-9/11/12, FPL GS-12 positions within the Census Bureau in the same geographical location with the same qualifications and specialized experience.",2026-07-23,2026-08-05,GS,70623.0,133142.0,Full-Time,False
877538700,data specialist,Visual Information Specialist,U.S. Census Bureau,Department of Commerce,Suitland,Maryland,"This vacancy is for a Visual Information Specialist position in the Associate Director for Communications located at the U.S. Census Bureau Headquarters in Suitland, Maryland. The Census Bureau is accessible from the Metro Rail Green Line - Suitland Station. This Job Opportunity Announcement may be used to fill other Visual Information Specialist, 1084-9/11/12, FPL GS-12 positions within the Census Bureau in the same geographical location with the same qualifications and specialized experience.",2026-07-23,2026-08-05,GS,70623.0,133142.0,Full-Time,False
877935800,data specialist,Visual Information Specialist,Agricultural Research Service,Department of Agriculture,Manhattan,Kansas,"This position is in the Agricultural Research Service (ARS), Field Organization, Plains Area, National Bio and Agro-Defense Facility (NBAF) located in Manhattan, KS. In this position, part of NBAF's Office of Communications, you will provide support in all visual information needs, including print and digital design, social media, photography and videography.",2026-07-24,2026-08-03,GS,61722.0,80243.0,Full-Time,False
878199900,data specialist,Visual Information Specialist,Federal Law Enforcement Training Centers,Department of Homeland Security,Glynco,Georgia,"""The Federal Law Enforcement Training Centers (FLETC), through strategic partnerships, prepares the federal law enforcement community to safeguard America's people, property, and institutions."" We are a unique inter-agency organization preparing the next generation of law enforcement officers to meet our Nation's most pressing security challenges."" Click here to learn more.",2026-07-28,2026-08-03,GS,61722.0,116362.0,Full-Time,False
878300300,data specialist,Public Information Specialist,House of Representatives,Legislative Branch,Washington,District of Columbia,"Candidate will assist in the production, circulation and dissemination of public documents and information, assist Congressional staff with various research and reference services, and be responsible for quickly ascertaining, interpreting, and communicating the status of legislation in response to inquiries made by congressional staff and the public.",2026-07-28,2026-08-15,HS,73712.0,73712.0,Full-Time,False
878376700,data specialist,Visual Information Specialist ,Smithsonian Institution ,Other Agencies and Independent Organizations,Washington,District of Columbia,"The Smithsonian Institution is the world's largest museum, education, and research complex, with 21 museums and the National Zoo. This position is located in the Department of Exhibits and Park Management (EPM), Division of Exhibits, of the National Zoo and Conservation Biology Institute (NZCBI).",2026-07-29,2026-08-12,GS,102415.0,133142.0,Full-Time,False
878376900,data specialist,Visual Information Specialist,Smithsonian Institution ,Other Agencies and Independent Organizations,Washington,District of Columbia,"The Smithsonian Institution is the world's largest museum, education, and research complex, with 21 museums and the National Zoo. This position is located in the Department of Exhibits and Park Management (EPM), Division of Exhibits, of the National Zoo and Conservation Biology Institute (NZCBI). More than one selection may be made from this announcement.",2026-07-29,2026-08-12,GS,102415.0,133142.0,Full-Time,False
878309800,business intelligence analyst,COUNTERINTELLIGENCE SPECIALIST,Defense Finance and Accounting Service,Department of Defense,Indianapolis,Indiana,"This job announcement uses the USA Hire Assessment to evaluate applicants. For more information, visit USA Hire Assessment.",2026-07-28,2026-08-11,GS,107428.0,139658.0,Full-Time,False
878563000,data specialist,INFORMATION SECURITY SPECIALIST,Air National Guard Units,Department of the Air Force,Niagara Falls,New York,"THIS IS A NATIONAL GUARD TITLE 32 EXCEPTED SERVICE POSITION. This National Guard position is for a INFORMATION SECURITY SPECIALIST, Position Description Number D1656P01 and is part of the 107TH ATKW, National Guard. This vacancy does not meet the criteria for appointment of annuitants.",2026-07-30,2026-08-31,GS,78091.0,101524.0,Full-Time,False
878641600,data specialist,INFORMATION SECURITY SPECIALIST,Air National Guard Units,Department of the Air Force,Elmendorf AFB,Alaska,"Opened Area(s) of Consideration: 1, 2, 3, 4 DEFINITION OF AREA(S) OF CONSIDERATION: Area 1 - All current on-board AKNG T5 Competitive or Excepted Service Employees. Area 2 - All other current onboard AKNG T32 Excepted Service Employees. Area 3 - All current or former members of the Alaska National Guard. Area 4 - All current and former Federal Employees with Reinstatement Eligibility. PDCN: T5840000 MPCN: 3401079777 Selecting Supervisor: Tyler J. Sutton",2026-07-30,2026-08-31,GS,84439.0,109777.0,Full-Time,False
878653100,data specialist,Information Security Specialist,Homeland Security Staff,Department of Agriculture,Washington,District of Columbia,"Emergency Programs Division manages the Operations Center and provides international, national, and regional situational awareness including providing and maintaining current information systems technology and national security systems to support USDA crisis management capability and facilitate inter-agency crisis coordination. The incumbent provides authoritative advice and assistance to officials on all aspects of security program implementation with primary focus on Information Security.",2026-07-31,2026-08-06,GS,121785.0,158322.0,Full-Time,False
877637100,business intelligence analyst,Intelligence Research Specialist,Customs and Border Protection,Department of Homeland Security,Pembroke Pines,Florida,"Organizational Location: This position is with the Department of Homeland Security, within U.S. Customs and Border Protection, U.S. Border Patrol, Miami Sector, Sector Intelligence Unit, located in Pembroke Pines, FL. Additional selections may be made to include other organizational divisions and/or units within the duty location(s) listed above.",2026-07-29,2026-08-04,GS,95326.0,123927.0,Full-Time,False
878110000,business intelligence analyst,Intelligence Research Specialist,U.S. Coast Guard,Department of Homeland Security,New Orleans,Louisiana,"This vacancy is for a GS-0132-13, Intelligence Research Specialist located in the Department of Homeland Security, U.S. Coast Guard, D8 INTELLIGENCE BRANCH -DRI in NEW ORLEANS, Louisiana.",2026-07-27,2026-08-07,GS,106437.0,138370.0,Full-Time,False
878409400,data specialist,Trademark Information Specialist,Patent and Trademark Office,Department of Commerce,Alexandria,Virginia,"This position serves as a Trademark Information Specialist within the Trademark Assistance Center, providing customer support and analytical services related to trademark processes and systems. The incumbent responds to inquiries, analyzes customer data, identifies trends and systemic issues, and provides technical guidance on trademark procedures to support operational improvements and effective customer service.",2026-07-29,2026-08-11,GS,70623.0,111087.0,Full-Time,False
878409900,data specialist,Trademark Information Specialist,Patent and Trademark Office,Department of Commerce,Alexandria,Virginia,"This position serves as a Trademark Information Specialist within the Trademark Assistance Center, providing customer support and analytical services related to trademark processes and systems. The incumbent responds to inquiries, analyzes customer data, identifies trends and systemic issues, and provides technical guidance on trademark procedures to support operational improvements and effective customer service.",2026-07-29,2026-08-11,GS,70623.0,111087.0,Full-Time,False
878490900,data specialist,Technical Information Specialist,Military Treatment Facilities under DHA,Department of Defense,Bethesda,Maryland,"This position is located at Walter Reed National Military Medical Center, Department of Graduate Dental and Medical Library in Bethesda, MD. Supports readiness via patient care, education, and research with database access and literature searches. Hours: M-F, 0700-1700. This is a Direct Hire Authority (DHA) solicitation utilizing the DHA for Certain Personnel of the DoD Workforce to recruit and appoint qualified candidates to positions in the competitive service.",2026-07-31,2026-08-14,GS,70623.0,91815.0,Full-Time,False
878898300,business intelligence analyst,Intelligence Research Specialist,Citizenship and Immigration Services,Department of Homeland Security,Camp Springs,Maryland,"Protect your homeland and defend your culture. Join USCIS, America's frontline defense against illegal foreign infiltration and fraud. As an Intelligence Research Specialist, you will represent the organization on committees and working groups; participate in developing and drafting policies, procedures, and guidelines; analyze and evaluate large volumes of intelligence materials.",2026-07-31,2026-08-05,GS,102415.0,158322.0,Full-Time,False
873988300,data specialist,IT SPECIALIST (INFOSEC),Office of the Inspector General,Department of Homeland Security,Washington,District of Columbia,"The Office of Inspector General (OIG) is an independent office whose mission is to promote excellence, integrity, and accountability throughout the Department of Homeland Security (DHS). In our dynamic environment, the OIG conducts investigations, audits, evaluations, and inspections to enhance program effectiveness and efficiency and to detect and prevent waste, fraud, and mismanagement in DHS programs and operations.",2026-06-23,2026-08-07,GS,102415.0,133142.0,Full-Time,False
873989800,data specialist,IT SPECIALIST (INFOSEC),Office of the Inspector General,Department of Homeland Security,Washington,District of Columbia,"The Office of Inspector General (OIG) is an independent office whose mission is to promote excellence, integrity, and accountability throughout the Department of Homeland Security (DHS). In our dynamic environment, the OIG conducts investigations, audits, evaluations, and inspections to enhance program effectiveness and efficiency and to detect and prevent waste, fraud, and mismanagement in DHS programs and operations.",2026-06-23,2026-08-07,GS,121785.0,158322.0,Full-Time,False
876084200,data specialist,Information Technology Specialist,Air Force Materiel Command,Department of the Air Force,Tinker AFB,Oklahoma,About the position: This position will be assigned to the 72d Force Support Squadron.,2026-07-10,2026-08-07,NF,49920.0,58240.0,Full-Time,False
877286000,data specialist,Information Technology Specialist,Air Combat Command,Department of the Air Force,Tyndall AFB,Florida,About the position: This position is Non-appropriated Fund (NAF) and will be assigned to the Information Technology (IT) Office.,2026-07-20,2026-08-03,NF,54080.0,54080.0,Full-Time,False
878278500,data specialist,Lead Visual Information Specialist,Economic Research Service,Department of Agriculture,Kansas City,Missouri,"This position is located in the United States Department of Agriculture (USDA), Economic Research Service (ERS), Information Service Division, Publishing Services Branch in Kansas City, Missouri. In this position, you will lead development and quality review for original visual components, from design conception to digital and print publishing, for a broad scope of communication materials in support of ERS objectives.",2026-07-29,2026-08-04,GS,108173.0,140627.0,Full-Time,False
878346500,data specialist,INFORMATION TECHNOLOGY SPECIALIST,Bureau of Naval Personnel,Department of the Navy,Millington,Tennessee,You will serve as a INFORMATION TECHNOLOGY SPECIALIST in the CAPITAL PLANNING/ NMCI DIVISION of BUREAU OF NAVAL PERSONNEL.,2026-07-29,2026-08-05,GS,102415.0,133142.0,Full-Time,False
878518500,data specialist,Government Information Specialist,Veterans' Employment and Training Service,Department of Labor,Washington,District of Columbia,"The Assistant Secretary for Veteran's Employment and Training (OASVET) serve as the principal adviser to the Secretary of Labor on veteran's employment issues, formulates, and implements all Departmental policies and programs designed to provide such veteran's employment and training services; protect and advance reemployment rights of veterans and members of the Armed Forces and their military spouses.",2026-07-30,2026-08-05,GS,70623.0,133142.0,Full-Time,False
878552800,data specialist,IT SPECIALIST (INFOSEC),U.S. Marine Corps,Department of the Navy,Stafford,Virginia,"This is a public notice flyer to notify interested applicants of anticipated vacancies. Applications will not be accepted through this flyer. Interested applicants must follow the directions in the ""How to Apply"" section of this flyer to be considered. There may or may not be actual vacancies filled from this flyer. Notice of Result letters will not be sent to applicants who respond to this flyer.",2026-07-29,2026-09-29,NH,102415.0,158322.0,Full-Time,False
878610000,data specialist,Information Technology Specialist,Executive Office for U.S. Attorneys and the Office of the U.S. Attorneys,Department of Justice,Pittsburgh,Pennsylvania,"For more information on the Department of Justice and the United States Attorneys' Offices, visit http://www.justice.gov/usao/. As needed, additional positions may be filled using this announcement. This position is also being announced to All U.S. Citizens and Nationals under 26-13016645-DE.",2026-07-30,2026-08-13,GS,68545.0,97867.0,Full-Time,False
878660000,data specialist,IT Specialist (INFOSEC),Military Treatment Facilities under DHA,Department of Defense,Fort Campbell,Tennessee,"About the Position: This position is TERM Not to Exceed 13 months with the possibility of annual extensions. It is time limited and may be extended up to a maximum of 8 years. This is an obligated position. See ""Additional Information"" section concerning obligated position. See ""Additional Information"" section concerning TERM position.",2026-07-31,2026-08-05,GS,75278.0,97867.0,Full-Time,False
878663400,data specialist,Information Management Specialist,United States Army Installation Management Command,Department of the Army,Fort Irwin,California,"About the Position: This position is with the Department of Public Works at Fort Irwin, CA.",2026-07-22,2026-08-17,GS,87061.0,113185.0,Full-Time,False
878719200,data specialist,Information Technology Specialist,Executive Office for U.S. Attorneys and the Office of the U.S. Attorneys,Department of Justice,Chicago,Illinois,"For more information on the Department of Justice and the United States Attorneys' Offices, visit http://www.justice.gov/usao/. As needed, additional positions may be filled using this announcement. This position is also being announced to applicants eligible to apply through Merit Staffing procedures under 26-ILN-13023671-MS.",2026-07-30,2026-08-09,GS,83482.0,130080.0,Full-Time,False
878720300,data specialist,Information Technology Specialist,Executive Office for U.S. Attorneys and the Office of the U.S. Attorneys,Department of Justice,Chicago,Illinois,"For more information on the Department of Justice and the United States Attorneys' Offices, visit http://www.justice.gov/usao/. As needed, additional positions may be filled using this announcement. This position is also being announced to All U.S. Citizens and Nationals under 26-ILN-13023670-DE.",2026-07-30,2026-08-10,GS,83482.0,130080.0,Full-Time,False
878813800,data specialist,Information Technology Specialist,Patent and Trademark Office,Department of Commerce,Alexandria,Virginia,"We need your expertise! Located in the Office of the Chief Information Officer (OCIO), Business Product Delivery Office (BPDO), the Patent Product Delivery Branch a product-centric, DevSecOps organization that delivers business value to customers via software, from initial design to the deployment and ongoing operation.",2026-07-31,2026-08-14,GS,121785.0,158322.0,Full-Time,False
878814100,data specialist,INFORMATION TECHNOLOGY SPECIALIST,Patent and Trademark Office,Department of Commerce,Alexandria,Virginia,"We need your expertise! Located in the Office of the Chief Information Officer (OCIO), Business Product Delivery Office (BPDO), the Patent Product Delivery Branch a product-centric, DevSecOps organization that delivers business value to customers via software, from initial design to the deployment and ongoing operation.",2026-07-31,2026-08-14,GS,143913.0,187093.0,Full-Time,False
852140000,business intelligence analyst,INTELLIGENCE OPERATIONS SPECIALIST,Air National Guard Units,Department of the Air Force,Kirtland AFB,New Mexico,"THIS IS A NATIONAL GUARD TITLE 32 EXCEPTED SERVICE POSITION. NEW MEXICO AIR NATIONAL GUARD NATIONWIDE. All members of the New Mexico Air National Guard or current Active Duty/Reserve military members eligible and wiling to become members of the New Mexico Air National Guard **You may be eligible for a Recruitment OR Relocation incentive per agency's policy. This National Guard position is for a INTELLIGENCE OPERATIONS SPECIALIST, Position Description Number D1797000.",2026-07-13,2026-08-06,GS,51007.0,98141.0,Full-Time,False
855455500,business intelligence analyst,INTELLIGENCE OPERATIONS SPECIALIST,Air National Guard Units,Department of the Air Force,Portland,Oregon,"This National Guard position is for a INTELLIGENCE OPERATIONS SPECIALIST, Position Description Number D1659000 and is part of the Oregon Air National Guard 142nd Wing, National Guard.",2026-07-23,2026-08-24,GS,96443.0,125378.0,Full-Time,False
868749700,business intelligence analyst,Intelligence Operations Specialist,Department of Homeland Security - Agency Wide,Department of Homeland Security,Bluemont,Virginia,"This assignment is a 1-year non-reimbursable assignment. Office of the Secretary Intelligence Operations Specialist Series Requested: 0132 Security Clearance: TS/SCI Virtual/Remote: No Only current, full-time federal employees are eligible. Resumes are reviewed every 30 days until selection/closing date. This is a Detail, not a Developmental Rotation. Supervisory approval form must be signed.",2026-05-08,2026-11-07,GS,121785.0,158322.0,Full-Time,False
877965200,business intelligence analyst,Intelligence Specialist (Operations),U.S. Army Intelligence and Security Command,Department of the Army,Fort Gordon,Georgia,"About the Position: This position is in the Defense Civilian Intelligence Personnel System (DCIPS). Employees occupying DCIPS positions are in the Excepted Service and must adhere to U.S. Code, Title 10, as well as Department of Defense Instruction 1400.25. This position is located at the INSCOM, 780th Military Intelligence Brigade, 782d Military Intelligence Battalion, located at Fort Gordon, GA.",2026-07-27,2026-08-05,GG,89508.0,116362.0,Full-Time,False
877966000,business intelligence analyst,Intelligence Specialist (Operations),U.S. Army Intelligence and Security Command,Department of the Army,San Antonio,Texas,"About the Position: This position is in the Defense Civilian Intelligence Personnel System (DCIPS). Employees occupying DCIPS positions are in the Excepted Service and must adhere to U.S. Code, Title 10, as well as Department of Defense Instruction 1400.25. This position is located at the U.S. Army Intelligence and Security Command, 780th Military Brigade/Operations Support Element at Joint Base San Antonio, Texas.",2026-07-27,2026-08-03,GG,146389.0,197200.0,Full-Time,False
878154000,business intelligence analyst,Intelligence Operations Specialist,Homeland Security Staff,Department of Agriculture,Kansas City,Missouri,"This position is in the U.S. Department of Agriculture, Office of Homeland Security (OHS), Continuity & Emergency Programs Division (CEPD). The Intelligence Operations Specialist will be responsible for coordinating and supporting USDA Non-Title 50 efforts to interpret, assess, and write finished intelligence products from Intelligence Community (IC)-produced multisource intelligence/counter- intelligence analyses and raw information from an agricultural perspective.",2026-07-28,2026-08-03,GS,108173.0,140627.0,Full-Time,False
878412800,business intelligence analyst,INTELLIGENCE OPERATIONS SPECIALIST,Air National Guard Units,Department of the Air Force,Syracuse,New York,"THIS IS A NATIONAL GUARD TITLE 32 EXCEPTED SERVICE POSITION. This National Guard position is for a INTELLIGENCE OPERATIONS SPECIALIST, Position Description Number D1647P01 and is part of the 174TH ATKW, National Guard. This vacancy does not meet the criteria for appointment of annuitants.",2026-07-29,2026-08-28,GS,89508.0,116362.0,Full-Time,False
878519400,business intelligence analyst,Supervisory Intelligence Specialist,Naval Intelligence Activity,Department of the Navy,National Maritime Intelligence Center,Maryland,You will serve as a Supervisory Intelligence Specialist at the GG-15 grade level responsible for supervising a team of senior subject matter experts within the National Maritime Intelligence Integration Office (NMIO). You will support developing a unified Department of Navy (DON) approach to understanding and assessing risk and threats in the maritime domain and achieving Maritime Domain Awareness (MDA).,2026-07-30,2026-08-05,GG,169279.0,220065.0,Full-Time,False
877897400,data specialist,Records and Information Management Specialist (CUI) (Assistant Program Management Specialist),National Labor Relations Board,Other Agencies and Independent Organizations,Washington,District of Columbia,"This position is in the Records Management Section under the Office of the Chief Information Officer (OCIO), Information Assurance. The incumbent serves as Controlled Unclassified Information (CUI) Program and Records Specialist under the general supervision of the Chief, Records Management Section. The Section delegates full responsibility for the implementation, administration, monitoring, and compliance of the National Labor Relations Board CUI, Records Management and Vital Records programs.",2026-07-24,2026-08-03,GS,121785.0,158322.0,Full-Time,False
865718000,data specialist,INFORMATION SECURITY SPECIALIST (Title 5),Air National Guard Units,Department of the Air Force,Ellington AFB,Texas,"This position is part of the 147 Attack Wing located on Ellington Field in Houston, TX. The primary purpose of this position is to serve as the Wing Chief of Information Protection at Air National Guard facilities. Texas is one of 9 states with NO state income tax.",2026-08-01,2026-08-05,GS,103225.0,134195.0,Full-Time,False
868195500,business intelligence analyst,INTELLIGENCE OPERATIONS SPECIALIST T32,Air National Guard Units,Department of the Air Force,Phoenix,Arizona,"THIS IS A NATIONAL GUARD TITLE 32 EXCEPTED SERVICE POSITION. This National Guard position is for a INTELLIGENCE OPERATIONS SPECIALIST T32, PDD1659000 and is part of the AZ 161st Air Refueling Wing, National Guard.",2026-05-06,2026-09-23,GS,93629.0,121720.0,Full-Time,False
878480900,data specialist,INFORMATION TECHNOLOGY SPECIALIST (APPSW),U.S. Marine Corps,Department of the Navy,Stafford,Virginia,"This is a public notice flyer to notify interested applicants of anticipated vacancies. Applications will not be accepted through this flyer. Interested applicants must follow the directions in the ""How to Apply"" section of this flyer to be considered. There may or may not be actual vacancies filled from this flyer. Notice of Result letters will not be sent to applicants who respond to this flyer.",2026-07-29,2026-09-29,NH,102415.0,158322.0,Full-Time,False
877715000,database administrator,Medical Records Administrator Specialist,Veterans Health Administration,Department of Veterans Affairs,Montgomery,Alabama,This position is located in the Health Information Management (HIM) Section of Health Administration Service at the Central Alabama Veterans Health Care System (CAVHCS). Medical Records Administration Specialist (MRAS) in Veterans Health Administration (VHA) performs work concerned with the management of a health record program or the provision of services related to medical record administration/health information services.,2026-07-24,2026-08-03,GS,40736.0,97087.0,Full-Time,False
871699700,data specialist,Information Technology Specialist (Info Sec),Defense Contract Audit Agency,Department of Defense,Fort Belvoir,Virginia,Reemployed annuitant: This vacancy does not meet the criteria for appointment of annuitants. This is an open-continuous announcement with referral lists being issued to the hiring manager every 2 weeks until vacancy close. Applicants may edit their application or reapply anytime before the 8/4 closing date.,2026-06-04,2026-08-04,GS,121785.0,158322.0,Full-Time,False
878437700,data specialist,Records & Information Management Specialist,Washington Headquarters Services,Department of Defense,Alexandria,Virginia,"The incumbent serves as a Records and Information Management (RIM) Specialist within WHS/ESD/R&DD. The division is responsible for developing and implementing policies that govern Records Management, FOIA, and Prepublication and Security Review services for the Immediate Offices of the Secretary and Deputy Secretary of War, OSW Components, Defense Agencies, and DoW Field Activities.",2026-07-29,2026-08-03,GS,121785.0,158322.0,Full-Time,False
878549700,data specialist,INFORMATION TECHNOLOGY SPECIALIST (NETWORK),U.S. Marine Corps,Department of the Navy,Stafford,Virginia,"This is a public notice flyer to notify interested applicants of anticipated vacancies. Applications will not be accepted through this flyer. Interested applicants must follow the directions in the ""How to Apply"" section of this flyer to be considered. There may or may not be actual vacancies filled from this flyer. Notice of Result letters will not be sent to applicants who respond to this flyer.",2026-07-29,2026-09-30,NH,102415.0,158322.0,Full-Time,False
878665500,data specialist,Records & Information Management Specialist,Veterans Health Administration,Department of Veterans Affairs,Madison,Wisconsin,"Records Management ensures that institutional federal records of vital, historical, fiscal, and legal value are identified and preserved in accordance with federal laws, regulations, directives, and policies.",2026-07-31,2026-08-10,GS,61722.0,97087.0,Full-Time,False
878673000,data specialist,Information Technology Specialist (CUSTSPT),Pacific Air Forces,Department of the Air Force,Elmendorf AFB,Alaska,"About the position: This position is Non-Appropriated Fund (NAF) and will be assigned to the 773 FSS NAF IT Department on JBER, AK. Regular Full-Time employees have a regular and continuous work schedule of at least 35 hours to a maximum of 40 hours per week. You are eligible for the following benefits and compensation: Health and Life Insurance, Awards, Leave, Retirement, 401K, Overtime Pay, Workers' Compensation, Shift Differential, Sunday Premium Pay, Holiday Pay.",2026-07-30,2026-08-17,NF,52000.0,62400.0,Full-Time,False
850840800,business intelligence analyst,INTELLIGENCE OPERATIONS SPECIALIST (Title 32),Air National Guard Units,Department of the Air Force,Peoria,Illinois,"THIS IS A NATIONAL GUARD TITLE 32 EXCEPTED SERVICE POSITION. This National Guard position is for a INTELLIGENCE OPERATIONS SPECIALIST (Title 32), Position Description Number D1659000 and is part of the IL 182 AW, National Guard.",2025-11-25,2026-11-24,GS,89508.0,116362.0,Full-Time,False
859653200,business intelligence analyst,INTELLIGENCE OPERATIONS SPECIALIST- TITLE 32,Air National Guard Units,Department of the Air Force,Robins AFB,Georgia,"THIS IS A NATIONAL GUARD TITLE 32 EXCEPTED SERVICE POSITION. This position is for an Intelligence Operations Specialist, Position Description Number D1659000 located in the 116th OPS GP, Robins AFB, GA. This is a full-time, Excepted Permanent, dual status position which requires Georgia Air National Guard Membership. Area of Consideration: Current members of the Air National Guard, Air Force Reserve or Air Force Active Duty component.",2026-03-06,2026-12-31,GS,89508.0,116362.0,Full-Time,False
860412300,business intelligence analyst,INTELLIGENCE OPERATIONS SPECIALIST - TITLE 32,Air National Guard Units,Department of the Air Force,Robins AFB,Georgia,"THIS IS A NATIONAL GUARD TITLE 32 EXCEPTED SERVICE POSITION. This National Guard position is for a Intelligence Operations Specialist, Position Description D1797000 and is part of the 116th Operations Group, Robins AFB, Georgia. This is a full-time, Excepted Permanent, dual status position which requires Georgia Air National Guard Membership. Area of Consideration: Current member of the Georgia Air National Guard, Air Force Reserve or Air Force Active Duty component.",2026-03-12,2026-12-31,GS,74678.0,97087.0,Full-Time,False
870283500,data specialist,HUMAN RESOURCES SPECIALIST (INFO SYS/MILITARY),Air National Guard Units,Department of the Air Force,Kirtland AFB,New Mexico,"THIS IS A NATIONAL GUARD TITLE 32 EXCEPTED SERVICE POSITION. NEW MEXICO AIR NATIONAL GUARD *You must be a member of the New Mexico Air National Guard to be eligible for this position This National Guard position is for a HUMAN RESOURCES SPECIALIST (INFO SYS/MILITARY), Position Description Number D2931000 and is part of the NM 150th SOW Force Support Squadron, National Guard.",2026-05-21,2026-08-25,GS,75489.0,98141.0,Full-Time,False
875188800,business intelligence analyst,INTELLIGENCE OPERATIONS SPECIALIST (TITLE 32),Air National Guard Units,Department of the Air Force,Tyndall AFB,Florida,"This National Guard position is for a INTELLIGENCE OPERATIONS SPECIALIST (TITLE 32), Position Description Number D1510P01 and is part of the FL HQ 101 AOG, National Guard.",2026-07-02,2026-08-03,GS,50460.0,97087.0,Full-Time,False
877353400,business intelligence analyst,INTELLIGENCE OPERATIONS SPECIALIST (TITLE 32),Air National Guard Units,Department of the Air Force,Tyndall AFB,Florida,"This National Guard position is for a INTELLIGENCE OPERATIONS SPECIALIST (TITLE 32), Position Description Number D1510P01 and is part of the FL HQ 101 AOG, National Guard.",2026-07-21,2026-08-20,GS,50460.0,97087.0,Full-Time,False
877970200,data specialist,SUPERVISORY INFORMATION SPECIALIST (PLCYPLN),U.S. Pacific Fleet,Department of the Navy,Lemoore Naval Air Station,California,You will serve as a SUPERVISORY INFORMATION TECHNOLOGY SPECIALIST (PLCYPLN) of STRIKE FIGHTER WING PACIFIC STAFF.,2026-07-27,2026-08-06,GS,126410.0,164338.0,Full-Time,False
878049200,business intelligence analyst,Intelligence Specialist (Operations Support),U.S. Army Intelligence and Security Command,Department of the Army,Fort Meade,Maryland,"About the Position: This position is in the Defense Civilian Intelligence Personnel System (DCIPS). Employees occupying DCIPS positions are in the Excepted Service and must adhere to U.S. Code, Title 10, as well as Department of Defense Instruction 1400.25. This position is located at the 780th Military Intelligence Brigade, located at Fort George G. Meade, Maryland.",2026-07-27,2026-08-04,GG,121785.0,158322.0,Full-Time,False
878387400,data specialist,INFORMATION TECHNOLOGY SPECIALIST (SYSADMIN),U.S. Pacific Fleet,Department of the Navy,Pearl Harbor,Hawaii,"You will serve as a INFORMATION TECHNOLOGY SPECIALIST (SYSADMIN) in the COMMAND, CONTROL, COMMUNICATIONS AND INTELLIGENCE DIRECTORATE of PAC FLEET SUB FORCE OPS COMPONENT.",2026-07-29,2026-08-07,GS,111119.0,144457.0,Full-Time,False
878438200,data specialist,INFORMATION TECHNOLOGY SPECIALIST (SYSADMIN),U.S. Pacific Fleet,Department of the Navy,Pearl Harbor,Hawaii,You will serve as a INFORMATION TECHNOLOGY SPECIALIST (SYSADMIN) in the Communications and Information Systems Directorate of MARITIME OPERATIONS CENTER.,2026-07-29,2026-08-11,GS,101091.0,131422.0,Full-Time,False
878680800,business intelligence analyst,INTELLIGENCE OPERATIONS SPECIALIST (TITLE 32),Air National Guard Units,Department of the Air Force,Tyndall AFB,Florida,"This National Guard position is for a INTELLIGENCE OPERATIONS SPECIALIST (TITLE 32), Position Description Number D1510P01 and is part of the FL HQ 101 AOG, National Guard.",2026-07-30,2026-08-31,GS,50460.0,97087.0,Full-Time,False
878750100,business intelligence analyst,Intelligence Specialist (Operations Support),U.S. Army Intelligence and Security Command,Department of the Army,Fort Meade,Maryland,"About the Position: This position is in the Defense Civilian Intelligence Personnel System (DCIPS). Employees occupying DCIPS positions are in the Excepted Service and must adhere to U.S. Code, Title 10, as well as Department of Defense Instruction 1400.25. This position is located at the 704TH MI Brigade, 742ND MI BTN, US Army Expeditionary OPS SPT, Fort Meade, MD.",2026-07-31,2026-08-04,GG,121785.0,121785.0,Full-Time,False
876566600,data specialist,Records and Information Management Specialist,Executive Office for U.S. Attorneys and the Office of the U.S. Attorneys,Department of Justice,Montgomery,Alabama,"For more information on the Department of Justice and the United States Attorneys' Offices, visit http://www.justice.gov/usao/. As needed, additional positions may be filled using this announcement. This position is also being announced to All U.S. Citizens and Nationals under 26-ALM-13004415-DE.",2026-07-16,2026-08-07,GS,50460.0,65599.0,Full-Time,False
876568300,data specialist,Records and Information Management Specialist,Executive Office for U.S. Attorneys and the Office of the U.S. Attorneys,Department of Justice,Montgomery,Alabama,"For more information on the Department of Justice and the United States Attorneys' Offices, visit http://www.justice.gov/usao/. As needed, additional positions may be filled using this announcement. This position is also being announced to applicants eligible to apply through Merit Staffing procedures under 26-ALM-13004414-MS. .",2026-07-16,2026-08-07,GS,50460.0,65599.0,Full-Time,False
877435800,data specialist,Records and Information Management Specialist,Defense Human Resources Activity,Department of Defense,Alexandria,Virginia,"This position is part of the Defense Human Resources Activity. The incumbent will be responsible for developing, implementing, and managing programs and systems that support the full lifecycle of the organization's information assets.",2026-07-21,2026-08-03,GS,102415.0,158322.0,Full-Time,False
877437500,data specialist,Records and Information Management Specialist,Defense Human Resources Activity,Department of Defense,Alexandria,Virginia,"This position is part of the Defense Human Resources Activity. The incumbent will be responsible for developing, implementing, and managing programs and systems that support the full lifecycle of the organization's information assets.",2026-07-21,2026-08-03,GS,102415.0,158322.0,Full-Time,False
877802100,data specialist,Information Technology Specialist (eDiscovery),"Offices, Boards and Divisions",Department of Justice,Washington,District of Columbia,The mission of the Antitrust Division is to promote competition by enforcing the antitrust laws to protect economic freedom and opportunity on behalf of the American people. Are you ready to contribute to matters of national importance that promote a competitive and productive American economy?,2026-07-27,2026-08-04,GS,143913.0,187093.0,Full-Time,False
877883400,database administrator,Program Specialist (TMS Domain Administrator),Veterans Health Administration,Department of Veterans Affairs,Durham,North Carolina,"The position is located in the Department of Veterans Affairs (VA), Veterans Health Administration (VHA), Mid-Atlantic Health Care Network (VISN 6), VA Medical Center (MC), Durham, NC, under Education and Learning Resource Service. This position serves as the VA Talent Management System (TMS) Domain Administrator.",2026-07-24,2026-08-07,GS,64453.0,83794.0,Full-Time,False
877921400,data specialist,INFORMATION TECHNOLOGY SPECIALIST (APPSW) (STEM),Defense Intelligence Agency,Department of Defense,Fort Meade,Maryland,We are committed to: Teamwork: Partnering at all levels and across organizational boundaries for mission accomplishment. Integrity: Adherence to the highest legal and ethical principles in our responsibilities. Excellence: Unrivaled defense intelligence expertise. Service: Putting the welfare of the Nation and commitment to our mission before oneself.,2026-07-23,2026-08-06,GG,121785.0,158322.0,Full-Time,False
878007600,data specialist,Records and Information Management Specialist,Executive Office for U.S. Attorneys and the Office of the U.S. Attorneys,Department of Justice,Dallas,Texas,"For more information on the Department of Justice and the United States Attorneys' Offices, visit http://www.justice.gov/usao/. As needed, additional positions may be filled using this announcement.",2026-07-24,2026-08-06,GS,67100.0,105547.0,Full-Time,False
878038100,data specialist,Records and Information Management Specialist,Citizenship and Immigration Services,Department of Homeland Security,Irving,Texas,"Protect your homeland and defend your culture. Join USCIS, America's frontline defense against illegal foreign infiltration and fraud. As an Records and Information Management Specialist, you will coordinate the direction of the Records Management Program, collaborates with the Region, Headquarters, and Field Office officials to formulate and apply existing records management policies and procedures that impact the Field Offices and other components within DHS (ICE and CBP).",2026-07-27,2026-08-05,GS,115711.0,150426.0,Full-Time,False
878339900,data architect,IT Specialist (InfoSec) (Applications Architect),National Labor Relations Board,Other Agencies and Independent Organizations,Washington,District of Columbia,"This position is located in the Office of the Chief Information Office (OCIO) which provides strategic direction and leadership for the Agency's Information Technology (IT) program. OCIO supports the Headquarters and Field Offices of the National Labor Relations Board (NLRB) through a customer-focused, enterprise architecture driven organization. The incumbent advises managers, supervisors, and employees on information systems security, providing advice, guidance, and consultation.",2026-07-28,2026-08-04,GS,143913.0,187093.0,Full-Time,False
878451100,data specialist,Records and Information Management Specialist,Veterans Health Administration,Department of Veterans Affairs,Marion,Illinois,"The Marion VA Health Care System is recruiting for a full-time Records and Information Management Specialist. The incumbent serves as a Records and Information Management Specialist - Facility Records Officer and will ensure that institutional federal records of vital, historical, fiscal, and legal value are identified and preserved in accordance with federal laws, regulation, directives, and policies.",2026-07-29,2026-08-05,GS,61722.0,91087.0,Full-Time,False
863506400,data specialist,VISUAL INFORMATION SPECIALIST (TECHNICAL IMAGING),U.S. Pacific Fleet,Department of the Navy,Bremerton,Washington,"This is a public notice flyer to notify interested applicants of anticipated vacancies. Applications will not be accepted through this flyer. Interested applicants must follow the directions in the ""How to Apply"" section of this flyer to be considered. There may or may not be actual vacancies filled from this flyer. Notice of Result letters will not be sent to applicants who respond to this flyer.",2026-04-02,2027-04-01,GS,100602.0,130786.0,Full-Time,False
866740000,data specialist,SUPERVISORY IT SPECIALIST (INFOSEC),Immediate Office of the Chief of Naval Operations,Department of the Navy,Camp H.M. Smith Marine Corp Base,Hawaii,"This is a public notice flyer to notify interested applicants of anticipated vacancies through the Certain Personnel/Modified Direct Hiring Authority. Applications will not be accepted through this flyer. Interested applicants must follow the directions in the ""How to Apply"" section of this flyer to be considered. There may or may not be actual vacancies filled from this flyer. Notice of Result letters will not be sent to applicants who respond to this flyer.",2026-04-28,2026-08-26,GS,131310.0,170708.0,Full-Time,False
877423800,data specialist,Supervisory Information Technology Specialist,"Treasury, Financial Crimes Enforcement Network",Department of the Treasury,Vienna,Virginia,"Become part of the team that safeguards the financial system from the abuses of financial crime. At the Financial Crimes Enforcement Network (FinCEN), we are at the forefront in preventing and detecting terrorist financing, money laundering, and other financial crime. Serve at the nation's financial intelligence unit and protect the United States financial system from criminals and terrorist financiers.",2026-07-22,2026-08-04,GS,169279.0,197200.0,Full-Time,False
877632000,business intelligence analyst,Supervisory Intelligence Operations Specialist,Export-Import Bank of the United States,Other Agencies and Independent Organizations,Washington,District of Columbia,Announcement may be used to fill similar positions within 90 days of the closing date. About this agency,2026-07-27,2026-08-10,GS,143913.0,187093.0,Full-Time,False
877872000,data specialist,SUPERVISORY INFORMATION TECHNOLOGY SPECIALIST,U.S. Pacific Fleet,Department of the Navy,Pearl Harbor,Hawaii,You will serve as a SUPERVISORY INFORMATION TECHNOLOGY SPECIALIST in the COMMUNICATIONS AND INFORMATION SYSTEMS DIRECTORATE of MARITIME OPERATIONS CENTER.,2026-07-24,2026-08-06,GS,131310.0,170708.0,Full-Time,False
877948600,data specialist,Radiologic Information Systems Specialist (PACS),Military Treatment Facilities under DHA,Department of Defense,Fort Sam Houston,Texas,"About the Position: This position is located at Brooke Army Medical Center, San Antonio, Texas. This is a Direct Hire Solicitation A recruitment or relocation incentive may be authorized Salary negotiation may be available for those candidates who are new to Federal service. Non-Federal work experience may be creditable for leave purposes.",2026-07-31,2026-08-06,GS,75776.0,98514.0,Full-Time,False
877977100,data specialist,SUPERVISORY IT SPECIALIST (INFOSEC/PLCYPLN),United States Fleet Forces Command,Department of the Navy,Camp H.M. Smith Marine Corp Base,Hawaii,"This is a public notice flyer to notify interested applicants of anticipated vacancies. Applications will not be accepted through this flyer. Interested applicants must follow the directions in the ""How to Apply"" section of this flyer to be considered. There may or may not be actual vacancies filled from this flyer. Notice of Result letters will not be sent to applicants who respond to this flyer.",2026-07-30,2026-08-03,GG,134308.0,183560.0,Full-Time,False
878042500,business intelligence analyst,Supervisory Intelligence Specialist (Operations),U.S. Army Intelligence and Security Command,Department of the Army,Fort Meade,Maryland,"About the Position: This position is in the Defense Civilian Intelligence Personnel System (DCIPS). Employees occupying DCIPS positions are in the Excepted Service and must adhere to U.S. Code, Title 10, as well as Department of Defense Instruction 1400.25. This position is located at the This position is located at the 780th Military Intelligence Brigade, located at Fort George G. Meade, Maryland.",2026-07-27,2026-08-04,GG,121785.0,158322.0,Full-Time,False
878053600,business intelligence analyst,Supervisory Intelligence Specialist (Operations),U.S. Army Intelligence and Security Command,Department of the Army,Fort Meade,Maryland,"About the Position: This position is in the Defense Civilian Intelligence Personnel System (DCIPS). Employees occupying DCIPS positions are in the Excepted Service and must adhere to U.S. Code, Title 10, as well as Department of Defense Instruction 1400.25. This position is located at the 780th Military Intelligence Brigade located at Fort Meade, Maryland.",2026-07-27,2026-08-06,GG,143913.0,143913.0,Full-Time,False
878252500,data specialist,Supervisory Information Technology Specialist,Customs and Border Protection,Department of Homeland Security,Nogales,Arizona,"Organizational Location: This position is with the Department of Homeland Security, within U.S. Customs and Border Protection, Office of Information and Technology, Field Support Directorate, Southwest Region, located in Nogales, AZ.",2026-07-31,2026-08-06,GS,108455.0,140994.0,Full-Time,False
878437400,data specialist,Government Information Specialist (Arbitration),Federal Mediation and Conciliation Service,Other Agencies and Independent Organizations,Washington,District of Columbia,"This position is located within the Federal Mediation and Conciliation Service (FMCS), Headquarters, Office of General Counsel (OGC) and reports directly to the General Counsel.",2026-07-29,2026-08-05,GS,102415.0,133142.0,Full-Time,False
878589800,data specialist,Supervisory Information Technology Specialist,Centers for Medicare & Medicaid Services,Department of Health and Human Services,Woodlawn,Maryland,"Department of Health & Human Services, Centers for Medicare & Medicaid Services, CCIIO, Division of Marketplace IT Operations (DMIO), Marketplace Innovation and Technology Group (MITG). As a Supervisory Information Technology Specialist, GS-2210-14, serves as the Deputy Division Director directing staff responsible for supporting the development and maintenance of the CMS information technology systems and maintaining the readiness of systems operations.",2026-07-31,2026-08-06,GS,143913.0,187093.0,Full-Time,False
878609700,data specialist,Information Technology (IT) Specialist,Executive Office for U.S. Attorneys and the Office of the U.S. Attorneys,Department of Justice,Pittsburgh,Pennsylvania,"For more information on the Department of Justice and the United States Attorneys' Offices, visit http://www.justice.gov/usao/. As needed, additional positions may be filled using this announcement. This position is also being announced to applicants eligible to apply through Merit Staffing procedures under 26-PAW IT-13016646-ST.",2026-07-30,2026-08-13,GS,68545.0,97867.0,Full-Time,False
867654700,data specialist,IT CYBERSECURITY SPECIALIST (INFOSEC) TITLE 5,Army National Guard Units,Department of the Army,Springfield,Illinois,"THIS IS A NATIONAL GUARD TITLE 5 EXCEPTED SERVICE POSITION. This National Guard position is for a IT CYBERSECURITY SPECIALIST (INFOSEC) TITLE 5, Position Description Number T6376600 and is part of the IL DCSIM, National Guard.",2026-05-06,2027-05-05,GS,106437.0,138370.0,Full-Time,False
871122600,business intelligence analyst,INTELLIGENCE SPECIALIST - ALTERNATE HIRE AUTHORITY,Air Force Materiel Command,Department of the Air Force,Hanscom AFB,Massachusetts,"Click on ""Learn more about this agency"" button below for IMPORTANT additional information. The primary purpose of this position, GG-0132-13, Intelligence Specialist is to provide cyber intelligence support to programs across the acquisition life cycle (Acquisition Intelligence). Supports effective research, development, fielding, employment, sustainment & improvement of AF capabilities by identifying cyber related intelligence requirements, resolving deficiencies, & integrating intelligence.",2026-06-01,2026-09-30,GG,120548.0,156715.0,Full-Time,False
876588600,data specialist,IT CYBERSECURITY SPECIALIST (INFOSEC),Army National Guard Units,Department of the Army,Colchester,Vermont,"THIS IS A NATIONAL GUARD TITLE 32 EXCEPTED SERVICE POSITION. This National Guard position is for an IT Cybersecurity Specialist, Position Description Number D2486P01 and is part of the Information Management /J6 of the Vermont Army National Guard. *This position is also advertised as a Title 5 vacancy under VT-12997719-AR-26-40 https://www.usajobs.gov/GetJob/ViewDetails/876590200",2026-07-15,2026-08-15,GS,91335.0,118738.0,Full-Time,False
876590200,data specialist,IT CYBERSECURITY SPECIALIST (INFOSEC),Army National Guard Units,Department of the Army,Colchester,Vermont,"THIS IS A NATIONAL GUARD TITLE 5 EXCEPTED SERVICE POSITION. This National Guard position is for an IT Cybersecurity Specialist, Position Description Number T57102P1 and is part of the Information Management /J6 of the Vermont Army National Guard. *This position is also advertised as a Title 32 vacancy under VT-12998251-AR-26-41 https://www.usajobs.gov/GetJob/ViewDetails/876588600",2026-07-15,2026-08-15,GS,91335.0,118738.0,Full-Time,False
876697000,data specialist,TITLE 32 HR SPECIALIST (INFORMATION SYSTEMS) GS-0201-11,Army National Guard Units,Department of the Army,Charleston,West Virginia,"THIS IS A NATIONAL GUARD TITLE 32 DUAL STATUS TECHNICIAN EXCEPTED SERVICE POSITION. The National Guard is the oldest component of the Armed Forces of the United States. Since the earliest American colonial days, citizens have joined together for collective defense. We have a proud tradition of coming to the aid of our friends and neighbors in times of serious emergencies. Join our National Guard team and serve your nation, your states and your community!",2026-07-15,2026-09-15,GS,74678.0,97087.0,Full-Time,False
877518100,data specialist,IT Cybersecurity Specialist (INFOSEC),Defense Microelectronics Activity,Department of Defense,McClellan,California,"The position(s) covered by this vacancy announcement is in the Department of Defense (DoD) Acquisition Workforce Personnel Demonstration Project (AcqDemo). For more information please see: AcqDemo This position is part of the Defense Microelectronics Activity. The incumbent serves as an Information System Security Officer (ISSO) for DMEA, performing reviews and identifying gaps in the DMEA cybersecurity architecture to develop solutions to accomplish cybersecurity program goals.",2026-07-22,2026-08-05,NH,45155.0,153382.0,Full-Time,False
877538900,data specialist,IT CYBERSECURITY SPECIALIST (INFOSEC),Air National Guard Units,Department of the Air Force,Rome,New York,"THIS IS A NATIONAL GUARD TITLE 5 EXCEPTED SERVICE POSITION. This National Guard position is for a IT CYBERSECURITY SPECIALIST (INFOSEC), Position Description Number T5895000 and is part of the 224 ADG, National Guard. This vacancy does not meet the criteria for appointment of annuitants. This is a temporary not to exceed one year of appointment.",2026-07-22,2026-08-06,GS,89508.0,116362.0,Full-Time,False
877877400,data specialist,IT CYBERSECURITY SPECIALIST (INFOSEC/ENTARCH),Joint Activities,Department of the Army,Fort Meade,Maryland,"About the Position: This position is a DOD Cyber Excepted Service (CES) personnel system position in the Excepted Service under 10 USC 1599f. Employees occupying CES positions are in the Excepted Service and must adhere to U.S. Code, Title 10, as well as Department of Defense Instruction 1400.25. This position is located at the FORT MEADE, MD.",2026-07-24,2026-08-07,GG,176938.0,197200.0,Full-Time,False
878225900,business intelligence analyst,Supervisory Intelligence Specialist (Staff Officer),U.S. Army Intelligence and Security Command,Department of the Army,Fort Belvoir,Virginia,"About the Position: This position is in the Defense Civilian Intelligence Personnel System (DCIPS). Employees occupying DCIPS positions are in the Excepted Service and must adhere to U.S. Code, Title 10, as well as Department of Defense Instruction 1400.25. This position is located with INSCOM, Assistant Chief of Staff/G3, in Fort Belvoir, Virginia.",2026-07-29,2026-08-04,GG,169279.0,197200.0,Full-Time,False
866520300,data specialist,VISUAL INFORMATION SPECIALIST-DIRECT HIRE AUTHORITY,Air Force Materiel Command,Department of the Air Force,Wright-Patterson AFB,Ohio,"Click on ""Learn more about this agency"" button below to view Eligibilities being considered and other IMPORTANT information. The primary purpose of this position is to serve as a Visual Info Specialist with responsibility for the design and production of a variety of images for complex printed or web-based material, exhibits, and briefings to maintain communication with internal and external publics. Productions are characterized by uniqueness, involving media or individual visual components.",2026-04-24,2026-08-22,NH,92841.0,143523.0,Full-Time,False
877678000,data specialist,IT SPECIALIST (SYSANALYSIS/APPSW/INFOSEC),Patent and Trademark Office,Department of Commerce,Alexandria,Virginia,"We need your expertise! Located in the Office of the Chief Information Officer (OCIO), the Business Product Delivery Office (BPDO), Enterprise Business Product Delivery Branch, is a product-centric, DevSecOps organization that delivers business value to customers through software, from initial design to deployment and ongoing operation.",2026-07-23,2026-08-06,GS,143913.0,187093.0,Full-Time,False
878385700,data specialist,INFORMATION TECHNOLOGY SPECIALIST (SYSADMIN/NETWORK),U.S. Pacific Fleet,Department of the Navy,Pearl Harbor,Hawaii,You will serve as a INFORMATION TECHNOLOGY SPECIALIST (SYSADMIN/NETWORK) in the COMMUNICATIONS AND INFORMATION SYSTEMS DIRECTORATE of MARITIME OPERATIONS CENTER.,2026-07-29,2026-08-07,GS,111119.0,144457.0,Full-Time,False
878698400,data specialist,Information Technology Specialist (Network Services),U.S. Army Cyber Command,Department of the Army,Adams County,Pennsylvania,"About the Position: This position is a DOD Cyber Excepted Service (CES) personnel system position in the Excepted Service under 10 USC 1599f. Employees occupying CES positions are in the Excepted Service and must adhere to U.S. Code, Title 10, as well as Department of Defense Instruction 1400.25. This position is located at the .This position is located at the 7th SIG CMD (T) 21st SIG BDE 114th SIG BN in Adams, Pennsylvania.",2026-07-31,2026-08-06,GG,85447.0,116785.0,Full-Time,False
877534100,data specialist,INFORMATION TECHNOLOGY SPECIALIST (SYS ADMIN/NETWORK),Bureau of Naval Personnel,Department of the Navy,Newport,Rhode Island,"This is a public notice flyer to notify interested applicants of anticipated vacancies. Applications will not be accepted through this flyer. Interested applicants must follow the directions in the ""How to Apply"" section of this flyer to be considered. There may or may not be actual vacancies filled from this flyer. Notice of Result letters will not be sent to applicants who respond to this flyer.",2026-07-23,2026-08-24,GS,84579.0,109959.0,Full-Time,False
878410600,data specialist,Supervisory Information Technology Specialist (CUSTSPT),U.S. Coast Guard,Department of Homeland Security,Chesapeake,Virginia,"This vacancy is for a GS-2210-12, Supervisory Information Technology Specialist (CUSTSPT) located in the Department of Homeland Security, U.S. Coast Guard, CSC INFORMATION SYSTEMS DIVISION in CHESAPEAKE, Virginia.",2026-07-29,2026-08-07,GS,90838.0,118092.0,Full-Time,False
878411500,data specialist,Supervisory Information Technology Specialist (CUSTSPT),U.S. Coast Guard,Department of Homeland Security,Chesapeake,Virginia,"This vacancy is for a GS - 2210 - 12, Supervisory Information Technology Specialist (CUSTSPT) located in the Department of Homeland Security, U.S. Coast Guard, CSC INFORMATION SYSTEMS DIVISION in CHESAPEAKE, Virginia.",2026-07-29,2026-08-07,GS,90838.0,118092.0,Full-Time,False
878542300,data architect,IT SPECIALIST (ENTERPRISE ARCHITECTURE/ SYSTEMS ANALYSIS),United States Fleet Forces Command,Department of the Navy,Norfolk,Virginia,You will serve as a IT SPECIALIST (ENTERPRISE ARCHITECTURE/SYSTEMS ANALYSIS) in the READINESS REPORITNG BRANCH of COMMANDER US FLEET FORCES COMMAND.,2026-07-30,2026-08-04,GS,108019.0,140426.0,Full-Time,False
878666600,data specialist,Information Technology Specialist (Policy and Planning),U.S. Army Cyber Command,Department of the Army,Fort Huachuca,Arizona,"About the Position: This position is a DOD Cyber Excepted Service (CES) personnel system position in the Excepted Service under 10 USC 1599f. Employees occupying CES positions are in the Excepted Service and must adhere to U.S. Code, Title 10, as well as Department of Defense Instruction 1400.25. This position is located at the U.S. Army Network Enterprise Technology Command (NETCOM) Headquarters ACOFS G-3/5 FUOPS Enterprise Capability Division IT Directory Services in Fort Huachuca, Arizona.",2026-07-31,2026-08-10,GG,108445.0,148226.0,Full-Time,False
878771600,data specialist,SUPERVISORY IT SPECIALIST(PLCYPN / INFOSEC),Naval Facilities Engineering Systems Command,Department of the Navy,Naval Air Station Jacksonville,Florida,"You will serve as a SUPV IT SPECIALIST (PLCYPLN/INFOSEC) in the COMMAND INFORMATION OFFICE of NAV FACILITIES ENGINEERING COMMAND SE This position at NAVFAC Southeast, advances your career in a challenging, yet flexible environment where YOU truly make a difference! Be part of an organization that values YOUR unique skillset, fosters YOUR professional development, and gives YOU the opportunity to grow into tomorrow's leader. You don't need to be active duty military to serve your country! .",2026-07-31,2026-08-07,GS,125776.0,163514.0,Full-Time,False
876770400,data specialist,INFORMATION TECHNOLOGY LOGISTICS MANAGEMENT SPECIALIST,STRATEGIC SYSTEMS PROGRAMS (SSP),Department of the Navy,Bangor,Washington,"This is a public notice flyer to notify interested applicants of anticipated vacancies. Applications will not be accepted through this flyer. Interested applicants must follow the directions in the ""How to Apply"" section of this flyer to be considered. There may or may not be actual vacancies filled from this flyer. Notice of Result letters will not be sent to applicants who respond to this flyer.",2026-07-16,2026-08-04,NH,45785.0,109122.0,Full-Time,False
877555400,data specialist,RECORDS & INFO MANAGEMENT SPECIALIST (KNOWLEDGE MANAGEMENT),Air National Guard Units,Department of the Air Force,Westhampton Beach,New York,"THIS IS A NATIONAL GUARD TITLE 32 EXCEPTED SERVICE POSITION. This National Guard position is for a RECORDS & INFO MANAGEMENT SPECIALIST (KNOWLEDGE MANAGEMENT), Position Description Number D2532000 and is part of the 106TH RQW, National Guard. This vacancy does not meet the criteria for appointment of annuitants.",2026-07-22,2026-08-21,GS,88005.0,114413.0,Full-Time,False
878042200,data specialist,Information Technology Specialist (INFOSEC),Army Tank-Automotive and Armament Command (TACOM),Department of the Army,Watervliet,New York,"This is a Direct Hire Authority (DHA) solicitation utilizing the DHA for Domestic Defense Industrial Base (DIB) & Major Range and Test Facilities Base (MRTFB) in DoD to recruit and appoint qualified candidates to positions in the competitive service. About the Position: Provides the full scope of Information Technology Security (INFOSEC) to the installation, organizations, and management.",2026-07-28,2026-08-04,GS,92344.0,120050.0,Full-Time,False
877710200,data specialist,Information Technology Specialist (Systems Administration),Military Treatment Facilities under DHA,Department of Defense,Tinker AFB,Oklahoma,"About the Position: This position is located at the 72nd Medical Group, Tinker Air Force Base in Oklahoma. This is a Direct Hire Solicitation A recruitment or relocation incentive may be authorized. Salary negotiation may be available for those candidates who are new to federal service. Student Loan repayment may be authorized. Non-Federal work experience may be creditable for leave purposes.",2026-07-24,2026-08-06,GS,89508.0,116362.0,Full-Time,False
877880000,data specialist,Supervisory Information Technology Specialist (Quality Lead),Administrative Office of the U.S. Courts,Judicial Branch,Washington,District of Columbia,"The Supervisory Information Technology Specialist (Quality Lead) position in the Administrative Office of the U.S. Courts, Office of the Deputy Director, Case Management Modernization Program Office (CMM). CMM drives change management and adoption practices to achieve delivery of a modernized, efficient, and secure case management environment.",2026-07-29,2026-08-05,AD,121785.0,197200.0,Full-Time,False
878241100,business intelligence analyst,Intelligence Operations Specialist (Insider Threat Officer),Office of the Secretary of Health and Human Services,Department of Health and Human Services,Washington,District of Columbia,"This position is located in the Department of Health and Human Services, Immediate Office of the Secretary, headquartered in Washington, District of Columbia. This announcement will close at 11:59 PM, on the day that 50 applications have been received or on the closing date, whichever is first.",2026-07-31,2026-08-04,GS,121785.0,158322.0,Full-Time,False
878260700,data specialist,Information Technology Specialist (Web Developer) Direct Hire,U.S. International Trade Commission,Other Agencies and Independent Organizations,Washington,District of Columbia,"The U.S. International Trade Commission is an independent Federal agency that provides the President and Congress with high-quality analysis and technical support on international trade, tariff and competitiveness issues; investigates and makes determinations in proceedings involving imports claimed to injure a domestic industry or violate U.S. intellectual property rights; and maintains the U.S. Harmonized Tariff Schedule.",2026-07-28,2026-08-11,GS,70623.0,111087.0,Full-Time,False
878723600,data specialist,Supervisory Records and Information Management  Specialist,Government Accountability Office,Legislative Branch,Washington,District of Columbia,"This position is located in the Government Accountability Office, Audit Policy and Quality Assurance. As a Supervisory Records and Information Management Specialist you will be responsible for supervising and managing a staff of Records and Information Management Specialists and records management professionals. Serve as a Subject Matter Expert and provides coaching, mentoring, and a full range of guidance in the functional programs of records and information management, and forms management.",2026-07-31,2026-08-13,MS,120495.0,191676.0,Full-Time,False
875423100,data specialist,Biomedical Equipment Support Specialist - Information Systems,Veterans Health Administration,Department of Veterans Affairs,Grand Junction,Colorado,"Serves as a Biomedical Equipment Support Specialist (BESS) specialized in information systems within a Healthcare Technology Management (HTM) department at a VA facility. Works in support of the medical equipment management program. In addition to duties at the full performance level, the BESS maintains medical servers and networks, diagnostic software, virtual platforms, and clinical applications software.",2026-07-06,2026-09-07,GS,97253.0,126432.0,Full-Time,False
875423300,data specialist,Biomedical Equipment Support Specialist - Information Systems,Veterans Health Administration,Department of Veterans Affairs,Grand Junction,Colorado,"Serves as a Biomedical Equipment Support Specialist (BESS) specialized in information systems within a Healthcare Technology Management (HTM) department at a VA facility. Works in support of the medical equipment management program. In addition to duties at the full performance level, the BESS maintains medical servers and networks, diagnostic software, virtual platforms, and clinical applications software.",2026-07-06,2026-09-07,GS,97253.0,126432.0,Full-Time,False
878071600,data specialist,Government Information Specialist (FOIA and Technology),"Offices, Boards and Divisions",Department of Justice,Washington,District of Columbia,"This position is located in the U.S. Department of Justice (DOJ), Office of Information Policy (OIP), FOIA Compliance Staff. A primary mission of OIP is to encourage and oversee agency compliance with the Freedom of Information Act (FOIA). OIP is responsible for developing government-wide policy guidance on all aspects of FOIA administration. OIP also provides legal counsel and training to agency personnel.",2026-07-27,2026-08-06,GS,121785.0,158322.0,Full-Time,False
878312200,data specialist,SUPERVISORY IT CYBERSECURITY SPECIALIST (INFOSEC),Army National Guard Units,Department of the Army,Santa Fe,New Mexico,"THIS IS A NATIONAL GUARD TITLE 32 EXCEPTED SERVICE POSITION. NEW MEXICO ARMY NATIONAL GUARD *You must be a member of the New Mexico Army National Guard to be eligible for this position This National Guard position is for a SUPERVISORY IT CYBERSECURITY SPECIALIST (INFOSEC), Position Description Number D2487000 and is part of the NM DCSIM, National Guard.",2026-07-28,2026-08-14,GS,107592.0,139871.0,Full-Time,False
878377800,data specialist,IT CYBERSECURITY SPECIALIST (SYSANALYSIS/INFOSEC),Defense Information Systems Agency,Department of Defense,Falls Church,Virginia,This position is being recruited under 10 USC 1599f into the Cyber Excepted Service and does NOT convey eligibility to be converted to the Competitive Service. It has been identified as a position necessary to carry out and support the mission of the US Cyber Command. It is in the PROFESSIONAL Work Category at the FULL PERFORMANCE Work Level within the CES Occupational Structure. It is located in the DISA - FE/Endpoint Services/Customer Support Directorate.,2026-07-31,2026-08-06,GG,102415.0,133142.0,Full-Time,False
878850800,data specialist,Biomedical Equipment Support Specialist (Information Systems),Veterans Health Administration,Department of Veterans Affairs,Battle Creek,Michigan,The Battle Creek VA is recruiting for an Biomedical Equipment Support Specialist (Biomedical Information Systems). The Biomedical Equipment Support Specialist (Info Systems) will function under the Healthcare Technology Management Service.,2026-07-31,2026-08-10,GS,106895.0,138967.0,Full-Time,False
878851300,data specialist,Biomedical Equipment Support Specialist (Information Systems),Veterans Health Administration,Department of Veterans Affairs,Battle Creek,Michigan,The Battle Creek VA is recruiting for an Biomedical Equipment Support Specialist (Biomedical Information Systems). The Biomedical Equipment Support Specialist (Info Systems) will function under the Healthcare Technology Management Service.,2026-07-31,2026-08-10,GS,106895.0,138967.0,Full-Time,False
878311000,data specialist,INFORMATION TECHNOLOGY SPECIALIST (PLCYPLN/INFOSEC),U.S. Pacific Fleet,Department of the Navy,Naval Air Station San Diego,California,"You will serve as an INFORMATION TECHNOLOGY SPECIALIST (PLCYPLN/INFOSEC) in the Helicopter Sea Combat Wing, at Naval Air Station, North Island, San Diego, CA.",2026-07-29,2026-08-03,GS,102246.0,132923.0,Full-Time,False
878665900,data specialist,Supervisory Information Technology Specialist (Policy and Planning),U.S. Army Cyber Command,Department of the Army,Fort Detrick,Maryland,"About the Position: This position is a DOD Cyber Excepted Service (CES) personnel system position in the Excepted Service under 10 USC 1599f. Employees occupying CES positions are in the Excepted Service and must adhere to U.S. Code, Title 10, as well as Department of Defense Instruction 1400.25. This position is located at the 7th SIG CMD (T) 21st SIG BD in Fort Detrick, Maryland",2026-07-31,2026-08-04,GG,143913.0,196689.0,Full-Time,False
872758100,data specialist,SUPERVISORY INFORMATION TECHNOLOGY SPECIALIST (INFOSEC/SYSANALYSIS),U.S. Marine Corps,Department of the Navy,Fort Meade,Maryland,"This is a public notice flyer to notify interested applicants of anticipated vacancies. Applications will not be accepted through this flyer. Interested applicants must follow the directions in the ""How to Apply"" section of this flyer to be considered. There may or may not be actual vacancies filled from this flyer. Notice of Result letters will not be sent to applicants who respond to this flyer.",2026-06-11,2026-08-12,NH,143913.0,197200.0,Full-Time,False
877333700,data specialist,Supervisory Information Technology Specialist (INFOSEC),Naval Air Systems Command,Department of the Navy,Lakehurst,New Jersey,"You will serve as the SE Cyber Branch Head (BL25500) in the Naval Air Warfare Center Aircraft Division; SE & ALRE Group; Support Equipment Department, SE Engineering Integration Division of NAVAIRWARCENADLKE.",2026-07-24,2026-08-03,NM,125431.0,192694.0,Full-Time,False
877712600,data specialist,Information Technology Specialist (Systems Analysis / Policy and Planning),ARMY TRANSPORTATION,Department of the Army,Scott AFB,Illinois,"About the Position: As a Senior IT Specialist, you will oversee the end-to-end procurement of IT hardware, software, and technical services. You will leverage your expertise in acquisition procedures to execute critical purchases while ensuring all transaction and compliance documentation is thoroughly managed and archived.",2026-07-24,2026-08-03,GS,91779.0,119315.0,Full-Time,False
877712700,data specialist,Information Technology Specialist (Systems Analysis / Policy and Planning),ARMY TRANSPORTATION,Department of the Army,Scott AFB,Illinois,"This is a Direct Hire Authority (DHA) solicitation utilizing the DHA for Certain Personnel of the DoD Workforce to recruit and appoint qualified candidates to positions in the competitive service. About the Position: You will oversee the end-to-end procurement of IT hardware, software, and technical services. You will leverage your expertise in acquisition procedures to execute critical purchases while ensuring all transaction and compliance documentation is thoroughly managed and archived.",2026-07-24,2026-08-03,GS,91779.0,119315.0,Full-Time,False
877892100,database administrator,Supervisory Wage and Hour Specialist (Deputy Regional Administrator),Wage and Hour Division,Department of Labor,Dallas,Texas,"This position is responsible for assisting the Regional Administrator in leading and directing the execution of an effective and high-quality enforcement program within the Southeast region, consisting of multiple states.",2026-07-27,2026-08-05,GS,160836.0,197200.0,Full-Time,False
877962500,business intelligence analyst,Supervisory Intelligence Operations Specialist (Title 32) (Indefinite),Air National Guard Units,Department of the Air Force,Langley AFB,Virginia,"THIS IS A NATIONAL GUARD TITLE 32 EXCEPTED SERVICE POSITION. This National Guard position is for a Supervisory Intelligence Operations Specialist (Title 32) (Indefinite), Position Description Number D1646P01 and is part of the VA 192 FTR WG, National Guard.",2026-07-24,2026-08-07,GS,108019.0,140426.0,Full-Time,False
878003500,data specialist,Supervisory Information Technology Specialist (Information Security),U.S. Army Intelligence and Security Command,Department of the Army,Fort Belvoir,Virginia,"About the Position: This position is in the Defense Civilian Intelligence Personnel System (DCIPS). Employees occupying DCIPS positions are in the Excepted Service and must adhere to U.S. Code, Title 10, as well as Department of Defense Instruction 1400.25. This position is with the U.S. Army Intelligence and Security Command, INSCOM, Mission Support Command, Associate Chief of Staff, G-6 located at Fort Belvoir, Virginia.",2026-07-27,2026-08-03,GG,177286.0,197200.0,Full-Time,False
878147500,data specialist,INFORMATION TECHNOLOGY CYBERSECURITY SPECIALIST (INFOSEC),Naval Air Systems Command,Department of the Navy,Lakehurst,New Jersey,"You will serve as a INFORMATION TECHNOLOGY CYBERSECURITY SPECIALIST (INFOSEC) in the SPECIALTY CYBER BRANCH (BL72300) in the OPERATIONS DEPARTMENT, NAVAL AIR WARFARE CENTER AIRCRAFT DIVISION SE & ALRE GROUP of NAVAIRWARCENADLKENAVAIRWARCENADLKE.",2026-07-31,2026-08-10,GS,125431.0,163062.0,Full-Time,False
878168400,data specialist,Supervisory Information Technology Specialist (INFOSEC/PLCYPLN),"Offices, Boards and Divisions",Department of Justice,Washington,District of Columbia,"This position serves as a Supervisory Information Technology Specialist (INFOSEC/PLCYPLN), located in the Department of Justice, Chief Information Officer, Cybersecurity Services Staff, Information Assurance Directorate, Vulnerability & Mitigation Branch in Washington, DC.",2026-07-28,2026-08-10,GS,169279.0,197200.0,Full-Time,False
878307600,data specialist,SUPERVISORY INFORMATION TECHNOLOGY SPECIALIST (INFOSEC),United States Fleet Forces Command,Department of the Navy,Monterey,California,You will serve as a SUPERVISORY INFORMATION TECHNOLOGY SPECIALIST (INFOSEC) in the ITSD of FLT NUMER OCEANGPHY METEO CTR.,2026-07-29,2026-08-03,GS,133060.0,172980.0,Full-Time,False
878481900,data specialist,SUPERVISORY INFORMATION TECHNOLOGY SPECIALIST (Information Security),Naval Intelligence Activity,Department of the Navy,National Maritime Intelligence Center,Maryland,"You will serve as a Supervisory IT Specialist (Infosec) in the Cybersecurity Department, Assessment & Validation Division of HOPPER GLOBAL COMMUNICATIONS CENTER.",2026-07-29,2026-08-04,GG,143913.0,187093.0,Full-Time,False
877935300,data specialist,Supervisory Information Technology Specialist (Network Services / Security),U.S. Army Cyber Command,Department of the Army,Fort Gordon,Georgia,"About the Position: This position is a DOD Cyber Excepted Service (CES) personnel system position in the Excepted Service under 10 USC 1599f. Employees occupying CES positions are in the Excepted Service and must adhere to U.S. Code, Title 10, as well as Department of Defense Instruction 1400.25. This position is located at the U.S. Army Cyber Protection Brigade in Fort Gordon, GA.",2026-07-27,2026-08-05,GG,115475.0,157818.0,Full-Time,False
877935500,data specialist,Supervisory Information Technology Specialist (Network Services / Security),U.S. Army Cyber Command,Department of the Army,Fort Gordon,Georgia,"About the Position: This position is a DOD Cyber Excepted Service (CES) personnel system position in the Excepted Service under 10 USC 1599f. Employees occupying CES positions are in the Excepted Service and must adhere to U.S. Code, Title 10, as well as Department of Defense Instruction 1400.25. This position is located at the U.S. Army Cyber Protection Brigade in Fort Gordan, GA.",2026-07-27,2026-08-05,GG,115475.0,157818.0,Full-Time,False
878649600,database administrator,Medical Records Administrator Specialist (Technical Career Field Trainee),Veterans Health Administration,Department of Veterans Affairs,Kansas City,Missouri,"The Technical Career Field (TCF) is a national workforce development program within VHA that was designed to replenish technical staff in critically identified positions. Appointment will only be made at the GS-9 grade level. Position is located in the Health Information Management Section (HIMS) office with 1 vacancy in Kansas City, MO",2026-07-30,2026-08-13,GS,41400.0,98671.0,Full-Time,False
878651300,database administrator,Medical Records Administrator Specialist (Technical Career Field Trainee),Veterans Health Administration,Department of Veterans Affairs,Kansas City,Missouri,"The Technical Career Field (TCF) is a national workforce development program within VHA that was designed to replenish technical staff in critically identified positions Appointment will only be made at the GS-9 grade level.. Position is located in the Health Information Management Section (HIMS) office with 1 vacancy in Kansas City, MO",2026-07-30,2026-08-13,GS,41400.0,98671.0,Full-Time,False
878207800,data specialist,Supervisory Information Technology Cybersecurity Specialist (Policy Planning),U.S. Army Communications Electronics Command,Department of the Army,Tobyhanna,Pennsylvania,"About the Position: As a Supervisory IT Cybersecurity Specialist, you will lead strategic policy and planning for our cybersecurity programs. You will be responsible for designing robust IT frameworks, ensuring compliance with standards, and developing metrics to monitor technology goals. You will guide your team in securing the infrastructure that is critical to our nation's defense mission.",2026-07-28,2026-08-03,GS,125062.0,163062.0,Full-Time,False
877757300,data specialist,Supervisory Information Technology Cybersecurity Specialist (INFOSEC) GS-2210-13,U.S. Coast Guard,Department of Homeland Security,Elizabeth City,North Carolina,"This vacancy is for a GS-2210-13, Supervisory Information Technology Cybersecurity Specialist (INFOSEC) GS-2210-13 located in the Department of Homeland Security, U.S. Coast Guard, ALC INFORMATION SYSTEMS DIV -ISD CONFIG/PROJ MGMT BRANCH in ELIZABETH CITY, North Carolina.",2026-07-23,2026-08-03,GS,108019.0,140426.0,Full-Time,False
878333200,data specialist,Visual Information Specialist (Map & Information Design)- Office Management & Infrastructure (GG11 -,Defense Intelligence Agency,Department of Defense,Washington,District of Columbia,We are committed to: Teamwork: Partnering at all levels and across organizational boundaries for mission accomplishment. Integrity: Adherence to the highest legal and ethical principles in our responsibilities. Excellence: Unrivaled defense intelligence expertise. Service: Putting the welfare of the Nation and commitment to our mission before oneself.,2026-07-28,2026-08-28,GG,63795.0,118204.0,Full-Time,False
877145900,machine learning engineer,Applied Research Mathematician / Generative AI - Experienced to Expert Level (Maryland),National Security Agency/Central Security Service,Department of Defense,Fort Meade,Maryland,"Are you a cyber professional with the drive and expertise to be on the forefront of the cyber fight; tackling NSA's complex mission to defend against cyber threats of today and tomorrow? NSA, the nation's leading cyber agency, has exciting and challenging positions in Cyber Security Engineering and Cyber and TEMPEST vulnerability analysis/mitigation. Are you ready to help secure our Nation's critical Infrastructure? If so, NSA is the place for you!",2026-07-20,2026-08-02,GG,132751.0,197200.0,Full-Time,False
878799500,business intelligence analyst,INTELLIGENCE OFFICER (T32),Army National Guard Units,Department of the Army,Washington,District of Columbia,"District of Columbia Army National Guard Washington, DC INTELLIGENCE OFFICER GS-0132-13 Group 2: Current military members (Traditional/AGR/DS) within DCARNG.. **THIS IS NOT A CIVILIAN POSITION. MILITARY MEMBERSHIP IS REQUIRED**",2026-07-31,2026-08-13,GS,121785.0,158322.0,Full-Time,False
877079200,business intelligence analyst,Border Patrol Agent (Intelligence),Customs and Border Protection,Department of Homeland Security,Santee,California,"Organizational Location: This position is with the Department of Homeland Security, within U.S. Customs and Border Protection, U.S. Border Patrol, San Diego Sector, Targeting & Intelligence Division, Intelligence Unit, located in Santee, CA. Additional selections may be made beyond the total number of vacancies specified using this vacancy announcement. Further selections may also be made for additional organizational divisions and/or units within the duty location(s) listed above.",2026-07-22,2026-08-04,GS,105075.0,136601.0,Full-Time,False
877346100,business intelligence analyst,BORDER PATROL AGENT (INTELLIGENCE),Customs and Border Protection,Department of Homeland Security,Metaline,Washington,"Organizational Location: This position is with the Department of Homeland Security, within U.S. Customs and Border Protection, U.S. Border Patrol, Spokane Sector Headquarters, Targeting and Intelligence Division, located in Metaline, WA. Additional selections may be made beyond the total number of vacancies specified using this vacancy announcement. Further selections may also be made for additional organizational divisions and/or units within the duty location(s) listed above.",2026-07-27,2026-08-07,GS,92467.0,120209.0,Full-Time,False
878043900,business intelligence analyst,Enterprise Intelligence Liaison,Department of Energy - Agency Wide,Department of Energy,Washington,District of Columbia,"This position is part of the Office of Intelligence and Counterintelligence, Department of Energy. As a Enterprise Intelligence Liaison, you will be responsible for identifying collaboration opportunities between National Labs and the Intelligence Community. By partnering with high-level personnel on both sides, you will align Sponsor requirements with Lab capabilities to foster improved communication.",2026-07-27,2026-08-07,GS,143913.0,187093.0,Full-Time,False
878143100,business intelligence analyst,Border Patrol Agent (Intelligence),Customs and Border Protection,Department of Homeland Security,Blaine,Washington,"Organizational Location: This position is with the Department of Homeland Security, within U.S. Customs and Border Protection, U.S. Border Patrol, Blaine Sector, Sector Intelligence Unit. Additional selections may be made beyond the total number of vacancies specified using this vacancy announcement. Further selections may also be made for additional organizational divisions and/or units within the duty location(s) listed above.",2026-07-28,2026-08-10,GS,103386.0,134404.0,Full-Time,False
878660500,business intelligence analyst,CHANCELLOR NATIONAL INTELLIGENCE COLLEGE,National Defense University,Department of Defense,Bethesda,Maryland,National Defense University (NDU) supports the joint warfighter by providing rigorous Joint Professional Military Education to members of the U.S. Armed Forces and select others in order to develop leaders who have the ability to operate and creatively think in an unpredictable and complex world. This is a Title 10 Excepted Service Appointment. Appointment is not to exceed 2 years with the possibility for extension.,2026-07-31,2026-08-21,AD,168865.0,204425.0,Full-Time,False
877551000,business intelligence analyst,SUPERVISORY BORDER PATROL AGENT (INTELLIGENCE),Customs and Border Protection,Department of Homeland Security,Spokane,Washington,"Organizational Location: This position is with the Department of Homeland Security, within U.S. Customs and Border Protection, U.S. Border Patrol, Spokane Sector Headquarters, Targeting and Intelligence Division, located in Spokane, WA. Additional selections may be made beyond the total number of vacancies specified using this vacancy announcement. Further selections may also be made for additional organizational divisions and/or units within the duty location(s) listed above.",2026-07-27,2026-08-07,GS,109956.0,142944.0,Full-Time,False
875434400,machine learning engineer,Librarian (Computer Science and Artificial Intelligence),Library of Congress,Legislative Branch,Washington,District of Columbia,"The Library of Congress shares its vast collections of books, manuscripts, photographs, maps, audiovisual materials, and priceless artifacts to cultivate curiosity and spark imagination. We engage, inspire, and inform Congress and the American people with a universal and enduring source of knowledge and creativity. We seek highly talented professionals to join a vibrant and collaborative community. Your work here will have lasting impact on the Library and its users well into the future.",2026-07-06,2026-08-06,GS,70623.0,91815.0,Full-Time,False
850081500,data architect,ARCHITECT,Air Force Civilian Career Training,Department of the Air Force,Seymour Johnson AFB,North Carolina,"Click on ""Learn more about this agency"" button below to view Eligibilities being considered and other IMPORTANT information. The primary purpose of this position is: This is a formal Air Force intern position, established under the PALACE Acquire (PAQ) program which is under the Pathways Recent Graduate Program. This position is centrally managed and funded by the Air Force Personnel Center, Civilian Career Management Directorate and administered by the Civil Engineer Career Team.",2025-11-14,2026-09-30,GS,55486.0,83525.0,Full-Time,False
876424500,data architect,Architect,United States Army Installation Management Command,Department of the Army,Joint Base Lewis-McChord,Washington,"About the Position: This position is with the Department of Public Works at Joint Base Lewis McChord, WA.",2026-07-17,2026-08-17,GS,100602.0,130786.0,Full-Time,False
868338800,data architect,NAVAL ARCHITECT,Naval Sea Systems Command,Department of the Navy,Groton,Connecticut,"This is a public notice flyer to notify interested applicants of anticipated vacancies. Applications will not be accepted through this flyer. Interested applicants must follow the directions in the ""How to Apply"" section of this flyer to be considered. There may or may not be actual vacancies filled from this flyer. Notice of Result letters will not be sent to applicants who respond to this flyer.",2026-05-08,2026-11-06,GS,100992.0,131293.0,Full-Time,False
878561700,data architect,Architect (Historic),United States Army Installation Management Command,Department of the Army,Fort Leavenworth,Kansas,"This is a Direct Hire Authority (DHA) solicitation utilizing the DHA for Certain Personnel of the DoD Workforce to recruit and appoint qualified candidates to positions in the competitive service. About the Position: Serve as an Architect (Historic) and engages in planning and/ or designing substantial new construction, renovation and improvement projects for a variety of real property facilities. This is a developmental position and may be filled at either the GS 11 or GS 12 grade level.",2026-07-30,2026-08-07,GS,75897.0,118261.0,Full-Time,False
856787000,data architect,Solutions Architect,Social Security Administration,Other Agencies and Independent Organizations,Woodlawn,Maryland,"IT Specialist (APPSW) Solutions Architect positions are being filled through the Office of Personnel Management's delegated Direct Hire Authority, open to all U.S. citizens. Selections made under this bulletin will be processed as new appointments to the civil service. Current civil service employees would, therefore, be given new appointments to the civil service. Under the provisions of the Direct Hire Authority, Veterans Preference and the ""Rule of Many"" do not apply.",2026-02-06,2026-09-30,GS,143913.0,197200.0,Full-Time,False
878298300,data architect,Historian (Architectural),Bureau of Reclamation,Department of the Interior,Sacramento,California,"Reclamation is seeking a career professional looking for an opportunity to capitalize on their expertise as a Historian (Architectural). Make a difference in the West by assisting in meeting increasing water demands while protecting the environment. Duty Location: Sacramento, California",2026-07-29,2026-08-11,GS,82780.0,107620.0,Full-Time,False
873069700,data architect,Architect/Project Manager,U.S. Courts,Judicial Branch,Indianapolis,Indiana,"The United States District Court, Southern District of Indiana is accepting applications for an Architect/Project Manager. The Architect/Project Manager reports to the Clerk of Court and collaborates closely with the court's Special Projects Manager. This position offers substantial telework flexibility. The candidate should be available for on-site duties and periodic meetings in Indianapolis and Evansville, Indiana. Regular presence in Evansville will be required during key project milestones.",2026-06-15,2026-08-03,CL,85934.0,139669.0,Full-Time,False
878664700,data architect,Solution Platform Architect,Centers for Medicare & Medicaid Services,Department of Health and Human Services,Woodlawn,Maryland,"This position is located in the Department of Health & Human Services (HHS), Centers for Medicare & Medicaid Services (CMS), Office of Information Technology (OIT), Infrastructure and User Services Group (IUSG). As a Solution Platform Architect, GS-2210-15, you will serve as the senior technical authority and strategic architect within the organization.",2026-07-31,2026-08-06,GS,169279.0,197200.0,Full-Time,False
878739100,data architect,Technology Solutions Architect #5374,Senate,Legislative Branch,Washington,District of Columbia,The Senate Sergeant at Arms is seeking a Technology Solutions Architect #5374. The complete vacancy announcement and application can be found on the United States Senate Career Page at https://sen.gov/1VNZQ. This vacancy announcement closes at 111:59pm EST on the closing date. Late applications will not be accepted.,2026-07-30,2026-08-27,AD,143516.0,195704.0,Full-Time,False
878804000,data architect,Architect (Construction Project Manager),"Commander, Navy Installations Command",Department of the Navy,Millington,Tennessee,"This position is assigned to the Facilities Section; Facilities and Construction Branch; Fleet & Family Readiness (FFR) Support Services; FFR; Commander, Navy Installations Command (CNIC); Millington, TN. Incumbent serves as a Construction Project Manager supporting Navy FFR. This mission is to administer the Navy-wide program for the planning, project nomination, programming,design, construction, repair, renovation, alteration, conversion, and maintenance project for FFR facilities.",2026-07-31,2026-09-30,NF,75000.0,100000.0,Full-Time,False
875802100,data architect,Architect/Project Manager - Federal Judiciary Projects,U.S. Courts,Judicial Branch,Saint Louis,Missouri,"The Office of the Circuit Executive for the United States Courts for the Eighth Circuit is accepting applications for the position of Assistant Circuit Executive (ACE) for Space and Facilities. This position is within the Office of the Circuit Executive which is located in the Thomas F. Eagleton Courthouse in St. Louis, Missouri.",2026-06-18,2026-09-18,CL,103156.0,167684.0,Full-Time,False
876461100,data warehouse engineer,SALES ASSOCIATE NF1 (RPT) MCX RETAIL WAREHOUSE,U.S. Marine Corps,Department of the Navy,Kaneohe,Hawaii,"Marine Corps Community Services (MCCS) is looking for the best and brightest to join our Team! MCCS is a comprehensive program that supports and enhances the quality of life for Marines, their families, and others in the Marine Corps Community. We offer a team oriented environment comprised of military personnel, civilian employees, contractors and volunteers who keep the organization functioning smoothly and effectively.",2026-07-14,2026-08-11,NF,33280.0,33280.0,Part-Time,False
878701400,data warehouse engineer,Materials Handler Supervisor (Warehouse Worker Foreman),Bureau of Prisons/Federal Prison System,Department of Justice,Pine Knot,Kentucky,Corrections professionals who foster a humane and secure environment and ensure public safety by preparing individuals for successful reentry into our communities.,2026-07-30,2026-08-06,WS,60153.600000000006,70158.4,Full-Time,False
878042700,data warehouse engineer,Materials Handler Supervisor (Warehouse Worker Foreman - UNICOR),Bureau of Prisons/Federal Prison System,Department of Justice,Butner Federal Correctional Complex,North Carolina,Corrections professionals who foster a humane and secure environment and ensure public safety by preparing individuals for successful reentry into our communities.,2026-07-27,2026-08-03,WS,60257.6,70304.0,Full-Time,False
